{"type":"FeatureCollection", "features": [
{"type":"Feature","geometry":{"type":"Polygon","coordinates":[[[36.0867,33.8139],[36.0887,33.8147],[36.0992,33.8155],[36.1044,33.817],[36.1074,33.8193],[36.1109,33.8194],[36.1133,33.8227],[36.1132,33.8259],[36.1172,33.8282],[36.115,33.8318],[36.1128,33.8265],[36.1064,33.8217],[36.0984,33.8196],[36.0977,33.8186],[36.09,33.8166],[36.0871,33.817],[36.0867,33.8139]]]},"properties":{"adm3_name":"Conflict","adm2_name":"Conflict","adm1_name":"Conflict"}},
{"type":"Feature","geometry":{"type":"Polygon","coordinates":[[[36.1686,33.8498],[36.1652,33.8474],[36.1629,33.8491],[36.1603,33.8561],[36.1529,33.8584],[36.1483,33.8559],[36.1503,33.8515],[36.148,33.85],[36.1489,33.8474],[36.1464,33.8445],[36.1523,33.8457],[36.1651,33.847],[36.1657,33.8412],[36.1712,33.8331],[36.1881,33.831],[36.1928,33.8308],[36.1991,33.8339],[36.198,33.8376],[36.1947,33.8415],[36.1905,33.8431],[36.1823,33.8383],[36.1751,33.8405],[36.1691,33.8476],[36.1686,33.8498]]]},"properties":{"adm3_name":"Conflict","adm2_name":"Conflict","adm1_name":"Conflict"}},
{"type":"Feature","geometry":{"type":"Polygon","coordinates":[[[36.135,33.833],[36.1223,33.8363],[36.1147,33.8412],[36.1144,33.8335],[36.125,33.8344],[36.135,33.833]]]},"properties":{"adm3_name":"Conflict","adm2_name":"Conflict","adm1_name":"Conflict"}},
{"type":"Feature","geometry":{"type":"Polygon","coordinates":[[[36.466,34.0433],[36.476,34.0408],[36.4813,34.0385],[36.4887,34.0487],[36.4815,34.041],[36.4753,34.0411],[36.466,34.0433]]]},"properties":{"adm3_name":"Conflict","adm2_name":"Conflict","adm1_name":"Conflict"}},
{"type":"Feature","geometry":{"type":"Polygon","coordinates":[[[35.9379,33.4622],[35.9494,33.4721],[35.9541,33.4796],[35.954,33.491],[35.9565,33.4995],[35.9588,33.5],[35.9446,33.5091],[35.9427,33.5181],[35.9333,33.5122],[35.9326,33.5079],[35.934,33.4985],[35.9384,33.4878],[35.9403,33.4854],[35.9492,33.4834],[35.9491,33.4811],[35.9449,33.4811],[35.941,33.4794],[35.9446,33.4723],[35.9412,33.4706],[35.9381,33.4627],[35.9379,33.4622]]]},"properties":{"adm3_name":"Conflict","adm2_name":"Conflict","adm1_name":"Conflict"}},
{"type":"Feature","geometry":{"type":"Polygon","coordinates":[[[36.4551,34.0438],[36.444,34.0538],[36.4325,34.0527],[36.4274,34.0539],[36.4302,34.0526],[36.444,34.0491],[36.4551,34.0438]]]},"properties":{"adm3_name":"Conflict","adm2_name":"Conflict","adm1_name":"Conflict"}},
{"type":"Feature","geometry":{"type":"Polygon","coordinates":[[[36.3936,33.8452],[36.393,33.8509],[36.3907,33.8546],[36.3857,33.8571],[36.3883,33.8497],[36.3936,33.8452]]]},"properties":{"adm3_name":"Conflict","adm2_name":"Conflict","adm1_name":"Conflict"}},
{"type":"Feature","geometry":{"type":"Polygon","coordinates":[[[35.8781,33.4233],[35.8931,33.4308],[35.9039,33.4376],[35.915,33.4474],[35.9249,33.4541],[35.9315,33.4576],[35.9308,33.4577],[35.9192,33.4533],[35.9128,33.4461],[35.9091,33.4448],[35.9052,33.4453],[35.9033,33.4452],[35.8982,33.4418],[35.8973,33.4375],[35.898,33.4341],[35.8909,33.4318],[35.8826,33.4257],[35.8781,33.4233]]]},"properties":{"adm3_name":"Conflict","adm2_name":"Conflict","adm1_name":"Conflict"}},
{"type":"Feature","geometry":{"type":"Polygon","coordinates":[[[36.4503,34.4819],[36.4475,34.4865],[36.4462,34.4834],[36.4503,34.4819]]]},"properties":{"adm3_name":"Conflict","adm2_name":"Conflict","adm1_name":"Conflict"}},
{"type":"Feature","geometry":{"type":"Polygon","coordinates":[[[35.5423,33.199],[35.5383,33.2246],[35.5374,33.2326],[35.5382,33.2331],[35.5371,33.2327],[35.5373,33.2246],[35.5374,33.2095],[35.5416,33.2006],[35.5423,33.199]]]},"properties":{"adm3_name":"Conflict","adm2_name":"Conflict","adm1_name":"Conflict"}},
{"type":"Feature","geometry":{"type":"Polygon","coordinates":[[[36.3091,33.8876],[36.2912,33.896],[36.278,33.9031],[36.2779,33.903],[36.2681,33.8886],[36.2745,33.8858],[36.2806,33.8859],[36.2838,33.8825],[36.2869,33.8842],[36.2944,33.8843],[36.2988,33.8856],[36.2991,33.8888],[36.3091,33.8876]]]},"properties":{"adm3_name":"Conflict","adm2_name":"Conflict","adm1_name":"Conflict"}},
{"type":"Feature","geometry":{"type":"Polygon","coordinates":[[[35.624,33.2427],[35.6338,33.2445],[35.6462,33.2475],[35.651,33.2481],[35.6643,33.2479],[35.6695,33.249],[35.6841,33.2572],[35.6917,33.2634],[35.6979,33.2692],[35.7054,33.2781],[35.7073,33.2812],[35.7132,33.2874],[35.7203,33.2938],[35.7273,33.3036],[35.7364,33.3125],[35.7481,33.3151],[35.7567,33.3179],[35.7607,33.3248],[35.768,33.3324],[35.7537,33.3274],[35.7461,33.3254],[35.7396,33.326],[35.7348,33.3282],[35.7268,33.3291],[35.7203,33.3275],[35.7152,33.3241],[35.7116,33.3148],[35.7091,33.305],[35.7069,33.3029],[35.6911,33.2957],[35.6868,33.2947],[35.6743,33.2855],[35.6705,33.2839],[35.659,33.2744],[35.6436,33.2799],[35.6376,33.2779],[35.6258,33.2739],[35.6217,33.273],[35.6202,33.27],[35.6226,33.2646],[35.6198,33.2537],[35.6236,33.2527],[35.6235,33.2499],[35.6254,33.2459],[35.624,33.2427]]]},"properties":{"adm3_name":"Conflict","adm2_name":"Conflict","adm1_name":"Conflict"}},
{"type":"Feature","geometry":{"type":"Polygon","coordinates":[[[35.9999,33.5372],[35.9945,33.5414],[35.9923,33.5474],[35.9825,33.5444],[35.9801,33.5427],[35.9743,33.5428],[35.9695,33.5409],[35.9688,33.5382],[35.972,33.5334],[35.9776,33.5339],[35.9892,33.5337],[35.9999,33.5372]]]},"properties":{"adm3_name":"Conflict","adm2_name":"Conflict","adm1_name":"Conflict"}},
{"type":"Feature","geometry":{"type":"Polygon","coordinates":[[[36.3464,33.9779],[36.3559,33.9784],[36.3634,33.983],[36.3566,33.9856],[36.3514,33.9852],[36.3518,33.9809],[36.3472,33.9797],[36.3464,33.9779]]]},"properties":{"adm3_name":"Conflict","adm2_name":"Conflict","adm1_name":"Conflict"}},
{"type":"Feature","geometry":{"type":"Polygon","coordinates":[[[36.316,33.8335],[36.3105,33.8352],[36.3028,33.8365],[36.2966,33.8401],[36.2933,33.841],[36.2896,33.844],[36.2847,33.8452],[36.2814,33.8476],[36.2831,33.8451],[36.2877,33.8438],[36.2979,33.8365],[36.3,33.8336],[36.3087,33.8346],[36.316,33.8335]]]},"properties":{"adm3_name":"Conflict","adm2_name":"Conflict","adm1_name":"Conflict"}},
{"type":"Feature","geometry":{"type":"Polygon","coordinates":[[[36.227,33.846],[36.226,33.8405],[36.2202,33.8344],[36.2161,33.838],[36.2138,33.8341],[36.238,33.8345],[36.2386,33.8418],[36.227,33.846]]]},"properties":{"adm3_name":"Conflict","adm2_name":"Conflict","adm1_name":"Conflict"}},
{"type":"Feature","geometry":{"type":"Polygon","coordinates":[[[35.9648,33.6756],[35.9673,33.6763],[35.9694,33.6838],[35.9722,33.6854],[35.9742,33.6937],[35.9688,33.698],[35.9682,33.7005],[35.9712,33.704],[35.9721,33.7082],[35.97,33.7142],[35.9717,33.7203],[35.9754,33.7252],[35.974,33.7275],[35.977,33.7294],[35.979,33.7273],[35.9879,33.7262],[35.9896,33.7296],[35.9902,33.7338],[35.9921,33.7342],[36.002,33.7473],[36.0047,33.7546],[36.0118,33.763],[36.0096,33.767],[36.0101,33.7614],[35.9985,33.7503],[35.9985,33.7482],[35.9956,33.7455],[35.9881,33.7417],[35.9816,33.7401],[35.9782,33.738],[35.9678,33.7343],[35.9665,33.7357],[35.9656,33.7334],[35.9621,33.7327],[35.9568,33.7295],[35.9504,33.7238],[35.9452,33.7227],[35.9416,33.7229],[35.9355,33.7205],[35.9411,33.7207],[35.9473,33.7173],[35.9491,33.7131],[35.9613,33.7034],[35.9648,33.6993],[35.968,33.6977],[35.9716,33.6941],[35.9684,33.6936],[35.9612,33.6892],[35.9643,33.6815],[35.9648,33.6756]]]},"properties":{"adm3_name":"Conflict","adm2_name":"Conflict","adm1_name":"Conflict"}},
{"type":"Feature","geometry":{"type":"Polygon","coordinates":[[[35.4933,33.9032],[35.4873,33.9016],[35.4817,33.9036],[35.4695,33.9004],[35.4675,33.8954],[35.4734,33.8979],[35.4818,33.8994],[35.4914,33.8978],[35.4933,33.9032]]]},"properties":{"adm3_name":"Ain el-Mreisseh","adm2_name":"Beirut","adm1_name":"Beirut"}},
{"type":"Feature","geometry":{"type":"Polygon","coordinates":[[[35.4914,33.8978],[35.4818,33.8994],[35.4734,33.8979],[35.4675,33.8954],[35.4669,33.8932],[35.4711,33.8913],[35.4734,33.8839],[35.4784,33.8823],[35.4827,33.8836],[35.4832,33.8887],[35.4854,33.8917],[35.491,33.8953],[35.4914,33.8978]]]},"properties":{"adm3_name":"Ras Beyrouth","adm2_name":"Beirut","adm1_name":"Beirut"}},
{"type":"Feature","geometry":{"type":"Polygon","coordinates":[[[35.5003,33.8889],[35.4959,33.8913],[35.496,33.8957],[35.491,33.8953],[35.4854,33.8917],[35.4832,33.8887],[35.4827,33.8836],[35.4784,33.8823],[35.4811,33.8706],[35.4806,33.8674],[35.4944,33.8678],[35.4939,33.8728],[35.5003,33.8867],[35.5003,33.8889]]]},"properties":{"adm3_name":"Moussaytbeh","adm2_name":"Beirut","adm1_name":"Beirut"}},
{"type":"Feature","geometry":{"type":"Polygon","coordinates":[[[35.4933,33.9032],[35.4914,33.8978],[35.491,33.8953],[35.496,33.8957],[35.5021,33.8979],[35.5032,33.9021],[35.5015,33.9005],[35.495,33.9012],[35.4949,33.9026],[35.4933,33.9032]]]},"properties":{"adm3_name":"Minet el-Hosn","adm2_name":"Beirut","adm1_name":"Beirut"}},
{"type":"Feature","geometry":{"type":"Polygon","coordinates":[[[35.5085,33.8865],[35.5003,33.8867],[35.4939,33.8728],[35.4944,33.8678],[35.5024,33.8673],[35.503,33.8631],[35.5105,33.8628],[35.509,33.8657],[35.512,33.8693],[35.5167,33.8709],[35.5197,33.8752],[35.5152,33.8785],[35.5085,33.8865]]]},"properties":{"adm3_name":"Mazraa","adm2_name":"Beirut","adm1_name":"Beirut"}},
{"type":"Feature","geometry":{"type":"Polygon","coordinates":[[[35.5026,33.8954],[35.5003,33.8889],[35.5003,33.8867],[35.5085,33.8865],[35.5073,33.888],[35.507,33.8949],[35.5026,33.8954]]]},"properties":{"adm3_name":"Bachoura","adm2_name":"Beirut","adm1_name":"Beirut"}},
{"type":"Feature","geometry":{"type":"Polygon","coordinates":[[[35.5021,33.8979],[35.496,33.8957],[35.4959,33.8913],[35.5003,33.8889],[35.5026,33.8954],[35.5021,33.8979]]]},"properties":{"adm3_name":"Zoukak el-Blatt","adm2_name":"Beirut","adm1_name":"Beirut"}},
{"type":"Feature","geometry":{"type":"Polygon","coordinates":[[[35.5032,33.9021],[35.5021,33.8979],[35.5026,33.8954],[35.507,33.8949],[35.5077,33.8975],[35.5128,33.8968],[35.5185,33.8963],[35.5202,33.9013],[35.5107,33.8997],[35.5078,33.9026],[35.5032,33.9021]]]},"properties":{"adm3_name":"Marfaa","adm2_name":"Beirut","adm1_name":"Beirut"}},
{"type":"Feature","geometry":{"type":"Polygon","coordinates":[[[35.5128,33.8968],[35.5077,33.8975],[35.507,33.8949],[35.5073,33.888],[35.5102,33.8881],[35.5112,33.8923],[35.5131,33.895],[35.5128,33.8968]]]},"properties":{"adm3_name":"Saifeh","adm2_name":"Beirut","adm1_name":"Beirut"}},
{"type":"Feature","geometry":{"type":"Polygon","coordinates":[[[35.5349,33.8927],[35.5366,33.8954],[35.5275,33.8974],[35.5185,33.895],[35.5131,33.895],[35.5112,33.8923],[35.5178,33.8912],[35.525,33.8912],[35.5349,33.8927]]]},"properties":{"adm3_name":"Remeil","adm2_name":"Beirut","adm1_name":"Beirut"}},
{"type":"Feature","geometry":{"type":"Polygon","coordinates":[[[35.5423,33.9042],[35.5368,33.9088],[35.532,33.9087],[35.5303,33.9066],[35.5264,33.9051],[35.5202,33.9013],[35.5185,33.8963],[35.5128,33.8968],[35.5131,33.895],[35.5185,33.895],[35.5275,33.8974],[35.5366,33.8954],[35.5391,33.9016],[35.5423,33.9042]]]},"properties":{"adm3_name":"Medawar","adm2_name":"Beirut","adm1_name":"Beirut"}},
{"type":"Feature","geometry":{"type":"Polygon","coordinates":[[[35.5349,33.8927],[35.525,33.8912],[35.5178,33.8912],[35.5112,33.8923],[35.5102,33.8881],[35.5073,33.888],[35.5085,33.8865],[35.5152,33.8785],[35.5197,33.8752],[35.5233,33.8772],[35.5301,33.8773],[35.5341,33.8912],[35.5349,33.8927]]]},"properties":{"adm3_name":"Achrafieh","adm2_name":"Beirut","adm1_name":"Beirut"}},
{"type":"Feature","geometry":{"type":"Polygon","coordinates":[[[35.5032,33.9021],[35.5078,33.9026],[35.5123,33.9042],[35.511,33.907],[35.4989,33.9044],[35.4949,33.9026],[35.495,33.9012],[35.5015,33.9005],[35.5032,33.9021]]]},"properties":{"adm3_name":"Beirut Central District","adm2_name":"Beirut","adm1_name":"Beirut"}},
{"type":"Feature","geometry":{"type":"Polygon","coordinates":[[[35.5261,33.8656],[35.524,33.8666],[35.523,33.8708],[35.5197,33.8752],[35.5167,33.8709],[35.512,33.8693],[35.509,33.8657],[35.5105,33.8628],[35.503,33.8631],[35.5024,33.8673],[35.4944,33.8678],[35.4806,33.8674],[35.4822,33.8634],[35.4836,33.8548],[35.4828,33.8495],[35.4832,33.8434],[35.4775,33.8402],[35.4789,33.8351],[35.4934,33.8347],[35.4952,33.8492],[35.5032,33.8481],[35.5024,33.8493],[35.5041,33.8545],[35.5031,33.857],[35.505,33.859],[35.5116,33.8593],[35.512,33.8547],[35.5191,33.8553],[35.5233,33.8543],[35.5257,33.8566],[35.5303,33.8576],[35.5282,33.8589],[35.5278,33.8633],[35.5261,33.8656]]]},"properties":{"adm3_name":"Chiyah","adm2_name":"Baabda","adm1_name":"Mount Lebanon"}},
{"type":"Feature","geometry":{"type":"Polygon","coordinates":[[[35.5301,33.8773],[35.5233,33.8772],[35.5197,33.8752],[35.523,33.8708],[35.524,33.8666],[35.5261,33.8656],[35.5319,33.865],[35.532,33.871],[35.5301,33.874],[35.5301,33.8773]]]},"properties":{"adm3_name":"Furn Ech-Chebbak","adm2_name":"Baabda","adm1_name":"Mount Lebanon"}},
{"type":"Feature","geometry":{"type":"Polygon","coordinates":[[[35.5233,33.8543],[35.5191,33.8553],[35.512,33.8547],[35.5116,33.8593],[35.505,33.859],[35.5031,33.857],[35.5041,33.8545],[35.5024,33.8493],[35.5032,33.8481],[35.5105,33.8461],[35.5152,33.8487],[35.516,33.8453],[35.5173,33.8453],[35.5218,33.85],[35.5233,33.8543]]]},"properties":{"adm3_name":"Haret Hreik","adm2_name":"Baabda","adm1_name":"Mount Lebanon"}},
{"type":"Feature","geometry":{"type":"Polygon","coordinates":[[[35.511,33.8339],[35.5123,33.829],[35.5148,33.8288],[35.519,33.8329],[35.5177,33.8353],[35.511,33.8339]]]},"properties":{"adm3_name":"Laylakeh","adm2_name":"Baabda","adm1_name":"Mount Lebanon"}},
{"type":"Feature","geometry":{"type":"Polygon","coordinates":[[[35.516,33.8453],[35.5152,33.8487],[35.5105,33.8461],[35.5032,33.8481],[35.4952,33.8492],[35.4934,33.8347],[35.5003,33.8322],[35.5025,33.8333],[35.511,33.8339],[35.5177,33.8353],[35.516,33.8453]]]},"properties":{"adm3_name":"Bourj El-Brajneh","adm2_name":"Baabda","adm1_name":"Mount Lebanon"}},
{"type":"Feature","geometry":{"type":"Polygon","coordinates":[[[35.4934,33.8347],[35.4789,33.8351],[35.4816,33.8254],[35.484,33.8265],[35.4937,33.8256],[35.4961,33.8265],[35.5009,33.8232],[35.5091,33.8298],[35.5123,33.829],[35.511,33.8339],[35.5025,33.8333],[35.5003,33.8322],[35.4934,33.8347]]]},"properties":{"adm3_name":"Tahouitat El Ghadir","adm2_name":"Baabda","adm1_name":"Mount Lebanon"}},
{"type":"Feature","geometry":{"type":"Polygon","coordinates":[[[35.5319,33.865],[35.5261,33.8656],[35.5278,33.8633],[35.5282,33.8589],[35.5303,33.8576],[35.5321,33.8563],[35.5296,33.8534],[35.53,33.8499],[35.5339,33.8459],[35.5347,33.8408],[35.5391,33.8374],[35.5376,33.8341],[35.5402,33.831],[35.5397,33.8277],[35.5427,33.8272],[35.549,33.8286],[35.5554,33.8289],[35.5595,33.8313],[35.5644,33.8306],[35.567,33.8316],[35.5676,33.8314],[35.5678,33.834],[35.5584,33.8412],[35.5601,33.8447],[35.5575,33.8476],[35.5576,33.8528],[35.5506,33.857],[35.55,33.8597],[35.5461,33.8613],[35.5403,33.862],[35.536,33.8619],[35.5361,33.8648],[35.5319,33.865]]]},"properties":{"adm3_name":"Baabda","adm2_name":"Baabda","adm1_name":"Mount Lebanon"}},
{"type":"Feature","geometry":{"type":"Polygon","coordinates":[[[35.5303,33.8576],[35.5257,33.8566],[35.5233,33.8543],[35.5218,33.85],[35.5173,33.8453],[35.516,33.8453],[35.5177,33.8353],[35.519,33.8329],[35.5148,33.8288],[35.5153,33.8267],[35.5186,33.8239],[35.5277,33.823],[35.5339,33.8239],[35.5343,33.8239],[35.5366,33.8273],[35.5397,33.8277],[35.5402,33.831],[35.5376,33.8341],[35.5391,33.8374],[35.5347,33.8408],[35.5339,33.8459],[35.53,33.8499],[35.5296,33.8534],[35.5321,33.8563],[35.5303,33.8576]]]},"properties":{"adm3_name":"Hadath Beyrouth","adm2_name":"Baabda","adm1_name":"Mount Lebanon"}},
{"type":"Feature","geometry":{"type":"Polygon","coordinates":[[[35.549,33.8286],[35.5427,33.8272],[35.5397,33.8277],[35.5366,33.8273],[35.5343,33.8239],[35.5429,33.8231],[35.5477,33.8245],[35.549,33.8286]]]},"properties":{"adm3_name":"Boutchay","adm2_name":"Baabda","adm1_name":"Mount Lebanon"}},
{"type":"Feature","geometry":{"type":"Polygon","coordinates":[[[35.5343,33.8239],[35.5339,33.8239],[35.5396,33.8218],[35.544,33.8212],[35.5465,33.8215],[35.5477,33.8245],[35.5429,33.8231],[35.5343,33.8239]]]},"properties":{"adm3_name":"Merdache","adm2_name":"Baabda","adm1_name":"Mount Lebanon"}},
{"type":"Feature","geometry":{"type":"Polygon","coordinates":[[[35.5601,33.8447],[35.5584,33.8412],[35.5678,33.834],[35.5676,33.8314],[35.5696,33.8305],[35.5698,33.8328],[35.573,33.8338],[35.5749,33.8367],[35.5818,33.8392],[35.5777,33.8424],[35.5713,33.8421],[35.5708,33.8449],[35.565,33.8457],[35.5601,33.8447]]]},"properties":{"adm3_name":"Louayzeh Baabda","adm2_name":"Baabda","adm1_name":"Mount Lebanon"}},
{"type":"Feature","geometry":{"type":"Polygon","coordinates":[[[35.5339,33.8239],[35.5277,33.823],[35.5268,33.8207],[35.5211,33.8141],[35.5283,33.8111],[35.5311,33.8067],[35.533,33.8067],[35.5345,33.8108],[35.5388,33.809],[35.5435,33.8051],[35.5422,33.8083],[35.5453,33.81],[35.5452,33.8136],[35.543,33.8191],[35.544,33.8212],[35.5396,33.8218],[35.5339,33.8239]]]},"properties":{"adm3_name":"Kfar Chima","adm2_name":"Baabda","adm1_name":"Mount Lebanon"}},
{"type":"Feature","geometry":{"type":"Polygon","coordinates":[[[35.567,33.8316],[35.5644,33.8306],[35.5595,33.8313],[35.5554,33.8289],[35.549,33.8286],[35.5477,33.8245],[35.5465,33.8215],[35.544,33.8212],[35.543,33.8191],[35.5452,33.8136],[35.55,33.8148],[35.555,33.8149],[35.5565,33.8161],[35.5608,33.8165],[35.5621,33.8209],[35.5634,33.8266],[35.567,33.8316]]]},"properties":{"adm3_name":"Ouadi Chahrour Es-Soufla","adm2_name":"Baabda","adm1_name":"Mount Lebanon"}},
{"type":"Feature","geometry":{"type":"Polygon","coordinates":[[[35.5732,33.8238],[35.5721,33.8222],[35.5662,33.8202],[35.5621,33.8209],[35.5608,33.8165],[35.5565,33.8161],[35.5601,33.8129],[35.565,33.8157],[35.5704,33.8139],[35.5673,33.8187],[35.5758,33.823],[35.5732,33.8238]]]},"properties":{"adm3_name":"Ouadi Chahrour El Aaoulia","adm2_name":"Baabda","adm1_name":"Mount Lebanon"}},
{"type":"Feature","geometry":{"type":"Polygon","coordinates":[[[35.5676,33.8314],[35.567,33.8316],[35.5634,33.8266],[35.5621,33.8209],[35.5662,33.8202],[35.5721,33.8222],[35.5732,33.8238],[35.573,33.8291],[35.5696,33.8305],[35.5676,33.8314]]]},"properties":{"adm3_name":"Haret Es-Sit","adm2_name":"Baabda","adm1_name":"Mount Lebanon"}},
{"type":"Feature","geometry":{"type":"Polygon","coordinates":[[[35.5435,33.8051],[35.5388,33.809],[35.5345,33.8108],[35.533,33.8067],[35.5345,33.8026],[35.5372,33.7997],[35.5448,33.7994],[35.5454,33.8038],[35.5435,33.8051]]]},"properties":{"adm3_name":"Bsaba Baabda","adm2_name":"Baabda","adm1_name":"Mount Lebanon"}},
{"type":"Feature","geometry":{"type":"Polygon","coordinates":[[[35.6506,33.8224],[35.6479,33.8248],[35.6451,33.8228],[35.6375,33.8227],[35.6342,33.8235],[35.6328,33.8233],[35.6312,33.8215],[35.6399,33.8177],[35.6394,33.8128],[35.6365,33.8123],[35.6379,33.8076],[35.6456,33.8087],[35.651,33.8106],[35.6541,33.8135],[35.6546,33.8194],[35.6506,33.8224]]]},"properties":{"adm3_name":"Baalchmay","adm2_name":"Baabda","adm1_name":"Mount Lebanon"}},
{"type":"Feature","geometry":{"type":"Polygon","coordinates":[[[35.6506,33.8224],[35.6546,33.8194],[35.6568,33.8212],[35.6554,33.8232],[35.6506,33.8224]]]},"properties":{"adm3_name":"Aain Mouaffaq","adm2_name":"Baabda","adm1_name":"Mount Lebanon"}},
{"type":"Feature","geometry":{"type":"Polygon","coordinates":[[[35.6541,33.8339],[35.6507,33.8344],[35.6445,33.8304],[35.638,33.825],[35.6342,33.8235],[35.6375,33.8227],[35.6451,33.8228],[35.6479,33.8248],[35.6506,33.8224],[35.6554,33.8232],[35.6568,33.8212],[35.6587,33.8271],[35.6624,33.8301],[35.6613,33.8301],[35.657,33.8271],[35.6529,33.8259],[35.6497,33.8322],[35.6541,33.8339]]]},"properties":{"adm3_name":"Rouayssrt El-Ballout","adm2_name":"Baabda","adm1_name":"Mount Lebanon"}},
{"type":"Feature","geometry":{"type":"Polygon","coordinates":[[[35.6613,33.8301],[35.6567,33.8338],[35.6541,33.8339],[35.6497,33.8322],[35.6529,33.8259],[35.657,33.8271],[35.6613,33.8301]]]},"properties":{"adm3_name":"Mzairaa Baabda","adm2_name":"Baabda","adm1_name":"Mount Lebanon"}},
{"type":"Feature","geometry":{"type":"Polygon","coordinates":[[[35.6424,33.837],[35.6371,33.8363],[35.6323,33.8327],[35.6342,33.8307],[35.6322,33.8265],[35.6328,33.8233],[35.6342,33.8235],[35.638,33.825],[35.6445,33.8304],[35.6507,33.8344],[35.6449,33.8353],[35.6424,33.837]]]},"properties":{"adm3_name":"Hlaliyeh Baabda","adm2_name":"Baabda","adm1_name":"Mount Lebanon"}},
{"type":"Feature","geometry":{"type":"Polygon","coordinates":[[[35.6624,33.8301],[35.6587,33.8271],[35.6568,33.8212],[35.6546,33.8194],[35.6541,33.8135],[35.6602,33.8132],[35.6611,33.8114],[35.664,33.8156],[35.6701,33.8154],[35.6702,33.8172],[35.6688,33.8239],[35.6712,33.8267],[35.6704,33.8279],[35.6687,33.8285],[35.6624,33.8301]]]},"properties":{"adm3_name":"Haret Hamzeh","adm2_name":"Baabda","adm1_name":"Mount Lebanon"}},
{"type":"Feature","geometry":{"type":"Polygon","coordinates":[[[35.6712,33.8267],[35.6688,33.8239],[35.6702,33.8172],[35.6721,33.8196],[35.6792,33.8205],[35.6784,33.8166],[35.6802,33.8151],[35.6833,33.8163],[35.6861,33.8193],[35.6935,33.8228],[35.6854,33.8257],[35.6808,33.8251],[35.6732,33.8273],[35.6712,33.8267]]]},"properties":{"adm3_name":"Qtaleh Baabda","adm2_name":"Baabda","adm1_name":"Mount Lebanon"}},
{"type":"Feature","geometry":{"type":"Polygon","coordinates":[[[35.6802,33.8151],[35.6784,33.8166],[35.6792,33.8205],[35.6721,33.8196],[35.6702,33.8172],[35.6701,33.8154],[35.664,33.8156],[35.6611,33.8114],[35.6632,33.8087],[35.6677,33.8064],[35.6706,33.8062],[35.6775,33.811],[35.6771,33.8134],[35.6802,33.8151]]]},"properties":{"adm3_name":"Ras El-Href","adm2_name":"Baabda","adm1_name":"Mount Lebanon"}},
{"type":"Feature","geometry":{"type":"Polygon","coordinates":[[[35.6567,33.8338],[35.6613,33.8301],[35.6624,33.8301],[35.6687,33.8285],[35.6718,33.8297],[35.6644,33.8351],[35.6567,33.8338]]]},"properties":{"adm3_name":"Deir Khouna","adm2_name":"Baabda","adm1_name":"Mount Lebanon"}},
{"type":"Feature","geometry":{"type":"Polygon","coordinates":[[[35.6022,33.8413],[35.6023,33.8393],[35.6056,33.8361],[35.6142,33.8301],[35.6142,33.8286],[35.6081,33.8199],[35.6164,33.8178],[35.6213,33.8133],[35.6239,33.8141],[35.6278,33.8129],[35.6302,33.8138],[35.6365,33.8123],[35.6394,33.8128],[35.6399,33.8177],[35.6312,33.8215],[35.6328,33.8233],[35.6322,33.8265],[35.6342,33.8307],[35.6323,33.8327],[35.6371,33.8363],[35.6424,33.837],[35.6416,33.8396],[35.635,33.843],[35.6323,33.8469],[35.6247,33.8488],[35.6206,33.8476],[35.613,33.8483],[35.6022,33.8413]]]},"properties":{"adm3_name":"Aabadiyeh","adm2_name":"Baabda","adm1_name":"Mount Lebanon"}},
{"type":"Feature","geometry":{"type":"Polygon","coordinates":[[[35.6775,33.811],[35.6706,33.8062],[35.6733,33.8028],[35.6749,33.8057],[35.6859,33.8045],[35.6866,33.8067],[35.6851,33.8116],[35.6823,33.8127],[35.6775,33.811]]]},"properties":{"adm3_name":"Qrayet Baabda","adm2_name":"Baabda","adm1_name":"Mount Lebanon"}},
{"type":"Feature","geometry":{"type":"Polygon","coordinates":[[[35.6843,33.8334],[35.6839,33.8307],[35.6804,33.8284],[35.678,33.8293],[35.6704,33.8279],[35.6712,33.8267],[35.6732,33.8273],[35.6808,33.8251],[35.6854,33.8257],[35.6889,33.8273],[35.6911,33.8311],[35.6905,33.8345],[35.6843,33.8334]]]},"properties":{"adm3_name":"Chmeisset Baabda","adm2_name":"Baabda","adm1_name":"Mount Lebanon"}},
{"type":"Feature","geometry":{"type":"Polygon","coordinates":[[[35.642,33.86],[35.6374,33.8618],[35.6365,33.8637],[35.6342,33.8615],[35.6344,33.8588],[35.6304,33.8579],[35.625,33.8534],[35.6208,33.8517],[35.6149,33.8514],[35.6136,33.8542],[35.613,33.8483],[35.6206,33.8476],[35.6247,33.8488],[35.6323,33.8469],[35.635,33.843],[35.6416,33.8396],[35.6424,33.837],[35.6449,33.8353],[35.6507,33.8344],[35.6541,33.8339],[35.6567,33.8338],[35.6644,33.8351],[35.6718,33.8297],[35.6687,33.8285],[35.6704,33.8279],[35.678,33.8293],[35.6804,33.8284],[35.6839,33.8307],[35.6843,33.8334],[35.6837,33.8365],[35.6879,33.8383],[35.6906,33.8409],[35.6863,33.8449],[35.6802,33.8464],[35.678,33.8483],[35.6777,33.8543],[35.675,33.8576],[35.6737,33.8588],[35.6704,33.8577],[35.6673,33.8537],[35.6634,33.8573],[35.6605,33.8565],[35.6576,33.8548],[35.6538,33.8571],[35.6499,33.8542],[35.6476,33.8571],[35.642,33.86]]]},"properties":{"adm3_name":"Ras El Matn","adm2_name":"Baabda","adm1_name":"Mount Lebanon"}},
{"type":"Feature","geometry":{"type":"Polygon","coordinates":[[[35.5964,33.839],[35.5975,33.8348],[35.6013,33.8318],[35.6024,33.8267],[35.5997,33.8229],[35.6056,33.82],[35.6081,33.8199],[35.6142,33.8286],[35.6142,33.8301],[35.6056,33.8361],[35.6023,33.8393],[35.6022,33.8413],[35.5964,33.839]]]},"properties":{"adm3_name":"Chouit","adm2_name":"Baabda","adm1_name":"Mount Lebanon"}},
{"type":"Feature","geometry":{"type":"Polygon","coordinates":[[[35.6935,33.8228],[35.6861,33.8193],[35.6833,33.8163],[35.6802,33.8151],[35.6771,33.8134],[35.6775,33.811],[35.6823,33.8127],[35.6851,33.8116],[35.6866,33.8067],[35.6859,33.8045],[35.6884,33.8066],[35.6934,33.8048],[35.6974,33.8046],[35.7111,33.808],[35.7088,33.8128],[35.7061,33.8125],[35.7037,33.8165],[35.7001,33.8177],[35.6935,33.8228]]]},"properties":{"adm3_name":"Qobbayaa","adm2_name":"Baabda","adm1_name":"Mount Lebanon"}},
{"type":"Feature","geometry":{"type":"Polygon","coordinates":[[[35.6234,33.8667],[35.6169,33.862],[35.6136,33.8542],[35.6149,33.8514],[35.6208,33.8517],[35.625,33.8534],[35.6304,33.8579],[35.6344,33.8588],[35.6342,33.8615],[35.6365,33.8637],[35.6321,33.8653],[35.6284,33.8689],[35.6234,33.8667]]]},"properties":{"adm3_name":"Qordata","adm2_name":"Baabda","adm1_name":"Mount Lebanon"}},
{"type":"Feature","geometry":{"type":"Polygon","coordinates":[[[35.6505,33.8742],[35.6487,33.8745],[35.6406,33.8725],[35.6407,33.8698],[35.6434,33.8669],[35.6439,33.8625],[35.642,33.86],[35.6476,33.8571],[35.6499,33.8542],[35.6538,33.8571],[35.6576,33.8548],[35.6605,33.8565],[35.6571,33.8607],[35.659,33.8666],[35.6586,33.8704],[35.6556,33.8745],[35.6505,33.8742]]]},"properties":{"adm3_name":"Qsaibeh Baabda","adm2_name":"Baabda","adm1_name":"Mount Lebanon"}},
{"type":"Feature","geometry":{"type":"Polygon","coordinates":[[[35.675,33.8576],[35.6777,33.8543],[35.678,33.8483],[35.6802,33.8464],[35.6863,33.8449],[35.6906,33.8409],[35.6992,33.8431],[35.7005,33.8443],[35.7015,33.8467],[35.7061,33.8487],[35.6997,33.8511],[35.697,33.8501],[35.6939,33.8538],[35.6856,33.8512],[35.6848,33.8554],[35.6805,33.857],[35.675,33.8576]]]},"properties":{"adm3_name":"Deir El-harf","adm2_name":"Baabda","adm1_name":"Mount Lebanon"}},
{"type":"Feature","geometry":{"type":"Polygon","coordinates":[[[35.5818,33.8392],[35.5749,33.8367],[35.573,33.8338],[35.5698,33.8328],[35.5696,33.8305],[35.573,33.8291],[35.5866,33.8277],[35.5891,33.8246],[35.5949,33.8229],[35.5997,33.8229],[35.6024,33.8267],[35.6013,33.8318],[35.5975,33.8348],[35.5964,33.839],[35.5927,33.8406],[35.5825,33.8392],[35.5818,33.8392]]]},"properties":{"adm3_name":"Aaraiya","adm2_name":"Baabda","adm1_name":"Mount Lebanon"}},
{"type":"Feature","geometry":{"type":"Polygon","coordinates":[[[35.6307,33.8702],[35.6284,33.8689],[35.6321,33.8653],[35.6365,33.8637],[35.6374,33.8618],[35.642,33.86],[35.6439,33.8625],[35.6434,33.8669],[35.6407,33.8698],[35.6406,33.8725],[35.6365,33.8729],[35.6307,33.8702]]]},"properties":{"adm3_name":"Zandouqa","adm2_name":"Baabda","adm1_name":"Mount Lebanon"}},
{"type":"Feature","geometry":{"type":"Polygon","coordinates":[[[35.6616,33.8757],[35.6556,33.8745],[35.6586,33.8704],[35.659,33.8666],[35.6571,33.8607],[35.6605,33.8565],[35.6634,33.8573],[35.6673,33.8537],[35.6704,33.8577],[35.6737,33.8588],[35.6747,33.8634],[35.678,33.8657],[35.673,33.8684],[35.665,33.8707],[35.6616,33.8757]]]},"properties":{"adm3_name":"Kneisset Baabda","adm2_name":"Baabda","adm1_name":"Mount Lebanon"}},
{"type":"Feature","geometry":{"type":"Polygon","coordinates":[[[35.6849,33.876],[35.6851,33.8819],[35.6722,33.8801],[35.6657,33.8782],[35.6616,33.8757],[35.665,33.8707],[35.673,33.8684],[35.678,33.8657],[35.683,33.8653],[35.6788,33.8704],[35.6784,33.8743],[35.6849,33.876]]]},"properties":{"adm3_name":"Aarbaniyeh","adm2_name":"Baabda","adm1_name":"Mount Lebanon"}},
{"type":"Feature","geometry":{"type":"Polygon","coordinates":[[[35.6851,33.8819],[35.6849,33.876],[35.6887,33.8748],[35.6922,33.8773],[35.6987,33.8791],[35.6995,33.8811],[35.6976,33.8819],[35.6882,33.8812],[35.6851,33.8819]]]},"properties":{"adm3_name":"Dlaybeh","adm2_name":"Baabda","adm1_name":"Mount Lebanon"}},
{"type":"Feature","geometry":{"type":"Polygon","coordinates":[[[35.6995,33.8811],[35.6987,33.8791],[35.6922,33.8773],[35.6887,33.8748],[35.6849,33.876],[35.6784,33.8743],[35.6788,33.8704],[35.683,33.8653],[35.6858,33.8663],[35.694,33.8642],[35.701,33.8645],[35.7046,33.863],[35.7084,33.8685],[35.7157,33.8722],[35.7162,33.8777],[35.7139,33.8824],[35.7023,33.8824],[35.6995,33.8811]]]},"properties":{"adm3_name":"Salima Baabda","adm2_name":"Baabda","adm1_name":"Mount Lebanon"}},
{"type":"Feature","geometry":{"type":"Polygon","coordinates":[[[35.7139,33.8824],[35.7162,33.8777],[35.7157,33.8722],[35.7178,33.869],[35.7225,33.8688],[35.7252,33.8701],[35.7282,33.8748],[35.7265,33.8791],[35.7234,33.8799],[35.7223,33.8824],[35.718,33.8825],[35.7139,33.8824]]]},"properties":{"adm3_name":"Hasbaiya El-Matn","adm2_name":"Baabda","adm1_name":"Mount Lebanon"}},
{"type":"Feature","geometry":{"type":"Polygon","coordinates":[[[35.7283,33.8309],[35.7251,33.8266],[35.7214,33.8269],[35.7223,33.8235],[35.7207,33.8218],[35.7231,33.8177],[35.7264,33.816],[35.7312,33.8116],[35.7318,33.8094],[35.7289,33.8038],[35.7185,33.8016],[35.7189,33.8],[35.7262,33.7991],[35.7231,33.7955],[35.7235,33.7952],[35.7345,33.7954],[35.7495,33.8013],[35.7563,33.8077],[35.7612,33.8101],[35.7664,33.8092],[35.7673,33.81],[35.7642,33.8137],[35.7508,33.8142],[35.7486,33.8192],[35.7469,33.8263],[35.7419,33.8291],[35.735,33.83],[35.7317,33.8318],[35.7283,33.8309]]]},"properties":{"adm3_name":"Hammana","adm2_name":"Baabda","adm1_name":"Mount Lebanon"}},
{"type":"Feature","geometry":{"type":"Polygon","coordinates":[[[35.7265,33.8454],[35.7221,33.836],[35.7224,33.8324],[35.7283,33.8309],[35.7317,33.8318],[35.7318,33.8352],[35.734,33.8387],[35.7337,33.8403],[35.73,33.8435],[35.73,33.8464],[35.7265,33.8454]]]},"properties":{"adm3_name":"Qalaat Baabda","adm2_name":"Baabda","adm1_name":"Mount Lebanon"}},
{"type":"Feature","geometry":{"type":"Polygon","coordinates":[[[35.7337,33.8403],[35.734,33.8387],[35.7384,33.8396],[35.735,33.8412],[35.7337,33.8403]]]},"properties":{"adm3_name":"Khalouat Baabda","adm2_name":"Baabda","adm1_name":"Mount Lebanon"}},
{"type":"Feature","geometry":{"type":"Polygon","coordinates":[[[35.6889,33.8273],[35.6854,33.8257],[35.6935,33.8228],[35.7001,33.8177],[35.7037,33.8165],[35.7061,33.8125],[35.7088,33.8128],[35.7111,33.808],[35.7169,33.8048],[35.7172,33.802],[35.7185,33.8016],[35.7289,33.8038],[35.7318,33.8094],[35.7312,33.8116],[35.7264,33.816],[35.7231,33.8177],[35.7195,33.8191],[35.7175,33.8224],[35.7091,33.8261],[35.7055,33.8268],[35.6998,33.825],[35.6939,33.8257],[35.6889,33.8273]]]},"properties":{"adm3_name":"Chbaniyeh","adm2_name":"Baabda","adm1_name":"Mount Lebanon"}},
{"type":"Feature","geometry":{"type":"Polygon","coordinates":[[[35.7055,33.8268],[35.7091,33.8261],[35.7175,33.8224],[35.7195,33.8191],[35.7231,33.8177],[35.7207,33.8218],[35.7223,33.8235],[35.7214,33.8269],[35.7185,33.8284],[35.713,33.8292],[35.7072,33.8287],[35.7055,33.8268]]]},"properties":{"adm3_name":"Khreibet Baabda","adm2_name":"Baabda","adm1_name":"Mount Lebanon"}},
{"type":"Feature","geometry":{"type":"Polygon","coordinates":[[[35.7081,33.8324],[35.6918,33.8293],[35.6911,33.8311],[35.6889,33.8273],[35.6939,33.8257],[35.6998,33.825],[35.7055,33.8268],[35.7072,33.8287],[35.713,33.8292],[35.7185,33.8284],[35.7214,33.8269],[35.7251,33.8266],[35.7283,33.8309],[35.7224,33.8324],[35.7145,33.8335],[35.7081,33.8324]]]},"properties":{"adm3_name":"Bmaryam","adm2_name":"Baabda","adm1_name":"Mount Lebanon"}},
{"type":"Feature","geometry":{"type":"Polygon","coordinates":[[[35.7061,33.8487],[35.7015,33.8467],[35.7005,33.8443],[35.7044,33.8409],[35.7112,33.8371],[35.7081,33.8324],[35.7145,33.8335],[35.7224,33.8324],[35.7221,33.836],[35.7265,33.8454],[35.7211,33.8457],[35.7157,33.8471],[35.7061,33.8487]]]},"properties":{"adm3_name":"Btekhnay","adm2_name":"Baabda","adm1_name":"Mount Lebanon"}},
{"type":"Feature","geometry":{"type":"Polygon","coordinates":[[[35.73,33.8464],[35.73,33.8435],[35.7337,33.8403],[35.735,33.8412],[35.7384,33.8396],[35.734,33.8387],[35.7318,33.8352],[35.7317,33.8318],[35.735,33.83],[35.7419,33.8291],[35.7469,33.8263],[35.7486,33.8192],[35.7508,33.8142],[35.7642,33.8137],[35.7673,33.81],[35.7759,33.811],[35.7809,33.8126],[35.7837,33.81],[35.7905,33.8088],[35.7901,33.8119],[35.7919,33.823],[35.7963,33.823],[35.7992,33.8248],[35.8026,33.826],[35.8005,33.8299],[35.7974,33.8325],[35.7966,33.8372],[35.7935,33.8365],[35.7898,33.8378],[35.7782,33.836],[35.7722,33.8344],[35.7666,33.8352],[35.7616,33.8377],[35.7589,33.8405],[35.7545,33.8425],[35.7535,33.8447],[35.7435,33.8485],[35.7381,33.8454],[35.73,33.8464]]]},"properties":{"adm3_name":"Falougha","adm2_name":"Baabda","adm1_name":"Mount Lebanon"}},
{"type":"Feature","geometry":{"type":"Polygon","coordinates":[[[35.7005,33.8443],[35.6992,33.8431],[35.6906,33.8409],[35.6879,33.8383],[35.6837,33.8365],[35.6843,33.8334],[35.6905,33.8345],[35.6911,33.8311],[35.6918,33.8293],[35.7081,33.8324],[35.7112,33.8371],[35.7044,33.8409],[35.7005,33.8443]]]},"properties":{"adm3_name":"Btibyat","adm2_name":"Baabda","adm1_name":"Mount Lebanon"}},
{"type":"Feature","geometry":{"type":"Polygon","coordinates":[[[35.7178,33.869],[35.7157,33.8722],[35.7084,33.8685],[35.7046,33.863],[35.7043,33.8607],[35.7085,33.8604],[35.7084,33.857],[35.71,33.8542],[35.715,33.8512],[35.7167,33.8483],[35.7157,33.8471],[35.7211,33.8457],[35.7265,33.8454],[35.73,33.8464],[35.7381,33.8454],[35.7435,33.8485],[35.7535,33.8447],[35.7545,33.8425],[35.7589,33.8405],[35.7602,33.8432],[35.7573,33.846],[35.7529,33.8458],[35.7477,33.8495],[35.7508,33.8584],[35.7528,33.8596],[35.751,33.8649],[35.7458,33.8643],[35.7408,33.8656],[35.7268,33.8639],[35.7219,33.8649],[35.7177,33.8673],[35.7178,33.869]]]},"properties":{"adm3_name":"Qornayel","adm2_name":"Baabda","adm1_name":"Mount Lebanon"}},
{"type":"Feature","geometry":{"type":"Polygon","coordinates":[[[35.756,33.8761],[35.7534,33.8709],[35.751,33.8693],[35.751,33.8649],[35.7528,33.8596],[35.7508,33.8584],[35.7477,33.8495],[35.7529,33.8458],[35.7573,33.846],[35.7644,33.8506],[35.7677,33.8545],[35.7672,33.8576],[35.7637,33.8594],[35.7637,33.8627],[35.7618,33.8652],[35.7655,33.8678],[35.7632,33.8724],[35.758,33.8732],[35.757,33.8759],[35.756,33.8761]]]},"properties":{"adm3_name":"Jouar El-Haouz","adm2_name":"Baabda","adm1_name":"Mount Lebanon"}},
{"type":"Feature","geometry":{"type":"Polygon","coordinates":[[[35.7223,33.8824],[35.7234,33.8799],[35.7265,33.8791],[35.7282,33.8748],[35.7252,33.8701],[35.7225,33.8688],[35.7178,33.869],[35.7177,33.8673],[35.7219,33.8649],[35.7268,33.8639],[35.7408,33.8656],[35.7458,33.8643],[35.751,33.8649],[35.751,33.8693],[35.7534,33.8709],[35.756,33.8761],[35.7526,33.8788],[35.7466,33.8788],[35.7461,33.8804],[35.7428,33.8814],[35.7386,33.8796],[35.7362,33.8805],[35.731,33.8835],[35.7223,33.8824]]]},"properties":{"adm3_name":"Bzebdine","adm2_name":"Baabda","adm1_name":"Mount Lebanon"}},
{"type":"Feature","geometry":{"type":"Polygon","coordinates":[[[35.683,33.8653],[35.678,33.8657],[35.6747,33.8634],[35.6737,33.8588],[35.675,33.8576],[35.6805,33.857],[35.6848,33.8554],[35.6856,33.8512],[35.6939,33.8538],[35.697,33.8501],[35.6997,33.8511],[35.7061,33.8487],[35.7157,33.8471],[35.7167,33.8483],[35.7145,33.8503],[35.7086,33.8509],[35.7035,33.8575],[35.7084,33.857],[35.7085,33.8604],[35.7043,33.8607],[35.7046,33.863],[35.701,33.8645],[35.694,33.8642],[35.6858,33.8663],[35.683,33.8653]]]},"properties":{"adm3_name":"Arsoun","adm2_name":"Baabda","adm1_name":"Mount Lebanon"}},
{"type":"Feature","geometry":{"type":"Polygon","coordinates":[[[35.7712,33.8791],[35.757,33.8759],[35.758,33.8732],[35.7632,33.8724],[35.7655,33.8678],[35.7618,33.8652],[35.7637,33.8627],[35.7637,33.8594],[35.7672,33.8576],[35.7677,33.8545],[35.7644,33.8506],[35.7573,33.846],[35.7602,33.8432],[35.7589,33.8405],[35.7616,33.8377],[35.7666,33.8352],[35.7722,33.8344],[35.7782,33.836],[35.7898,33.8378],[35.7935,33.8365],[35.7966,33.8372],[35.7978,33.8411],[35.8024,33.8445],[35.8102,33.8485],[35.8126,33.8515],[35.8135,33.8535],[35.8214,33.8599],[35.8171,33.8608],[35.8143,33.8647],[35.8067,33.8693],[35.7973,33.8715],[35.7879,33.8722],[35.7784,33.8737],[35.7737,33.8792],[35.7712,33.8791]]]},"properties":{"adm3_name":"Kfar Selouane","adm2_name":"Baabda","adm1_name":"Mount Lebanon"}},
{"type":"Feature","geometry":{"type":"Polygon","coordinates":[[[35.8385,33.8832],[35.8309,33.8818],[35.825,33.8849],[35.8166,33.8854],[35.8125,33.8866],[35.8059,33.8863],[35.7982,33.8878],[35.7952,33.8862],[35.7888,33.8859],[35.7818,33.8837],[35.7737,33.8792],[35.7784,33.8737],[35.7879,33.8722],[35.7973,33.8715],[35.8067,33.8693],[35.8143,33.8647],[35.8171,33.8608],[35.8214,33.8599],[35.8239,33.862],[35.8258,33.8662],[35.8256,33.8692],[35.8331,33.8714],[35.8323,33.8739],[35.834,33.8773],[35.8435,33.8796],[35.8469,33.8823],[35.8385,33.8832]]]},"properties":{"adm3_name":"Tarchich","adm2_name":"Baabda","adm1_name":"Mount Lebanon"}},
{"type":"Feature","geometry":{"type":"Polygon","coordinates":[[[35.7167,33.8483],[35.715,33.8512],[35.71,33.8542],[35.7084,33.857],[35.7035,33.8575],[35.7086,33.8509],[35.7145,33.8503],[35.7167,33.8483]]]},"properties":{"adm3_name":"Jouret Arsoun","adm2_name":"Baabda","adm1_name":"Mount Lebanon"}},
{"type":"Feature","geometry":{"type":"Polygon","coordinates":[[[35.7066,33.8934],[35.7052,33.8922],[35.7053,33.892],[35.7066,33.8934]]]},"properties":{"adm3_name":"Litige","adm2_name":"El Meten","adm1_name":"Mount Lebanon"}},
{"type":"Feature","geometry":{"type":"Polygon","coordinates":[[[35.7711,33.8846],[35.7722,33.8858],[35.7709,33.8871],[35.7711,33.8846]]]},"properties":{"adm3_name":"Litige","adm2_name":"El Meten","adm1_name":"Mount Lebanon"}},
{"type":"Feature","geometry":{"type":"Polygon","coordinates":[[[35.5527,33.8987],[35.5511,33.9032],[35.5435,33.9021],[35.5423,33.9042],[35.5391,33.9016],[35.5366,33.8954],[35.5349,33.8927],[35.5341,33.8912],[35.5362,33.8897],[35.5371,33.8842],[35.5399,33.881],[35.5434,33.8837],[35.5458,33.8839],[35.5484,33.8875],[35.5462,33.8904],[35.5512,33.8936],[35.5527,33.8987]]]},"properties":{"adm3_name":"Bourj Hammoud","adm2_name":"El Meten","adm1_name":"Mount Lebanon"}},
{"type":"Feature","geometry":{"type":"Polygon","coordinates":[[[35.5399,33.881],[35.5371,33.8842],[35.5362,33.8897],[35.5341,33.8912],[35.5301,33.8773],[35.5301,33.874],[35.532,33.871],[35.5319,33.865],[35.5361,33.8648],[35.536,33.8619],[35.5403,33.862],[35.5405,33.865],[35.5428,33.8688],[35.541,33.8739],[35.5399,33.881]]]},"properties":{"adm3_name":"Sinn El-Fil","adm2_name":"El Meten","adm1_name":"Mount Lebanon"}},
{"type":"Feature","geometry":{"type":"Polygon","coordinates":[[[35.5666,33.8971],[35.562,33.8915],[35.5621,33.8885],[35.5653,33.8841],[35.5696,33.8863],[35.5786,33.8844],[35.5819,33.8829],[35.5831,33.8866],[35.5799,33.8915],[35.5759,33.8926],[35.5711,33.8949],[35.5666,33.8971]]]},"properties":{"adm3_name":"Jdaidet El-Matn","adm2_name":"El Meten","adm1_name":"Mount Lebanon"}},
{"type":"Feature","geometry":{"type":"Polygon","coordinates":[[[35.5666,33.8971],[35.5639,33.9019],[35.5602,33.899],[35.5527,33.8987],[35.5512,33.8936],[35.5462,33.8904],[35.5484,33.8875],[35.5526,33.8838],[35.5525,33.8782],[35.5622,33.8732],[35.5663,33.8693],[35.5706,33.8687],[35.5742,33.8704],[35.5714,33.8745],[35.5673,33.8764],[35.5652,33.8803],[35.5653,33.8841],[35.5621,33.8885],[35.562,33.8915],[35.5666,33.8971]]]},"properties":{"adm3_name":"Baouchriyeh","adm2_name":"El Meten","adm1_name":"Mount Lebanon"}},
{"type":"Feature","geometry":{"type":"Polygon","coordinates":[[[35.5663,33.8693],[35.5622,33.8732],[35.5525,33.8782],[35.5504,33.8742],[35.5529,33.8677],[35.556,33.8614],[35.5634,33.8626],[35.5662,33.862],[35.5722,33.8612],[35.5755,33.8638],[35.5715,33.8674],[35.5663,33.8693]]]},"properties":{"adm3_name":"Deir mar Roukoz","adm2_name":"El Meten","adm1_name":"Mount Lebanon"}},
{"type":"Feature","geometry":{"type":"Polygon","coordinates":[[[35.5484,33.8875],[35.5458,33.8839],[35.5434,33.8837],[35.5399,33.881],[35.541,33.8739],[35.5428,33.8688],[35.5458,33.8657],[35.5529,33.8677],[35.5504,33.8742],[35.5525,33.8782],[35.5526,33.8838],[35.5484,33.8875]]]},"properties":{"adm3_name":"Dekouaneh","adm2_name":"El Meten","adm1_name":"Mount Lebanon"}},
{"type":"Feature","geometry":{"type":"Polygon","coordinates":[[[35.5529,33.8677],[35.5458,33.8657],[35.5428,33.8688],[35.5405,33.865],[35.5403,33.862],[35.5461,33.8613],[35.55,33.8597],[35.5506,33.857],[35.5576,33.8528],[35.5601,33.8577],[35.564,33.8596],[35.5662,33.862],[35.5634,33.8626],[35.556,33.8614],[35.5529,33.8677]]]},"properties":{"adm3_name":"Mkalles","adm2_name":"El Meten","adm1_name":"Mount Lebanon"}},
{"type":"Feature","geometry":{"type":"Polygon","coordinates":[[[35.6047,33.918],[35.6007,33.9163],[35.5923,33.9171],[35.5909,33.919],[35.587,33.9191],[35.5801,33.9208],[35.5832,33.9179],[35.5792,33.9113],[35.5835,33.9095],[35.5897,33.908],[35.5905,33.9107],[35.5918,33.9128],[35.6023,33.9107],[35.611,33.9113],[35.6107,33.913],[35.6049,33.9165],[35.6047,33.918]]]},"properties":{"adm3_name":"Antelias","adm2_name":"El Meten","adm1_name":"Mount Lebanon"}},
{"type":"Feature","geometry":{"type":"Polygon","coordinates":[[[35.6023,33.9107],[35.5918,33.9128],[35.5905,33.9107],[35.5954,33.9075],[35.5974,33.9039],[35.6015,33.904],[35.6007,33.9069],[35.6027,33.9084],[35.6076,33.9091],[35.6023,33.9107]]]},"properties":{"adm3_name":"Menqlet Mezher","adm2_name":"El Meten","adm1_name":"Mount Lebanon"}},
{"type":"Feature","geometry":{"type":"Polygon","coordinates":[[[35.5897,33.908],[35.5835,33.9095],[35.5792,33.9113],[35.5734,33.9056],[35.5763,33.9036],[35.5798,33.9036],[35.5821,33.9005],[35.5846,33.9047],[35.5898,33.9064],[35.5897,33.908]]]},"properties":{"adm3_name":"Jall Ed-Did","adm2_name":"El Meten","adm1_name":"Mount Lebanon"}},
{"type":"Feature","geometry":{"type":"Polygon","coordinates":[[[35.6006,33.9313],[35.5956,33.9308],[35.5941,33.9282],[35.5902,33.9257],[35.5818,33.9266],[35.5801,33.9208],[35.587,33.9191],[35.5909,33.919],[35.5923,33.9171],[35.6007,33.9163],[35.6047,33.918],[35.6068,33.9214],[35.6034,33.926],[35.6015,33.9275],[35.6054,33.9299],[35.6006,33.9313]]]},"properties":{"adm3_name":"Naqqach","adm2_name":"El Meten","adm1_name":"Mount Lebanon"}},
{"type":"Feature","geometry":{"type":"Polygon","coordinates":[[[35.5717,33.9043],[35.5639,33.9019],[35.5666,33.8971],[35.5711,33.8949],[35.5724,33.8994],[35.5747,33.9021],[35.5717,33.9043]]]},"properties":{"adm3_name":"Aamaret Chalhoub","adm2_name":"El Meten","adm1_name":"Mount Lebanon"}},
{"type":"Feature","geometry":{"type":"Polygon","coordinates":[[[35.5821,33.9005],[35.5798,33.9036],[35.5763,33.9036],[35.5734,33.9056],[35.5717,33.9043],[35.5747,33.9021],[35.5724,33.8994],[35.5711,33.8949],[35.5759,33.8926],[35.5784,33.895],[35.5845,33.8985],[35.5821,33.9005]]]},"properties":{"adm3_name":"Zalqa","adm2_name":"El Meten","adm1_name":"Mount Lebanon"}},
{"type":"Feature","geometry":{"type":"Polygon","coordinates":[[[35.5845,33.8985],[35.5784,33.895],[35.5759,33.8926],[35.5799,33.8915],[35.584,33.8904],[35.5901,33.8908],[35.5942,33.8921],[35.5927,33.8977],[35.5905,33.8971],[35.5845,33.8985]]]},"properties":{"adm3_name":"Byaqout","adm2_name":"El Meten","adm1_name":"Mount Lebanon"}},
{"type":"Feature","geometry":{"type":"Polygon","coordinates":[[[35.6015,33.9374],[35.6052,33.9367],[35.6006,33.9313],[35.6054,33.9299],[35.6015,33.9275],[35.6034,33.926],[35.6057,33.9282],[35.613,33.9271],[35.6119,33.9314],[35.6151,33.9331],[35.613,33.9336],[35.6059,33.938],[35.6015,33.9374]]]},"properties":{"adm3_name":"Mazraat El-Hdaira","adm2_name":"El Meten","adm1_name":"Mount Lebanon"}},
{"type":"Feature","geometry":{"type":"Polygon","coordinates":[[[35.5942,33.9409],[35.5936,33.9486],[35.5917,33.9486],[35.5906,33.9445],[35.5863,33.9424],[35.5844,33.9355],[35.586,33.9338],[35.5851,33.9306],[35.5827,33.9297],[35.5818,33.9266],[35.5902,33.9257],[35.5941,33.9282],[35.5956,33.9308],[35.5927,33.9322],[35.5935,33.9371],[35.5942,33.9409]]]},"properties":{"adm3_name":"Dbayeh","adm2_name":"El Meten","adm1_name":"Mount Lebanon"}},
{"type":"Feature","geometry":{"type":"Polygon","coordinates":[[[35.5942,33.9409],[35.5935,33.9371],[35.6015,33.9374],[35.6059,33.938],[35.613,33.9336],[35.6139,33.9373],[35.6135,33.9392],[35.6065,33.9421],[35.6027,33.942],[35.598,33.9404],[35.5942,33.9409]]]},"properties":{"adm3_name":"Haret El-Ballane","adm2_name":"El Meten","adm1_name":"Mount Lebanon"}},
{"type":"Feature","geometry":{"type":"Polygon","coordinates":[[[35.6015,33.9374],[35.5935,33.9371],[35.5927,33.9322],[35.5956,33.9308],[35.6006,33.9313],[35.6052,33.9367],[35.6015,33.9374]]]},"properties":{"adm3_name":"Mazraat Deir Aaoukar","adm2_name":"El Meten","adm1_name":"Mount Lebanon"}},
{"type":"Feature","geometry":{"type":"Polygon","coordinates":[[[35.5722,33.8612],[35.5662,33.862],[35.564,33.8596],[35.5601,33.8577],[35.5576,33.8528],[35.5575,33.8476],[35.5601,33.8447],[35.565,33.8457],[35.5654,33.8473],[35.5711,33.848],[35.5738,33.8511],[35.5745,33.8544],[35.5806,33.8549],[35.5792,33.857],[35.5825,33.8598],[35.5777,33.8622],[35.5722,33.8612]]]},"properties":{"adm3_name":"Mansouriyet El-Matn","adm2_name":"El Meten","adm1_name":"Mount Lebanon"}},
{"type":"Feature","geometry":{"type":"Polygon","coordinates":[[[35.5738,33.8511],[35.5711,33.848],[35.5654,33.8473],[35.565,33.8457],[35.5708,33.8449],[35.5713,33.8421],[35.5777,33.8424],[35.5818,33.8392],[35.5825,33.8392],[35.5824,33.8442],[35.5839,33.8469],[35.5836,33.8502],[35.5738,33.8511]]]},"properties":{"adm3_name":"Daychouniyeh","adm2_name":"El Meten","adm1_name":"Mount Lebanon"}},
{"type":"Feature","geometry":{"type":"Polygon","coordinates":[[[35.5819,33.8829],[35.5786,33.8844],[35.5696,33.8863],[35.5653,33.8841],[35.5652,33.8803],[35.5673,33.8764],[35.5714,33.8745],[35.5742,33.8704],[35.5795,33.8706],[35.5801,33.8736],[35.5834,33.8741],[35.5834,33.8782],[35.5819,33.8823],[35.5819,33.8829]]]},"properties":{"adm3_name":"Fanar","adm2_name":"El Meten","adm1_name":"Mount Lebanon"}},
{"type":"Feature","geometry":{"type":"Polygon","coordinates":[[[35.5819,33.8823],[35.5834,33.8782],[35.5834,33.8741],[35.5801,33.8736],[35.5795,33.8706],[35.5742,33.8704],[35.5706,33.8687],[35.5663,33.8693],[35.5715,33.8674],[35.5755,33.8638],[35.5722,33.8612],[35.5777,33.8622],[35.5825,33.8598],[35.5873,33.8556],[35.5933,33.8607],[35.6011,33.8622],[35.6028,33.8692],[35.6055,33.8702],[35.6042,33.8751],[35.6035,33.8781],[35.5916,33.8804],[35.5857,33.8826],[35.5819,33.8823]]]},"properties":{"adm3_name":"Aain Saadeh","adm2_name":"El Meten","adm1_name":"Mount Lebanon"}},
{"type":"Feature","geometry":{"type":"Polygon","coordinates":[[[35.5942,33.8921],[35.5901,33.8908],[35.584,33.8904],[35.5799,33.8915],[35.5831,33.8866],[35.5819,33.8829],[35.5819,33.8823],[35.5857,33.8826],[35.5916,33.8804],[35.6035,33.8781],[35.6042,33.8751],[35.6104,33.8758],[35.6126,33.8787],[35.618,33.8805],[35.6222,33.8801],[35.6241,33.8851],[35.6224,33.8869],[35.6135,33.8895],[35.6102,33.8926],[35.6055,33.8925],[35.6016,33.895],[35.5942,33.8921]]]},"properties":{"adm3_name":"Roumieh","adm2_name":"El Meten","adm1_name":"Mount Lebanon"}},
{"type":"Feature","geometry":{"type":"Polygon","coordinates":[[[35.5898,33.9064],[35.5846,33.9047],[35.5821,33.9005],[35.5845,33.8985],[35.5905,33.8971],[35.5927,33.8977],[35.5919,33.9023],[35.5898,33.9064]]]},"properties":{"adm3_name":"Bqennaya","adm2_name":"El Meten","adm1_name":"Mount Lebanon"}},
{"type":"Feature","geometry":{"type":"Polygon","coordinates":[[[35.5905,33.9107],[35.5897,33.908],[35.5898,33.9064],[35.5919,33.9023],[35.5927,33.8977],[35.5942,33.8921],[35.6016,33.895],[35.6049,33.8998],[35.6002,33.8988],[35.5995,33.9022],[35.5974,33.9039],[35.5954,33.9075],[35.5905,33.9107]]]},"properties":{"adm3_name":"Majzoub","adm2_name":"El Meten","adm1_name":"Mount Lebanon"}},
{"type":"Feature","geometry":{"type":"Polygon","coordinates":[[[35.6076,33.9091],[35.6027,33.9084],[35.6007,33.9069],[35.6015,33.904],[35.5974,33.9039],[35.5995,33.9022],[35.6002,33.8988],[35.6049,33.8998],[35.6016,33.895],[35.6055,33.8925],[35.6102,33.8926],[35.6118,33.8974],[35.61,33.8993],[35.6103,33.9032],[35.6076,33.9091]]]},"properties":{"adm3_name":"Bsalim","adm2_name":"El Meten","adm1_name":"Mount Lebanon"}},
{"type":"Feature","geometry":{"type":"Polygon","coordinates":[[[35.611,33.9113],[35.6023,33.9107],[35.6076,33.9091],[35.6103,33.9032],[35.61,33.8993],[35.6118,33.8974],[35.6218,33.8963],[35.6225,33.8982],[35.6302,33.8979],[35.6333,33.903],[35.6385,33.9033],[35.6403,33.9042],[35.6451,33.9022],[35.6437,33.9034],[35.6443,33.908],[35.6414,33.9069],[35.6338,33.9108],[35.6235,33.9094],[35.6154,33.9118],[35.611,33.9113]]]},"properties":{"adm3_name":"Nabay","adm2_name":"El Meten","adm1_name":"Mount Lebanon"}},
{"type":"Feature","geometry":{"type":"Polygon","coordinates":[[[35.613,33.9271],[35.6057,33.9282],[35.6034,33.926],[35.6068,33.9214],[35.6047,33.918],[35.6049,33.9165],[35.6109,33.9174],[35.6166,33.9197],[35.619,33.9227],[35.6249,33.9239],[35.6243,33.9244],[35.6214,33.9257],[35.613,33.9271]]]},"properties":{"adm3_name":"Mtayleb","adm2_name":"El Meten","adm1_name":"Mount Lebanon"}},
{"type":"Feature","geometry":{"type":"Polygon","coordinates":[[[35.6391,33.9267],[35.6369,33.9269],[35.6331,33.9237],[35.6364,33.9214],[35.6401,33.9223],[35.6406,33.9245],[35.6391,33.9267]]]},"properties":{"adm3_name":"Beit El-Kekko","adm2_name":"El Meten","adm1_name":"Mount Lebanon"}},
{"type":"Feature","geometry":{"type":"Polygon","coordinates":[[[35.647,33.9249],[35.6462,33.9197],[35.6431,33.9197],[35.6364,33.9214],[35.6331,33.9237],[35.6249,33.9239],[35.619,33.9227],[35.6166,33.9197],[35.6109,33.9174],[35.6049,33.9165],[35.6107,33.913],[35.611,33.9113],[35.6154,33.9118],[35.6235,33.9094],[35.6338,33.9108],[35.6414,33.9069],[35.6443,33.908],[35.6412,33.9118],[35.6505,33.9178],[35.6536,33.9216],[35.6529,33.9255],[35.647,33.9249]]]},"properties":{"adm3_name":"Qornet Chehouane","adm2_name":"El Meten","adm1_name":"Mount Lebanon"}},
{"type":"Feature","geometry":{"type":"Polygon","coordinates":[[[35.6151,33.9331],[35.6119,33.9314],[35.613,33.9271],[35.6214,33.9257],[35.6243,33.9244],[35.6248,33.9267],[35.6238,33.928],[35.6151,33.9331]]]},"properties":{"adm3_name":"Beit Ech-Chaar","adm2_name":"El Meten","adm1_name":"Mount Lebanon"}},
{"type":"Feature","geometry":{"type":"Polygon","coordinates":[[[35.6139,33.9373],[35.613,33.9336],[35.6151,33.9331],[35.6238,33.928],[35.6248,33.9267],[35.6258,33.9277],[35.6245,33.9337],[35.625,33.9362],[35.622,33.935],[35.6188,33.9366],[35.6139,33.9373]]]},"properties":{"adm3_name":"Dik El-Mehdi","adm2_name":"El Meten","adm1_name":"Mount Lebanon"}},
{"type":"Feature","geometry":{"type":"Polygon","coordinates":[[[35.6214,33.9458],[35.6205,33.9471],[35.6157,33.9468],[35.6122,33.9448],[35.6097,33.9471],[35.6056,33.9486],[35.6063,33.9513],[35.6031,33.9547],[35.5996,33.9552],[35.5964,33.9575],[35.5929,33.9548],[35.5917,33.9486],[35.5936,33.9486],[35.5942,33.9409],[35.598,33.9404],[35.6027,33.942],[35.6065,33.9421],[35.6135,33.9392],[35.6139,33.9413],[35.6192,33.9463],[35.6214,33.9458]]]},"properties":{"adm3_name":"Zouk El-Kharab","adm2_name":"El Meten","adm1_name":"Mount Lebanon"}},
{"type":"Feature","geometry":{"type":"Polygon","coordinates":[[[35.6406,33.9245],[35.6401,33.9223],[35.6364,33.9214],[35.6431,33.9197],[35.6462,33.9197],[35.647,33.9249],[35.6442,33.9256],[35.6406,33.9245]]]},"properties":{"adm3_name":"Aain Aar","adm2_name":"El Meten","adm1_name":"Mount Lebanon"}},
{"type":"Feature","geometry":{"type":"Polygon","coordinates":[[[35.625,33.9362],[35.6245,33.9337],[35.6258,33.9277],[35.6248,33.9267],[35.6243,33.9244],[35.6249,33.9239],[35.6331,33.9237],[35.6369,33.9269],[35.6391,33.9267],[35.6425,33.9311],[35.6394,33.9386],[35.6353,33.9376],[35.6352,33.9357],[35.631,33.934],[35.6261,33.9346],[35.625,33.9368],[35.625,33.9362]]]},"properties":{"adm3_name":"Mazraat Yachouaa","adm2_name":"El Meten","adm1_name":"Mount Lebanon"}},
{"type":"Feature","geometry":{"type":"Polygon","coordinates":[[[35.6214,33.9458],[35.6192,33.9463],[35.6139,33.9413],[35.6135,33.9392],[35.6139,33.9373],[35.6188,33.9366],[35.622,33.935],[35.625,33.9362],[35.625,33.9368],[35.6217,33.9395],[35.6255,33.9431],[35.6227,33.9451],[35.6214,33.9458]]]},"properties":{"adm3_name":"Deir Tamich","adm2_name":"El Meten","adm1_name":"Mount Lebanon"}},
{"type":"Feature","geometry":{"type":"Polygon","coordinates":[[[35.6255,33.9431],[35.6217,33.9395],[35.625,33.9368],[35.6261,33.9346],[35.631,33.934],[35.6352,33.9357],[35.6353,33.9376],[35.6394,33.9386],[35.6348,33.9412],[35.6316,33.943],[35.6255,33.9431]]]},"properties":{"adm3_name":"Zakrit","adm2_name":"El Meten","adm1_name":"Mount Lebanon"}},
{"type":"Feature","geometry":{"type":"Polygon","coordinates":[[[35.6248,33.9462],[35.6227,33.9451],[35.6255,33.9431],[35.6316,33.943],[35.6348,33.9412],[35.6331,33.9452],[35.6297,33.9463],[35.6248,33.9462]]]},"properties":{"adm3_name":"Deir Mar Aabda el Mchammar","adm2_name":"El Meten","adm1_name":"Mount Lebanon"}},
{"type":"Feature","geometry":{"type":"Polygon","coordinates":[[[35.6965,33.9276],[35.6921,33.9292],[35.6911,33.9332],[35.6862,33.9321],[35.6864,33.9305],[35.6821,33.9271],[35.6783,33.9262],[35.6784,33.9228],[35.6802,33.9145],[35.6784,33.9096],[35.6822,33.909],[35.6829,33.9068],[35.6845,33.9087],[35.6915,33.9097],[35.6953,33.9105],[35.6998,33.9092],[35.7041,33.9092],[35.7092,33.9142],[35.7086,33.9162],[35.7031,33.9166],[35.7005,33.9162],[35.6904,33.9193],[35.6887,33.9223],[35.6956,33.9243],[35.6965,33.9276]]]},"properties":{"adm3_name":"Bikfaya","adm2_name":"El Meten","adm1_name":"Mount Lebanon"}},
{"type":"Feature","geometry":{"type":"Polygon","coordinates":[[[35.708,33.923],[35.7011,33.921],[35.6973,33.9267],[35.6969,33.9279],[35.6965,33.9276],[35.6956,33.9243],[35.6887,33.9223],[35.6904,33.9193],[35.7005,33.9162],[35.7031,33.9166],[35.7024,33.9176],[35.7076,33.9227],[35.708,33.923]]]},"properties":{"adm3_name":"Mhaidset Matn","adm2_name":"El Meten","adm1_name":"Mount Lebanon"}},
{"type":"Feature","geometry":{"type":"Polygon","coordinates":[[[35.6969,33.9279],[35.6939,33.9356],[35.6911,33.9332],[35.6921,33.9292],[35.6965,33.9276],[35.6969,33.9279]]]},"properties":{"adm3_name":"Ouadi Chahine","adm2_name":"El Meten","adm1_name":"Mount Lebanon"}},
{"type":"Feature","geometry":{"type":"Polygon","coordinates":[[[35.6973,33.9267],[35.7011,33.921],[35.708,33.923],[35.7029,33.9264],[35.7032,33.9283],[35.6973,33.9267]]]},"properties":{"adm3_name":"Aain El-Qach","adm2_name":"El Meten","adm1_name":"Mount Lebanon"}},
{"type":"Feature","geometry":{"type":"Polygon","coordinates":[[[35.6829,33.9426],[35.678,33.9424],[35.6802,33.9377],[35.68,33.9321],[35.6821,33.9271],[35.6864,33.9305],[35.6862,33.9321],[35.6911,33.9332],[35.6939,33.9356],[35.694,33.9362],[35.6908,33.9376],[35.687,33.9444],[35.6829,33.9426]]]},"properties":{"adm3_name":"Mar Boutros Karm Et-Tine","adm2_name":"El Meten","adm1_name":"Mount Lebanon"}},
{"type":"Feature","geometry":{"type":"Polygon","coordinates":[[[35.6647,33.9404],[35.6651,33.9372],[35.6638,33.9331],[35.6661,33.9278],[35.6604,33.9266],[35.6534,33.9269],[35.6529,33.9255],[35.6536,33.9216],[35.6551,33.9206],[35.6634,33.9228],[35.6647,33.9198],[35.6725,33.9207],[35.6784,33.9228],[35.6783,33.9262],[35.6821,33.9271],[35.68,33.9321],[35.6802,33.9377],[35.678,33.9424],[35.6698,33.9423],[35.6647,33.9404]]]},"properties":{"adm3_name":"Beit Chabab","adm2_name":"El Meten","adm1_name":"Mount Lebanon"}},
{"type":"Feature","geometry":{"type":"Polygon","coordinates":[[[35.6784,33.9228],[35.6725,33.9207],[35.6647,33.9198],[35.6616,33.9153],[35.6583,33.915],[35.6507,33.9099],[35.6473,33.9058],[35.6471,33.904],[35.6496,33.9037],[35.6565,33.9071],[35.6626,33.9063],[35.6709,33.908],[35.6746,33.9072],[35.6786,33.908],[35.6819,33.9056],[35.6829,33.9068],[35.6822,33.909],[35.6784,33.9096],[35.6802,33.9145],[35.6784,33.9228]]]},"properties":{"adm3_name":"Bhersaf","adm2_name":"El Meten","adm1_name":"Mount Lebanon"}},
{"type":"Feature","geometry":{"type":"Polygon","coordinates":[[[35.687,33.9444],[35.6908,33.9376],[35.694,33.9362],[35.6977,33.9386],[35.7004,33.9383],[35.6951,33.9418],[35.6913,33.9468],[35.687,33.9444]]]},"properties":{"adm3_name":"Mayasseh","adm2_name":"El Meten","adm1_name":"Mount Lebanon"}},
{"type":"Feature","geometry":{"type":"Polygon","coordinates":[[[35.7004,33.9383],[35.6977,33.9386],[35.694,33.9362],[35.6939,33.9356],[35.6969,33.9279],[35.6973,33.9267],[35.7032,33.9283],[35.7106,33.9282],[35.7103,33.9308],[35.7071,33.9322],[35.7086,33.9349],[35.7056,33.9353],[35.7016,33.9381],[35.7004,33.9383]]]},"properties":{"adm3_name":"Aain El-Kharroubeh","adm2_name":"El Meten","adm1_name":"Mount Lebanon"}},
{"type":"Feature","geometry":{"type":"Polygon","coordinates":[[[35.7053,33.9482],[35.7021,33.9489],[35.7031,33.9463],[35.7013,33.9433],[35.704,33.942],[35.7016,33.9381],[35.7056,33.9353],[35.7086,33.9349],[35.7142,33.9338],[35.7125,33.9369],[35.7159,33.9388],[35.7169,33.9432],[35.712,33.9436],[35.7053,33.9482]]]},"properties":{"adm3_name":"Himlaya","adm2_name":"El Meten","adm1_name":"Mount Lebanon"}},
{"type":"Feature","geometry":{"type":"Polygon","coordinates":[[[35.6647,33.9198],[35.6634,33.9228],[35.6551,33.9206],[35.6536,33.9216],[35.6505,33.9178],[35.6544,33.9155],[35.6583,33.915],[35.6616,33.9153],[35.6647,33.9198]]]},"properties":{"adm3_name":"Aain Aalaq","adm2_name":"El Meten","adm1_name":"Mount Lebanon"}},
{"type":"Feature","geometry":{"type":"Polygon","coordinates":[[[35.6583,33.915],[35.6544,33.9155],[35.6505,33.9178],[35.6412,33.9118],[35.6443,33.908],[35.6437,33.9034],[35.6471,33.904],[35.6473,33.9058],[35.6507,33.9099],[35.6583,33.915]]]},"properties":{"adm3_name":"Aatchaneh","adm2_name":"El Meten","adm1_name":"Mount Lebanon"}},
{"type":"Feature","geometry":{"type":"Polygon","coordinates":[[[35.6552,33.934],[35.6522,33.9319],[35.6534,33.9269],[35.6604,33.9266],[35.6661,33.9278],[35.6638,33.9331],[35.657,33.9325],[35.6552,33.934]]]},"properties":{"adm3_name":"Chaouiyeh","adm2_name":"El Meten","adm1_name":"Mount Lebanon"}},
{"type":"Feature","geometry":{"type":"Polygon","coordinates":[[[35.7215,33.9363],[35.7263,33.9312],[35.7296,33.934],[35.7258,33.935],[35.7255,33.937],[35.7215,33.9363]]]},"properties":{"adm3_name":"Aain Et-Teffaha","adm2_name":"El Meten","adm1_name":"Mount Lebanon"}},
{"type":"Feature","geometry":{"type":"Polygon","coordinates":[[[35.7016,33.9381],[35.704,33.942],[35.7013,33.9433],[35.7031,33.9463],[35.7021,33.9489],[35.7016,33.949],[35.6963,33.9478],[35.6913,33.9468],[35.6951,33.9418],[35.7004,33.9383],[35.7016,33.9381]]]},"properties":{"adm3_name":"Sfeilet Bikfaya","adm2_name":"El Meten","adm1_name":"Mount Lebanon"}},
{"type":"Feature","geometry":{"type":"Polygon","coordinates":[[[35.6548,33.9411],[35.6552,33.934],[35.657,33.9325],[35.6638,33.9331],[35.6651,33.9372],[35.6647,33.9404],[35.6595,33.9418],[35.6548,33.9411]]]},"properties":{"adm3_name":"Fraikeh","adm2_name":"El Meten","adm1_name":"Mount Lebanon"}},
{"type":"Feature","geometry":{"type":"Polygon","coordinates":[[[35.729,33.9441],[35.7169,33.9432],[35.7159,33.9388],[35.7125,33.9369],[35.7142,33.9338],[35.7182,33.9339],[35.7215,33.9363],[35.7255,33.937],[35.729,33.9398],[35.7344,33.9423],[35.7329,33.943],[35.729,33.9441]]]},"properties":{"adm3_name":"Abou Mizane","adm2_name":"El Meten","adm1_name":"Mount Lebanon"}},
{"type":"Feature","geometry":{"type":"Polygon","coordinates":[[[35.7248,33.9545],[35.7213,33.9544],[35.7158,33.9531],[35.7114,33.9533],[35.7094,33.9503],[35.7053,33.9482],[35.712,33.9436],[35.7169,33.9432],[35.729,33.9441],[35.7292,33.9457],[35.7248,33.9545]]]},"properties":{"adm3_name":"Deir Chamra","adm2_name":"El Meten","adm1_name":"Mount Lebanon"}},
{"type":"Feature","geometry":{"type":"Polygon","coordinates":[[[35.6425,33.9311],[35.6391,33.9267],[35.6406,33.9245],[35.6442,33.9256],[35.6474,33.9281],[35.6425,33.9311]]]},"properties":{"adm3_name":"Hbous","adm2_name":"El Meten","adm1_name":"Mount Lebanon"}},
{"type":"Feature","geometry":{"type":"Polygon","coordinates":[[[35.7377,33.9395],[35.7364,33.9333],[35.7284,33.9307],[35.7278,33.9223],[35.7297,33.9202],[35.7345,33.9297],[35.7389,33.9327],[35.7412,33.9368],[35.7377,33.9395]]]},"properties":{"adm3_name":"Jouar El-Matn","adm2_name":"El Meten","adm1_name":"Mount Lebanon"}},
{"type":"Feature","geometry":{"type":"Polygon","coordinates":[[[35.7344,33.9423],[35.729,33.9398],[35.7255,33.937],[35.7258,33.935],[35.7296,33.934],[35.7263,33.9312],[35.7264,33.9301],[35.7284,33.9307],[35.7364,33.9333],[35.7377,33.9395],[35.7344,33.9423]]]},"properties":{"adm3_name":"Chrine","adm2_name":"El Meten","adm1_name":"Mount Lebanon"}},
{"type":"Feature","geometry":{"type":"Polygon","coordinates":[[[35.6331,33.9452],[35.6348,33.9412],[35.6394,33.9386],[35.6425,33.9311],[35.6474,33.9281],[35.6442,33.9256],[35.647,33.9249],[35.6529,33.9255],[35.6534,33.9269],[35.6522,33.9319],[35.6552,33.934],[35.6548,33.9411],[35.6464,33.9428],[35.6395,33.9433],[35.6331,33.9452]]]},"properties":{"adm3_name":"Qornet El-Hamra","adm2_name":"El Meten","adm1_name":"Mount Lebanon"}},
{"type":"Feature","geometry":{"type":"Polygon","coordinates":[[[35.6252,33.892],[35.6256,33.8885],[35.6224,33.8869],[35.6241,33.8851],[35.6222,33.8801],[35.618,33.8805],[35.6126,33.8787],[35.6104,33.8758],[35.6183,33.8708],[35.6209,33.8716],[35.6234,33.8667],[35.6284,33.8689],[35.6307,33.8702],[35.6299,33.872],[35.6314,33.8779],[35.6337,33.8791],[35.6356,33.8828],[35.6475,33.885],[35.6499,33.8868],[35.6554,33.8877],[35.6543,33.8894],[35.6518,33.8883],[35.6442,33.8877],[35.6393,33.8886],[35.6327,33.8886],[35.6252,33.892]]]},"properties":{"adm3_name":"Broummana El-Matn","adm2_name":"El Meten","adm1_name":"Mount Lebanon"}},
{"type":"Feature","geometry":{"type":"Polygon","coordinates":[[[35.6385,33.9033],[35.6333,33.903],[35.6302,33.8979],[35.6225,33.8982],[35.6218,33.8963],[35.6252,33.892],[35.6327,33.8886],[35.6393,33.8886],[35.6388,33.8924],[35.6406,33.8942],[35.634,33.8952],[35.6403,33.8989],[35.6385,33.9033]]]},"properties":{"adm3_name":"Jouret El-Ballout","adm2_name":"El Meten","adm1_name":"Mount Lebanon"}},
{"type":"Feature","geometry":{"type":"Polygon","coordinates":[[[35.6499,33.8868],[35.6475,33.885],[35.6356,33.8828],[35.6337,33.8791],[35.6314,33.8779],[35.6299,33.872],[35.6307,33.8702],[35.6365,33.8729],[35.6406,33.8725],[35.6487,33.8745],[35.6505,33.8742],[35.6514,33.8758],[35.65,33.8801],[35.6499,33.8868]]]},"properties":{"adm3_name":"Masqa","adm2_name":"El Meten","adm1_name":"Mount Lebanon"}},
{"type":"Feature","geometry":{"type":"Polygon","coordinates":[[[35.6554,33.8877],[35.6499,33.8868],[35.65,33.8801],[35.6514,33.8758],[35.6505,33.8742],[35.6556,33.8745],[35.6616,33.8757],[35.6657,33.8782],[35.6644,33.8839],[35.6605,33.8853],[35.6555,33.8844],[35.6554,33.8877]]]},"properties":{"adm3_name":"Aayoun El-Matn","adm2_name":"El Meten","adm1_name":"Mount Lebanon"}},
{"type":"Feature","geometry":{"type":"Polygon","coordinates":[[[35.6218,33.8963],[35.6118,33.8974],[35.6102,33.8926],[35.6135,33.8895],[35.6224,33.8869],[35.6256,33.8885],[35.6252,33.892],[35.6218,33.8963]]]},"properties":{"adm3_name":"Qennabet Broummana","adm2_name":"El Meten","adm1_name":"Mount Lebanon"}},
{"type":"Feature","geometry":{"type":"Polygon","coordinates":[[[35.6451,33.9022],[35.6403,33.9042],[35.6385,33.9033],[35.6403,33.8989],[35.634,33.8952],[35.6406,33.8942],[35.6388,33.8924],[35.6393,33.8886],[35.6442,33.8877],[35.6518,33.8883],[35.6543,33.8894],[35.6592,33.8908],[35.6607,33.8934],[35.6544,33.8961],[35.6512,33.8961],[35.6451,33.9022]]]},"properties":{"adm3_name":"Mzakkeh","adm2_name":"El Meten","adm1_name":"Mount Lebanon"}},
{"type":"Feature","geometry":{"type":"Polygon","coordinates":[[[35.6819,33.9056],[35.6786,33.908],[35.6746,33.9072],[35.6752,33.8963],[35.6709,33.8943],[35.6646,33.8931],[35.6607,33.8934],[35.6592,33.8908],[35.6543,33.8894],[35.6554,33.8877],[35.6555,33.8844],[35.6605,33.8853],[35.6644,33.8839],[35.6657,33.8782],[35.6722,33.8801],[35.6851,33.8819],[35.6886,33.885],[35.6883,33.8891],[35.6931,33.8907],[35.6875,33.896],[35.6838,33.8975],[35.6819,33.9056]]]},"properties":{"adm3_name":"Baabdat","adm2_name":"El Meten","adm1_name":"Mount Lebanon"}},
{"type":"Feature","geometry":{"type":"Polygon","coordinates":[[[35.6104,33.8758],[35.6042,33.8751],[35.6055,33.8702],[35.6028,33.8692],[35.6011,33.8622],[35.5933,33.8607],[35.5873,33.8556],[35.5825,33.8598],[35.5792,33.857],[35.5806,33.8549],[35.5745,33.8544],[35.5738,33.8511],[35.5836,33.8502],[35.5839,33.8469],[35.5824,33.8442],[35.5825,33.8392],[35.5927,33.8406],[35.5964,33.839],[35.6022,33.8413],[35.613,33.8483],[35.6136,33.8542],[35.6169,33.862],[35.6234,33.8667],[35.6209,33.8716],[35.6183,33.8708],[35.6104,33.8758]]]},"properties":{"adm3_name":"Beit Meri","adm2_name":"El Meten","adm1_name":"Mount Lebanon"}},
{"type":"Feature","geometry":{"type":"Polygon","coordinates":[[[35.6746,33.9072],[35.6709,33.908],[35.6626,33.9063],[35.6565,33.9071],[35.6496,33.9037],[35.6471,33.904],[35.6437,33.9034],[35.6451,33.9022],[35.6512,33.8961],[35.6544,33.8961],[35.6607,33.8934],[35.6646,33.8931],[35.6709,33.8943],[35.6752,33.8963],[35.6746,33.9072]]]},"properties":{"adm3_name":"Dahr Es-Souane El-Matn","adm2_name":"El Meten","adm1_name":"Mount Lebanon"}},
{"type":"Feature","geometry":{"type":"Polygon","coordinates":[[[35.6931,33.8907],[35.6883,33.8891],[35.6886,33.885],[35.6851,33.8819],[35.6882,33.8812],[35.6976,33.8819],[35.6968,33.8864],[35.698,33.89],[35.6983,33.8911],[35.6931,33.8907]]]},"properties":{"adm3_name":"Qannebet Salima","adm2_name":"El Meten","adm1_name":"Mount Lebanon"}},
{"type":"Feature","geometry":{"type":"Polygon","coordinates":[[[35.698,33.89],[35.6968,33.8864],[35.6976,33.8819],[35.6995,33.8811],[35.7023,33.8824],[35.7139,33.8824],[35.718,33.8825],[35.7201,33.8851],[35.7198,33.8872],[35.7185,33.886],[35.7113,33.8858],[35.7093,33.8871],[35.7006,33.8884],[35.698,33.89]]]},"properties":{"adm3_name":"Bsifrine","adm2_name":"El Meten","adm1_name":"Mount Lebanon"}},
{"type":"Feature","geometry":{"type":"Polygon","coordinates":[[[35.8465,33.9634],[35.8534,33.9532],[35.859,33.9481],[35.859,33.945],[35.8557,33.9405],[35.8547,33.9356],[35.8516,33.9296],[35.8518,33.9246],[35.8538,33.9178],[35.8489,33.9166],[35.8457,33.92],[35.8355,33.9237],[35.8273,33.9242],[35.8285,33.9271],[35.8273,33.9304],[35.8246,33.9327],[35.8199,33.9327],[35.8165,33.9352],[35.8154,33.9379],[35.8111,33.9393],[35.8089,33.9367],[35.8094,33.9338],[35.8024,33.9291],[35.7971,33.9289],[35.7945,33.9265],[35.7906,33.9287],[35.786,33.9295],[35.7844,33.928],[35.7791,33.927],[35.7729,33.9249],[35.7785,33.9229],[35.7783,33.9215],[35.7706,33.9203],[35.7655,33.9223],[35.7688,33.918],[35.7662,33.9144],[35.7677,33.9101],[35.7649,33.91],[35.7644,33.9071],[35.7517,33.9048],[35.7502,33.9073],[35.7458,33.9074],[35.7458,33.9044],[35.7427,33.9008],[35.733,33.8939],[35.7305,33.893],[35.7255,33.8913],[35.7228,33.8871],[35.7201,33.8851],[35.718,33.8825],[35.7223,33.8824],[35.731,33.8835],[35.7362,33.8805],[35.7373,33.8846],[35.7482,33.8888],[35.7489,33.8863],[35.7524,33.886],[35.7461,33.8804],[35.7466,33.8788],[35.7526,33.8788],[35.756,33.8761],[35.757,33.8759],[35.7712,33.8791],[35.7725,33.8804],[35.7711,33.8846],[35.7709,33.8871],[35.7709,33.8899],[35.7749,33.8936],[35.7822,33.8972],[35.7891,33.9018],[35.7888,33.9039],[35.7987,33.9091],[35.8009,33.9087],[35.8137,33.912],[35.8241,33.9106],[35.8277,33.9082],[35.8278,33.9039],[35.8247,33.9004],[35.8296,33.9014],[35.8328,33.8988],[35.8236,33.8954],[35.8146,33.8903],[35.8156,33.8889],[35.8231,33.8882],[35.8288,33.8912],[35.8319,33.8898],[35.8373,33.8901],[35.8417,33.8871],[35.8385,33.8832],[35.8469,33.8823],[35.8456,33.8857],[35.8475,33.891],[35.8527,33.8909],[35.8544,33.8949],[35.8595,33.8944],[35.8613,33.9003],[35.8586,33.9028],[35.8547,33.903],[35.8543,33.905],[35.8604,33.9113],[35.8645,33.9173],[35.8681,33.9184],[35.8704,33.9166],[35.8714,33.9134],[35.8786,33.9139],[35.8798,33.9162],[35.8891,33.9168],[35.8932,33.9182],[35.8988,33.9231],[35.9068,33.9332],[35.8858,33.9399],[35.8782,33.9496],[35.8465,33.9634]]]},"properties":{"adm3_name":"Mtain","adm2_name":"El Meten","adm1_name":"Mount Lebanon"}},
{"type":"Feature","geometry":{"type":"Polygon","coordinates":[[[35.7365,33.9065],[35.7419,33.904],[35.7427,33.9008],[35.7458,33.9044],[35.7458,33.9074],[35.7397,33.9083],[35.7365,33.9065]]]},"properties":{"adm3_name":"Aain Ez-Zeitouneh","adm2_name":"El Meten","adm1_name":"Mount Lebanon"}},
{"type":"Feature","geometry":{"type":"Polygon","coordinates":[[[35.7461,33.8804],[35.7524,33.886],[35.7489,33.8863],[35.7482,33.8888],[35.7373,33.8846],[35.7362,33.8805],[35.7386,33.8796],[35.7428,33.8814],[35.7461,33.8804]]]},"properties":{"adm3_name":"Mchikha","adm2_name":"El Meten","adm1_name":"Mount Lebanon"}},
{"type":"Feature","geometry":{"type":"Polygon","coordinates":[[[35.7248,33.9015],[35.7263,33.8983],[35.7267,33.8937],[35.7198,33.8872],[35.7201,33.8851],[35.7228,33.8871],[35.7255,33.8913],[35.7305,33.893],[35.7288,33.8948],[35.7309,33.8989],[35.7263,33.8986],[35.7248,33.9015]]]},"properties":{"adm3_name":"Khillet El-Mtain","adm2_name":"El Meten","adm1_name":"Mount Lebanon"}},
{"type":"Feature","geometry":{"type":"Polygon","coordinates":[[[35.733,33.9047],[35.7309,33.8989],[35.7288,33.8948],[35.7305,33.893],[35.733,33.8939],[35.7427,33.9008],[35.7419,33.904],[35.7365,33.9065],[35.733,33.9047]]]},"properties":{"adm3_name":"Bnabil","adm2_name":"El Meten","adm1_name":"Mount Lebanon"}},
{"type":"Feature","geometry":{"type":"Polygon","coordinates":[[[35.7281,33.9174],[35.7226,33.9159],[35.7198,33.9134],[35.7255,33.9087],[35.7266,33.9061],[35.73,33.9066],[35.7302,33.9098],[35.735,33.9109],[35.7289,33.9142],[35.7281,33.9174]]]},"properties":{"adm3_name":"Aain es-Sofsaf El-Matn","adm2_name":"El Meten","adm1_name":"Mount Lebanon"}},
{"type":"Feature","geometry":{"type":"Polygon","coordinates":[[[35.735,33.9109],[35.7302,33.9098],[35.73,33.9066],[35.733,33.9047],[35.7365,33.9065],[35.7397,33.9083],[35.7458,33.9074],[35.7502,33.9073],[35.7488,33.9125],[35.7414,33.9115],[35.7364,33.9098],[35.735,33.9109]]]},"properties":{"adm3_name":"Ouata El-Mrouj","adm2_name":"El Meten","adm1_name":"Mount Lebanon"}},
{"type":"Feature","geometry":{"type":"Polygon","coordinates":[[[35.7488,33.9125],[35.7502,33.9073],[35.7517,33.9048],[35.7644,33.9071],[35.7649,33.91],[35.7677,33.9101],[35.7662,33.9144],[35.7594,33.9135],[35.7572,33.9118],[35.7521,33.9148],[35.7488,33.9125]]]},"properties":{"adm3_name":"Mrouj","adm2_name":"El Meten","adm1_name":"Mount Lebanon"}},
{"type":"Feature","geometry":{"type":"Polygon","coordinates":[[[35.7484,33.9205],[35.7453,33.919],[35.7462,33.9155],[35.7488,33.9125],[35.7521,33.9148],[35.7572,33.9118],[35.7594,33.9135],[35.7662,33.9144],[35.7688,33.918],[35.7655,33.9223],[35.7616,33.9231],[35.7578,33.9209],[35.7568,33.9187],[35.7513,33.9219],[35.7484,33.9205]]]},"properties":{"adm3_name":"Marjaba","adm2_name":"El Meten","adm1_name":"Mount Lebanon"}},
{"type":"Feature","geometry":{"type":"Polygon","coordinates":[[[35.73,33.9066],[35.7266,33.9061],[35.7209,33.9047],[35.7248,33.9015],[35.7263,33.8986],[35.7309,33.8989],[35.733,33.9047],[35.73,33.9066]]]},"properties":{"adm3_name":"Aain Es-Sindiane","adm2_name":"El Meten","adm1_name":"Mount Lebanon"}},
{"type":"Feature","geometry":{"type":"Polygon","coordinates":[[[35.7059,33.9028],[35.7014,33.8968],[35.7066,33.8934],[35.7053,33.892],[35.7112,33.891],[35.7155,33.9001],[35.7106,33.9037],[35.7059,33.9028]]]},"properties":{"adm3_name":"Zaraaoun","adm2_name":"El Meten","adm1_name":"Mount Lebanon"}},
{"type":"Feature","geometry":{"type":"Polygon","coordinates":[[[35.7248,33.9015],[35.7209,33.9047],[35.7185,33.9042],[35.7155,33.9001],[35.7112,33.891],[35.7053,33.892],[35.7052,33.8922],[35.6984,33.8947],[35.6983,33.8911],[35.698,33.89],[35.7006,33.8884],[35.7093,33.8871],[35.7113,33.8858],[35.7185,33.886],[35.7198,33.8872],[35.7267,33.8937],[35.7263,33.8983],[35.7248,33.9015]]]},"properties":{"adm3_name":"Qaaqour","adm2_name":"El Meten","adm1_name":"Mount Lebanon"}},
{"type":"Feature","geometry":{"type":"Polygon","coordinates":[[[35.7389,33.9327],[35.7345,33.9297],[35.7297,33.9202],[35.7281,33.9174],[35.7289,33.9142],[35.735,33.9109],[35.7364,33.9098],[35.7414,33.9115],[35.7488,33.9125],[35.7462,33.9155],[35.7453,33.919],[35.7484,33.9205],[35.744,33.927],[35.74,33.928],[35.7389,33.9327]]]},"properties":{"adm3_name":"Khinchara","adm2_name":"El Meten","adm1_name":"Mount Lebanon"}},
{"type":"Feature","geometry":{"type":"Polygon","coordinates":[[[35.8247,33.9004],[35.8278,33.9039],[35.8277,33.9082],[35.8241,33.9106],[35.8137,33.912],[35.8009,33.9087],[35.7987,33.9091],[35.7888,33.9039],[35.7891,33.9018],[35.7822,33.8972],[35.7749,33.8936],[35.7709,33.8899],[35.7709,33.8871],[35.7722,33.8858],[35.7711,33.8846],[35.7725,33.8804],[35.7712,33.8791],[35.7737,33.8792],[35.7818,33.8837],[35.7888,33.8859],[35.7952,33.8862],[35.7982,33.8878],[35.7977,33.8965],[35.8097,33.8999],[35.8156,33.8973],[35.8184,33.8991],[35.8247,33.9004]]]},"properties":{"adm3_name":"Aintoura El-Matn","adm2_name":"El Meten","adm1_name":"Mount Lebanon"}},
{"type":"Feature","geometry":{"type":"Polygon","coordinates":[[[35.7284,33.9307],[35.7264,33.9301],[35.7263,33.9295],[35.7257,33.9259],[35.7197,33.9225],[35.7123,33.9156],[35.7086,33.9162],[35.7092,33.9142],[35.7041,33.9092],[35.7095,33.9081],[35.7106,33.9037],[35.7155,33.9001],[35.7185,33.9042],[35.7209,33.9047],[35.7266,33.9061],[35.7255,33.9087],[35.7198,33.9134],[35.7226,33.9159],[35.7281,33.9174],[35.7297,33.9202],[35.7278,33.9223],[35.7284,33.9307]]]},"properties":{"adm3_name":"Choueir","adm2_name":"El Meten","adm1_name":"Mount Lebanon"}},
{"type":"Feature","geometry":{"type":"Polygon","coordinates":[[[35.7412,33.9368],[35.7389,33.9327],[35.74,33.928],[35.744,33.927],[35.7484,33.9205],[35.7513,33.9219],[35.7568,33.9187],[35.7578,33.9209],[35.7616,33.9231],[35.7655,33.9223],[35.7706,33.9203],[35.7783,33.9215],[35.7785,33.9229],[35.7729,33.9249],[35.7791,33.927],[35.7844,33.928],[35.786,33.9295],[35.7835,33.9318],[35.7771,33.9322],[35.7748,33.9353],[35.7688,33.9347],[35.7628,33.9314],[35.7561,33.9331],[35.7516,33.9331],[35.7507,33.9352],[35.7412,33.9368]]]},"properties":{"adm3_name":"Bteghrine","adm2_name":"El Meten","adm1_name":"Mount Lebanon"}},
{"type":"Feature","geometry":{"type":"Polygon","coordinates":[[[35.6998,33.9092],[35.6953,33.9105],[35.6915,33.9097],[35.6962,33.9041],[35.6947,33.8986],[35.6984,33.8947],[35.7052,33.8922],[35.7066,33.8934],[35.7014,33.8968],[35.7059,33.9028],[35.7011,33.9033],[35.6998,33.9092]]]},"properties":{"adm3_name":"Douar El-Matn","adm2_name":"El Meten","adm1_name":"Mount Lebanon"}},
{"type":"Feature","geometry":{"type":"Polygon","coordinates":[[[35.7142,33.9338],[35.7086,33.9349],[35.7071,33.9322],[35.7103,33.9308],[35.7106,33.9282],[35.7032,33.9283],[35.7029,33.9264],[35.708,33.923],[35.7076,33.9227],[35.7093,33.9227],[35.7094,33.925],[35.7128,33.9272],[35.7181,33.9257],[35.7236,33.9275],[35.7263,33.9295],[35.7264,33.9301],[35.7263,33.9312],[35.7215,33.9363],[35.7182,33.9339],[35.7142,33.9338]]]},"properties":{"adm3_name":"Chouaya El-Matn","adm2_name":"El Meten","adm1_name":"Mount Lebanon"}},
{"type":"Feature","geometry":{"type":"Polygon","coordinates":[[[35.7041,33.9092],[35.6998,33.9092],[35.7011,33.9033],[35.7059,33.9028],[35.7106,33.9037],[35.7095,33.9081],[35.7041,33.9092]]]},"properties":{"adm3_name":"Aayroun","adm2_name":"El Meten","adm1_name":"Mount Lebanon"}},
{"type":"Feature","geometry":{"type":"Polygon","coordinates":[[[35.7263,33.9295],[35.7236,33.9275],[35.7181,33.9257],[35.7128,33.9272],[35.7094,33.925],[35.7093,33.9227],[35.7076,33.9227],[35.7024,33.9176],[35.7031,33.9166],[35.7086,33.9162],[35.7123,33.9156],[35.7197,33.9225],[35.7257,33.9259],[35.7263,33.9295]]]},"properties":{"adm3_name":"Zighrine El-Matn","adm2_name":"El Meten","adm1_name":"Mount Lebanon"}},
{"type":"Feature","geometry":{"type":"Polygon","coordinates":[[[35.8247,33.9004],[35.8184,33.8991],[35.8156,33.8973],[35.8097,33.8999],[35.7977,33.8965],[35.7982,33.8878],[35.8059,33.8863],[35.8125,33.8866],[35.8166,33.8854],[35.825,33.8849],[35.8309,33.8818],[35.8385,33.8832],[35.8417,33.8871],[35.8373,33.8901],[35.8319,33.8898],[35.8288,33.8912],[35.8231,33.8882],[35.8156,33.8889],[35.8146,33.8903],[35.8236,33.8954],[35.8328,33.8988],[35.8296,33.9014],[35.8247,33.9004]]]},"properties":{"adm3_name":"Majdel tarchich","adm2_name":"El Meten","adm1_name":"Mount Lebanon"}},
{"type":"Feature","geometry":{"type":"Polygon","coordinates":[[[35.7579,33.9391],[35.7561,33.9331],[35.7628,33.9314],[35.7688,33.9347],[35.7748,33.9353],[35.7792,33.9355],[35.7809,33.9371],[35.78,33.9415],[35.7706,33.9416],[35.769,33.9448],[35.7651,33.9467],[35.7611,33.9438],[35.7574,33.9409],[35.7579,33.9391]]]},"properties":{"adm3_name":"Aain El-Qabu","adm2_name":"El Meten","adm1_name":"Mount Lebanon"}},
{"type":"Feature","geometry":{"type":"Polygon","coordinates":[[[35.745,33.9503],[35.7411,33.9497],[35.7338,33.945],[35.7329,33.943],[35.7344,33.9423],[35.7377,33.9395],[35.7412,33.9368],[35.7507,33.9352],[35.7516,33.9331],[35.7561,33.9331],[35.7579,33.9391],[35.7549,33.9392],[35.7543,33.9429],[35.7492,33.9426],[35.7501,33.9452],[35.745,33.9503]]]},"properties":{"adm3_name":"Kfar Aaqab","adm2_name":"El Meten","adm1_name":"Mount Lebanon"}},
{"type":"Feature","geometry":{"type":"Polygon","coordinates":[[[35.6915,33.9097],[35.6845,33.9087],[35.6829,33.9068],[35.6819,33.9056],[35.6838,33.8975],[35.6875,33.896],[35.6931,33.8907],[35.6983,33.8911],[35.6984,33.8947],[35.6947,33.8986],[35.6962,33.9041],[35.6915,33.9097]]]},"properties":{"adm3_name":"Mar Moussa Ed-Douar","adm2_name":"El Meten","adm1_name":"Mount Lebanon"}},
{"type":"Feature","geometry":{"type":"Polygon","coordinates":[[[35.7501,33.9452],[35.7492,33.9426],[35.7543,33.9429],[35.7549,33.9392],[35.7579,33.9391],[35.7574,33.9409],[35.7611,33.9438],[35.7611,33.9472],[35.7587,33.9486],[35.7501,33.9452]]]},"properties":{"adm3_name":"Machraah El-Matn","adm2_name":"El Meten","adm1_name":"Mount Lebanon"}},
{"type":"Feature","geometry":{"type":"Polygon","coordinates":[[[35.748,33.961],[35.7484,33.9598],[35.7434,33.9561],[35.745,33.9503],[35.7501,33.9452],[35.7587,33.9486],[35.7579,33.9536],[35.7547,33.9556],[35.7556,33.9606],[35.7548,33.9618],[35.748,33.961]]]},"properties":{"adm3_name":"Ouadi El-Karm El-Matn","adm2_name":"El Meten","adm1_name":"Mount Lebanon"}},
{"type":"Feature","geometry":{"type":"Polygon","coordinates":[[[35.7381,33.9608],[35.7286,33.9572],[35.7248,33.9545],[35.7292,33.9457],[35.729,33.9441],[35.7329,33.943],[35.7338,33.945],[35.7411,33.9497],[35.745,33.9503],[35.7434,33.9561],[35.7484,33.9598],[35.748,33.961],[35.7424,33.9594],[35.7381,33.9608]]]},"properties":{"adm3_name":"Zabbougha","adm2_name":"El Meten","adm1_name":"Mount Lebanon"}},
{"type":"Feature","geometry":{"type":"Polygon","coordinates":[[[35.8127,33.9794],[35.8069,33.9752],[35.8067,33.9724],[35.8044,33.9688],[35.799,33.9702],[35.7943,33.9698],[35.7885,33.9657],[35.7829,33.9663],[35.7765,33.9652],[35.7734,33.9664],[35.7764,33.9601],[35.7715,33.9546],[35.7717,33.9521],[35.7667,33.9523],[35.7642,33.9496],[35.7587,33.9486],[35.7611,33.9472],[35.7611,33.9438],[35.7651,33.9467],[35.769,33.9448],[35.7706,33.9416],[35.78,33.9415],[35.7809,33.9371],[35.7792,33.9355],[35.7748,33.9353],[35.7771,33.9322],[35.7835,33.9318],[35.786,33.9295],[35.7906,33.9287],[35.7945,33.9265],[35.7971,33.9289],[35.8024,33.9291],[35.8094,33.9338],[35.8089,33.9367],[35.8111,33.9393],[35.8154,33.9379],[35.8165,33.9352],[35.8199,33.9327],[35.8246,33.9327],[35.8273,33.9304],[35.8285,33.9271],[35.8273,33.9242],[35.8355,33.9237],[35.8457,33.92],[35.8489,33.9166],[35.8538,33.9178],[35.8518,33.9246],[35.8516,33.9296],[35.8547,33.9356],[35.8557,33.9405],[35.859,33.945],[35.859,33.9481],[35.8534,33.9532],[35.8465,33.9634],[35.8333,33.9679],[35.8294,33.9727],[35.8281,33.9767],[35.8215,33.9794],[35.8178,33.9798],[35.8127,33.9794]]]},"properties":{"adm3_name":"Baskinta","adm2_name":"El Meten","adm1_name":"Mount Lebanon"}},
{"type":"Feature","geometry":{"type":"MultiPolygon","coordinates":[[[[35.7679,33.9565],[35.7673,33.9546],[35.7624,33.9544],[35.7556,33.9606],[35.7547,33.9556],[35.7579,33.9536],[35.7587,33.9486],[35.7642,33.9496],[35.7667,33.9523],[35.7717,33.9521],[35.7715,33.9546],[35.7679,33.9565]]],[[[35.8127,33.9794],[35.8104,33.9806],[35.8029,33.9795],[35.7977,33.9802],[35.7962,33.9765],[35.8044,33.9727],[35.8067,33.9724],[35.8069,33.9752],[35.8127,33.9794]]]]},"properties":{"adm3_name":"Kfar Tay El-Matn","adm2_name":"El Meten","adm1_name":"Mount Lebanon"}},
{"type":"Feature","geometry":{"type":"Polygon","coordinates":[[[35.7494,33.7425],[35.7428,33.7454],[35.7322,33.7468],[35.724,33.7463],[35.7215,33.7474],[35.7174,33.746],[35.7191,33.7441],[35.7253,33.745],[35.7354,33.7451],[35.7411,33.7439],[35.7477,33.74],[35.7494,33.7425]]]},"properties":{"adm3_name":"Litige","adm2_name":"Chouf","adm1_name":"Mount Lebanon"}},
{"type":"Feature","geometry":{"type":"Polygon","coordinates":[[[35.6792,33.7386],[35.6781,33.7362],[35.6739,33.7343],[35.67,33.7318],[35.6646,33.7268],[35.6676,33.7261],[35.6676,33.7205],[35.6774,33.7271],[35.6848,33.7242],[35.6875,33.7249],[35.6889,33.7265],[35.6858,33.7317],[35.6889,33.7334],[35.6792,33.7386]]]},"properties":{"adm3_name":"Litige","adm2_name":"Chouf","adm1_name":"Mount Lebanon"}},
{"type":"Feature","geometry":{"type":"Polygon","coordinates":[[[35.5687,33.7261],[35.5653,33.727],[35.5585,33.7219],[35.5591,33.7216],[35.5614,33.7239],[35.5664,33.7263],[35.5687,33.7261]]]},"properties":{"adm3_name":"Litige","adm2_name":"Chouf","adm1_name":"Mount Lebanon"}},
{"type":"Feature","geometry":{"type":"Polygon","coordinates":[[[35.6742,33.6319],[35.6684,33.6321],[35.6688,33.6297],[35.6732,33.6263],[35.6742,33.6319]]]},"properties":{"adm3_name":"Litige","adm2_name":"Chouf","adm1_name":"Mount Lebanon"}},
{"type":"Feature","geometry":{"type":"Polygon","coordinates":[[[35.4769,33.6214],[35.4766,33.6221],[35.4763,33.6219],[35.4769,33.6214]]]},"properties":{"adm3_name":"Litige","adm2_name":"Chouf","adm1_name":"Mount Lebanon"}},
{"type":"Feature","geometry":{"type":"Polygon","coordinates":[[[35.4772,33.5958],[35.4762,33.5955],[35.4757,33.5925],[35.4702,33.592],[35.4759,33.5886],[35.4798,33.5899],[35.4772,33.5958]]]},"properties":{"adm3_name":"Litige","adm2_name":"Chouf","adm1_name":"Mount Lebanon"}},
{"type":"Feature","geometry":{"type":"Polygon","coordinates":[[[35.5894,33.5918],[35.5846,33.5916],[35.5825,33.5902],[35.5867,33.5868],[35.5899,33.5872],[35.587,33.5889],[35.5894,33.5918]]]},"properties":{"adm3_name":"Litige","adm2_name":"Chouf","adm1_name":"Mount Lebanon"}},
{"type":"Feature","geometry":{"type":"Polygon","coordinates":[[[35.463,33.7347],[35.4611,33.7342],[35.4552,33.7364],[35.4531,33.7341],[35.4534,33.7297],[35.4518,33.7286],[35.4454,33.7296],[35.4444,33.7248],[35.4435,33.7108],[35.4391,33.7059],[35.4366,33.6983],[35.4259,33.6953],[35.4227,33.6957],[35.4168,33.6894],[35.4272,33.6887],[35.4309,33.6875],[35.4375,33.6875],[35.437,33.6926],[35.4419,33.6952],[35.4401,33.699],[35.4447,33.7036],[35.4573,33.7014],[35.4613,33.7015],[35.4661,33.7047],[35.467,33.7021],[35.471,33.7015],[35.4752,33.6983],[35.4779,33.6997],[35.4825,33.6995],[35.4783,33.7001],[35.4751,33.6986],[35.4689,33.7031],[35.4635,33.7094],[35.4654,33.7109],[35.4616,33.7153],[35.4697,33.7169],[35.4722,33.715],[35.4793,33.7171],[35.4793,33.7204],[35.4747,33.7199],[35.4711,33.718],[35.4699,33.7221],[35.474,33.7231],[35.4742,33.7275],[35.4784,33.7292],[35.4735,33.7289],[35.4644,33.7322],[35.463,33.7347]]]},"properties":{"adm3_name":"Damour","adm2_name":"Chouf","adm1_name":"Mount Lebanon"}},
{"type":"Feature","geometry":{"type":"Polygon","coordinates":[[[35.4601,33.7638],[35.459,33.7638],[35.4534,33.7542],[35.4514,33.7529],[35.4506,33.749],[35.4459,33.7378],[35.4454,33.7296],[35.4518,33.7286],[35.4534,33.7297],[35.4531,33.7341],[35.4552,33.7364],[35.4611,33.7342],[35.463,33.7347],[35.4671,33.7372],[35.4669,33.7411],[35.4715,33.7446],[35.4753,33.7422],[35.4884,33.7402],[35.4889,33.7438],[35.4829,33.7468],[35.4816,33.7498],[35.4804,33.7511],[35.4725,33.7522],[35.471,33.7533],[35.4655,33.7526],[35.4652,33.7569],[35.4678,33.7608],[35.4609,33.7612],[35.4601,33.7638]]]},"properties":{"adm3_name":"Naameh","adm2_name":"Chouf","adm1_name":"Mount Lebanon"}},
{"type":"Feature","geometry":{"type":"Polygon","coordinates":[[[35.4793,33.7171],[35.4722,33.715],[35.4697,33.7169],[35.4616,33.7153],[35.4654,33.7109],[35.4635,33.7094],[35.4689,33.7031],[35.4751,33.6986],[35.4783,33.7001],[35.4825,33.6995],[35.4843,33.7007],[35.4902,33.7009],[35.4911,33.7014],[35.4918,33.7078],[35.4874,33.7084],[35.4874,33.7156],[35.4825,33.7155],[35.4793,33.7171]]]},"properties":{"adm3_name":"Mechref","adm2_name":"Chouf","adm1_name":"Mount Lebanon"}},
{"type":"Feature","geometry":{"type":"Polygon","coordinates":[[[35.4701,33.6438],[35.4704,33.6391],[35.4694,33.637],[35.4636,33.6359],[35.4609,33.6328],[35.4653,33.6311],[35.4695,33.6323],[35.472,33.6309],[35.4766,33.6221],[35.4769,33.6214],[35.4777,33.6199],[35.4804,33.6161],[35.4883,33.6141],[35.4914,33.6112],[35.4949,33.6099],[35.4962,33.6102],[35.4973,33.6182],[35.5023,33.6263],[35.5019,33.6309],[35.5045,33.6338],[35.5006,33.6356],[35.4998,33.6377],[35.5009,33.6422],[35.4974,33.6418],[35.4957,33.6435],[35.4905,33.6437],[35.4848,33.6409],[35.4749,33.645],[35.4701,33.6438]]]},"properties":{"adm3_name":"Chhim","adm2_name":"Chouf","adm1_name":"Mount Lebanon"}},
{"type":"Feature","geometry":{"type":"Polygon","coordinates":[[[35.4655,33.6178],[35.4676,33.6159],[35.4668,33.6115],[35.4707,33.6049],[35.4709,33.6018],[35.4742,33.6007],[35.4762,33.5955],[35.4772,33.5958],[35.4811,33.6004],[35.4853,33.6011],[35.4878,33.6],[35.4935,33.6003],[35.4951,33.6022],[35.4928,33.6055],[35.4949,33.6099],[35.4914,33.6112],[35.4883,33.6141],[35.4804,33.6161],[35.4777,33.6199],[35.4758,33.6209],[35.4693,33.6178],[35.4655,33.6178]]]},"properties":{"adm3_name":"Mazboud","adm2_name":"Chouf","adm1_name":"Mount Lebanon"}},
{"type":"Feature","geometry":{"type":"Polygon","coordinates":[[[35.4524,33.6332],[35.451,33.6293],[35.4536,33.6268],[35.4525,33.621],[35.46,33.6204],[35.4655,33.6178],[35.4693,33.6178],[35.4758,33.6209],[35.4777,33.6199],[35.4769,33.6214],[35.4763,33.6219],[35.4766,33.6221],[35.472,33.6309],[35.4695,33.6323],[35.4653,33.6311],[35.4609,33.6328],[35.4568,33.6323],[35.4524,33.6332]]]},"properties":{"adm3_name":"Dalhoun","adm2_name":"Chouf","adm1_name":"Mount Lebanon"}},
{"type":"Feature","geometry":{"type":"Polygon","coordinates":[[[35.4676,33.6468],[35.4583,33.6453],[35.4525,33.6395],[35.4508,33.6354],[35.4524,33.6332],[35.4568,33.6323],[35.4609,33.6328],[35.4636,33.6359],[35.4694,33.637],[35.4704,33.6391],[35.4701,33.6438],[35.4676,33.6468]]]},"properties":{"adm3_name":"Chammis Ech-Chouf","adm2_name":"Chouf","adm1_name":"Mount Lebanon"}},
{"type":"Feature","geometry":{"type":"Polygon","coordinates":[[[35.5009,33.6615],[35.5026,33.6584],[35.5009,33.6544],[35.5041,33.6514],[35.501,33.6467],[35.4926,33.6465],[35.4873,33.6464],[35.4848,33.6409],[35.4905,33.6437],[35.4957,33.6435],[35.4974,33.6418],[35.5009,33.6422],[35.4998,33.6377],[35.5006,33.6356],[35.5045,33.6338],[35.5085,33.6346],[35.5121,33.6384],[35.5137,33.6426],[35.5247,33.6428],[35.5269,33.6445],[35.529,33.6489],[35.5223,33.6525],[35.5194,33.6528],[35.5153,33.6487],[35.5136,33.6499],[35.5132,33.657],[35.5077,33.6614],[35.5009,33.6615]]]},"properties":{"adm3_name":"Daraiya Ech-Chouf","adm2_name":"Chouf","adm1_name":"Mount Lebanon"}},
{"type":"Feature","geometry":{"type":"Polygon","coordinates":[[[35.4464,33.6228],[35.4414,33.6156],[35.4422,33.6128],[35.4409,33.6086],[35.448,33.6079],[35.4538,33.6088],[35.4574,33.611],[35.4627,33.61],[35.4668,33.6115],[35.4676,33.6159],[35.4655,33.6178],[35.46,33.6204],[35.4525,33.621],[35.4464,33.6228]]]},"properties":{"adm3_name":"Ketermaya","adm2_name":"Chouf","adm1_name":"Mount Lebanon"}},
{"type":"Feature","geometry":{"type":"Polygon","coordinates":[[[35.4323,33.6357],[35.439,33.6307],[35.4411,33.626],[35.4464,33.6228],[35.4525,33.621],[35.4536,33.6268],[35.451,33.6293],[35.4524,33.6332],[35.4508,33.6354],[35.4421,33.6373],[35.437,33.6358],[35.4323,33.6357]]]},"properties":{"adm3_name":"Maaniyeh","adm2_name":"Chouf","adm1_name":"Mount Lebanon"}},
{"type":"Feature","geometry":{"type":"Polygon","coordinates":[[[35.4954,33.6833],[35.4949,33.6804],[35.4907,33.6779],[35.4963,33.6779],[35.4984,33.6763],[35.4984,33.6727],[35.5013,33.673],[35.5015,33.6746],[35.5024,33.6765],[35.4988,33.6805],[35.4982,33.6834],[35.4954,33.6833]]]},"properties":{"adm3_name":"Ouadi Abou Youssef","adm2_name":"Chouf","adm1_name":"Mount Lebanon"}},
{"type":"Feature","geometry":{"type":"Polygon","coordinates":[[[35.5269,33.6445],[35.5247,33.6428],[35.5137,33.6426],[35.5121,33.6384],[35.5085,33.6346],[35.5045,33.6338],[35.5019,33.6309],[35.5023,33.6263],[35.4973,33.6182],[35.4962,33.6102],[35.4949,33.6099],[35.4928,33.6055],[35.4951,33.6022],[35.4975,33.6041],[35.5035,33.6064],[35.5067,33.6111],[35.5191,33.6185],[35.5265,33.6184],[35.5301,33.6228],[35.5283,33.6252],[35.5292,33.6282],[35.5277,33.6343],[35.5279,33.6394],[35.5269,33.6445]]]},"properties":{"adm3_name":"Aanout","adm2_name":"Chouf","adm1_name":"Mount Lebanon"}},
{"type":"Feature","geometry":{"type":"Polygon","coordinates":[[[35.4323,33.6357],[35.4236,33.6338],[35.4204,33.6318],[35.4124,33.6261],[35.4007,33.6259],[35.3993,33.6268],[35.3984,33.6233],[35.3991,33.6165],[35.4014,33.6164],[35.406,33.6187],[35.4113,33.6206],[35.4169,33.6207],[35.4255,33.6159],[35.4299,33.6143],[35.4414,33.6156],[35.4464,33.6228],[35.4411,33.626],[35.439,33.6307],[35.4323,33.6357]]]},"properties":{"adm3_name":"Sibline","adm2_name":"Chouf","adm1_name":"Mount Lebanon"}},
{"type":"Feature","geometry":{"type":"Polygon","coordinates":[[[35.4667,33.6556],[35.4665,33.6524],[35.4696,33.6524],[35.4676,33.6468],[35.4701,33.6438],[35.4749,33.645],[35.4848,33.6409],[35.4873,33.6464],[35.4926,33.6465],[35.4895,33.6491],[35.4923,33.6521],[35.4947,33.6579],[35.4941,33.6608],[35.4847,33.6608],[35.4807,33.6632],[35.4723,33.6588],[35.468,33.6589],[35.4667,33.6556]]]},"properties":{"adm3_name":"Bourjein","adm2_name":"Chouf","adm1_name":"Mount Lebanon"}},
{"type":"Feature","geometry":{"type":"Polygon","coordinates":[[[35.4305,33.6554],[35.4242,33.6527],[35.4202,33.6502],[35.4182,33.6475],[35.4193,33.6429],[35.4116,33.6409],[35.4193,33.638],[35.4238,33.639],[35.4249,33.6366],[35.4198,33.6343],[35.4204,33.6318],[35.4236,33.6338],[35.4323,33.6357],[35.437,33.6358],[35.4421,33.6373],[35.4508,33.6354],[35.4525,33.6395],[35.4583,33.6453],[35.4676,33.6468],[35.4696,33.6524],[35.4665,33.6524],[35.4626,33.6529],[35.4595,33.6483],[35.4548,33.6502],[35.4542,33.6527],[35.4473,33.652],[35.4424,33.6531],[35.4412,33.6549],[35.4365,33.6571],[35.4305,33.6554]]]},"properties":{"adm3_name":"Barja","adm2_name":"Chouf","adm1_name":"Mount Lebanon"}},
{"type":"Feature","geometry":{"type":"Polygon","coordinates":[[[35.5013,33.673],[35.4984,33.6727],[35.4984,33.6763],[35.4963,33.6779],[35.4907,33.6779],[35.4929,33.6749],[35.4954,33.6742],[35.4909,33.6703],[35.4972,33.6638],[35.4992,33.663],[35.5032,33.6659],[35.5029,33.6706],[35.5013,33.673]]]},"properties":{"adm3_name":"Bkechtine Ouel Mcheiaa","adm2_name":"Chouf","adm1_name":"Mount Lebanon"}},
{"type":"Feature","geometry":{"type":"Polygon","coordinates":[[[35.4364,33.6753],[35.4325,33.676],[35.432,33.6716],[35.4338,33.6646],[35.4325,33.6585],[35.4305,33.6554],[35.4365,33.6571],[35.4412,33.6549],[35.4424,33.6531],[35.4473,33.652],[35.4542,33.6527],[35.4548,33.6502],[35.4595,33.6483],[35.4626,33.6529],[35.4665,33.6524],[35.4667,33.6556],[35.4623,33.6544],[35.4616,33.6606],[35.457,33.6612],[35.4545,33.663],[35.4539,33.6684],[35.4515,33.6716],[35.4452,33.6753],[35.4364,33.6753]]]},"properties":{"adm3_name":"Baassir","adm2_name":"Chouf","adm1_name":"Mount Lebanon"}},
{"type":"Feature","geometry":{"type":"Polygon","coordinates":[[[35.4752,33.6983],[35.471,33.7015],[35.467,33.7021],[35.4661,33.7047],[35.4613,33.7015],[35.4573,33.7014],[35.4447,33.7036],[35.4401,33.699],[35.4419,33.6952],[35.437,33.6926],[35.4375,33.6875],[35.44,33.6858],[35.4451,33.6833],[35.45,33.6876],[35.4535,33.6878],[35.4584,33.6854],[35.4582,33.6794],[35.4531,33.677],[35.4515,33.6716],[35.4539,33.6684],[35.4545,33.663],[35.457,33.6612],[35.4616,33.6606],[35.4623,33.6544],[35.4667,33.6556],[35.468,33.6589],[35.4723,33.6588],[35.4807,33.6632],[35.4847,33.6608],[35.4941,33.6608],[35.4947,33.6579],[35.4923,33.6521],[35.4895,33.6491],[35.4926,33.6465],[35.501,33.6467],[35.5041,33.6514],[35.5009,33.6544],[35.5026,33.6584],[35.5009,33.6615],[35.4992,33.663],[35.4972,33.6638],[35.4909,33.6703],[35.4954,33.6742],[35.4929,33.6749],[35.4907,33.6779],[35.4949,33.6804],[35.4954,33.6833],[35.4913,33.6829],[35.4864,33.6845],[35.4857,33.689],[35.4795,33.6931],[35.4754,33.694],[35.4733,33.6961],[35.4752,33.6983]]]},"properties":{"adm3_name":"Dibbiyeh","adm2_name":"Chouf","adm1_name":"Mount Lebanon"}},
{"type":"Feature","geometry":{"type":"Polygon","coordinates":[[[35.5097,33.6791],[35.509,33.6753],[35.5143,33.6749],[35.5175,33.6724],[35.5197,33.6739],[35.517,33.6808],[35.5097,33.6791]]]},"properties":{"adm3_name":"Benouati Ech-Chouf","adm2_name":"Chouf","adm1_name":"Mount Lebanon"}},
{"type":"Feature","geometry":{"type":"Polygon","coordinates":[[[35.4375,33.6875],[35.4309,33.6875],[35.4272,33.6887],[35.4168,33.6894],[35.4156,33.6874],[35.4183,33.6853],[35.4171,33.6704],[35.4175,33.6639],[35.4163,33.6571],[35.4137,33.6516],[35.4067,33.6489],[35.3988,33.6484],[35.3979,33.6456],[35.3992,33.6421],[35.4022,33.6427],[35.4089,33.6421],[35.4116,33.6409],[35.4193,33.6429],[35.4182,33.6475],[35.4202,33.6502],[35.4242,33.6527],[35.4305,33.6554],[35.4325,33.6585],[35.4338,33.6646],[35.432,33.6716],[35.4325,33.676],[35.4364,33.6753],[35.4374,33.6819],[35.44,33.6858],[35.4375,33.6875]]]},"properties":{"adm3_name":"Jiyeh","adm2_name":"Chouf","adm1_name":"Mount Lebanon"}},
{"type":"Feature","geometry":{"type":"Polygon","coordinates":[[[35.4116,33.6409],[35.4089,33.6421],[35.4022,33.6427],[35.3992,33.6421],[35.4001,33.6382],[35.3989,33.6318],[35.3993,33.6268],[35.4007,33.6259],[35.4124,33.6261],[35.4204,33.6318],[35.4198,33.6343],[35.4249,33.6366],[35.4238,33.639],[35.4193,33.638],[35.4116,33.6409]]]},"properties":{"adm3_name":"Jadra","adm2_name":"Chouf","adm1_name":"Mount Lebanon"}},
{"type":"Feature","geometry":{"type":"Polygon","coordinates":[[[35.4982,33.6834],[35.4988,33.6805],[35.5024,33.6765],[35.5015,33.6746],[35.5077,33.674],[35.509,33.6753],[35.5097,33.6791],[35.507,33.6831],[35.4985,33.6834],[35.4982,33.6834]]]},"properties":{"adm3_name":"Chmaarine","adm2_name":"Chouf","adm1_name":"Mount Lebanon"}},
{"type":"Feature","geometry":{"type":"Polygon","coordinates":[[[35.44,33.6858],[35.4374,33.6819],[35.4364,33.6753],[35.4452,33.6753],[35.4515,33.6716],[35.4531,33.677],[35.4582,33.6794],[35.4584,33.6854],[35.4535,33.6878],[35.45,33.6876],[35.4451,33.6833],[35.44,33.6858]]]},"properties":{"adm3_name":"Dahr Ech-Chouf","adm2_name":"Chouf","adm1_name":"Mount Lebanon"}},
{"type":"Feature","geometry":{"type":"Polygon","coordinates":[[[35.4168,33.6012],[35.4134,33.6005],[35.4107,33.6018],[35.4058,33.6018],[35.4043,33.5982],[35.4007,33.5966],[35.398,33.5908],[35.3988,33.5868],[35.4042,33.5845],[35.4073,33.5816],[35.4101,33.5838],[35.4124,33.5811],[35.4179,33.5811],[35.4198,33.5861],[35.428,33.5929],[35.4278,33.5956],[35.4218,33.5929],[35.4196,33.5959],[35.4193,33.5994],[35.4168,33.6012]]]},"properties":{"adm3_name":"Aalmane Ech-Chouf","adm2_name":"Chouf","adm1_name":"Mount Lebanon"}},
{"type":"Feature","geometry":{"type":"Polygon","coordinates":[[[35.4168,33.6012],[35.4193,33.5994],[35.4196,33.5959],[35.4218,33.5929],[35.4278,33.5956],[35.428,33.5929],[35.432,33.591],[35.4348,33.5935],[35.4382,33.5987],[35.4355,33.6009],[35.4307,33.6033],[35.4229,33.6037],[35.4168,33.6012]]]},"properties":{"adm3_name":"Jmailiyeh","adm2_name":"Chouf","adm1_name":"Mount Lebanon"}},
{"type":"Feature","geometry":{"type":"Polygon","coordinates":[[[35.406,33.6187],[35.4014,33.6164],[35.3991,33.6165],[35.3959,33.608],[35.3886,33.607],[35.3874,33.5929],[35.3858,33.5892],[35.3943,33.5881],[35.3988,33.5868],[35.398,33.5908],[35.4007,33.5966],[35.4043,33.5982],[35.4058,33.6018],[35.4107,33.6018],[35.4134,33.6005],[35.4168,33.6012],[35.4229,33.6037],[35.4224,33.6074],[35.4183,33.6099],[35.4147,33.6085],[35.4093,33.6111],[35.4089,33.6152],[35.406,33.6187]]]},"properties":{"adm3_name":"Rmeilet Ech-Chouf","adm2_name":"Chouf","adm1_name":"Mount Lebanon"}},
{"type":"Feature","geometry":{"type":"Polygon","coordinates":[[[35.4355,33.6009],[35.4382,33.5987],[35.4348,33.5935],[35.4384,33.5924],[35.4434,33.5934],[35.4476,33.5896],[35.4536,33.5914],[35.4526,33.5948],[35.4544,33.5965],[35.4447,33.601],[35.4424,33.6052],[35.4389,33.6065],[35.4371,33.6016],[35.4355,33.6009]]]},"properties":{"adm3_name":"Majdalouna","adm2_name":"Chouf","adm1_name":"Mount Lebanon"}},
{"type":"Feature","geometry":{"type":"Polygon","coordinates":[[[35.4414,33.6156],[35.4299,33.6143],[35.4255,33.6159],[35.4169,33.6207],[35.4113,33.6206],[35.406,33.6187],[35.4089,33.6152],[35.4093,33.6111],[35.4147,33.6085],[35.4183,33.6099],[35.4224,33.6074],[35.4229,33.6037],[35.4307,33.6033],[35.4355,33.6009],[35.4371,33.6016],[35.4389,33.6065],[35.4409,33.6086],[35.4422,33.6128],[35.4414,33.6156]]]},"properties":{"adm3_name":"Ouardaniyeh","adm2_name":"Chouf","adm1_name":"Mount Lebanon"}},
{"type":"Feature","geometry":{"type":"Polygon","coordinates":[[[35.4348,33.5935],[35.432,33.591],[35.428,33.5929],[35.4198,33.5861],[35.4179,33.5811],[35.4212,33.5807],[35.4251,33.5777],[35.4306,33.5769],[35.4289,33.5746],[35.4333,33.5727],[35.4354,33.5704],[35.4402,33.5721],[35.4396,33.5746],[35.447,33.5724],[35.4518,33.5667],[35.4569,33.569],[35.4628,33.5649],[35.4665,33.5649],[35.4711,33.5685],[35.4757,33.5657],[35.4766,33.5699],[35.4792,33.5716],[35.4807,33.5771],[35.4736,33.5784],[35.4759,33.5886],[35.4702,33.592],[35.4603,33.5931],[35.4536,33.5914],[35.4476,33.5896],[35.4434,33.5934],[35.4384,33.5924],[35.4348,33.5935]]]},"properties":{"adm3_name":"Joun","adm2_name":"Chouf","adm1_name":"Mount Lebanon"}},
{"type":"Feature","geometry":{"type":"Polygon","coordinates":[[[35.4668,33.6115],[35.4627,33.61],[35.4574,33.611],[35.4538,33.6088],[35.448,33.6079],[35.4409,33.6086],[35.4389,33.6065],[35.4424,33.6052],[35.4447,33.601],[35.4544,33.5965],[35.4526,33.5948],[35.4536,33.5914],[35.4603,33.5931],[35.4702,33.592],[35.4757,33.5925],[35.4762,33.5955],[35.4742,33.6007],[35.4709,33.6018],[35.4707,33.6049],[35.4668,33.6115]]]},"properties":{"adm3_name":"Mghairiyeh Ech-Chouf","adm2_name":"Chouf","adm1_name":"Mount Lebanon"}},
{"type":"Feature","geometry":{"type":"Polygon","coordinates":[[[35.4772,33.5958],[35.4798,33.5899],[35.4759,33.5886],[35.4736,33.5784],[35.4807,33.5771],[35.4792,33.5716],[35.4831,33.5712],[35.4873,33.5737],[35.493,33.5741],[35.501,33.5734],[35.5044,33.5759],[35.5081,33.5752],[35.513,33.5783],[35.5147,33.5805],[35.521,33.5821],[35.5173,33.5834],[35.513,33.5824],[35.5082,33.5826],[35.5025,33.5834],[35.4963,33.5815],[35.4933,33.583],[35.4866,33.589],[35.4861,33.5906],[35.48,33.5926],[35.4772,33.5958]]]},"properties":{"adm3_name":"Deir El-Moukhalles Ech-Chouf","adm2_name":"Chouf","adm1_name":"Mount Lebanon"}},
{"type":"Feature","geometry":{"type":"Polygon","coordinates":[[[35.4975,33.6041],[35.4951,33.6022],[35.4935,33.6003],[35.4878,33.6],[35.4853,33.6011],[35.4811,33.6004],[35.4772,33.5958],[35.48,33.5926],[35.4861,33.5906],[35.4914,33.5935],[35.4965,33.595],[35.5023,33.5997],[35.5047,33.5995],[35.5054,33.6025],[35.4975,33.6041]]]},"properties":{"adm3_name":"Qreiaa","adm2_name":"Chouf","adm1_name":"Mount Lebanon"}},
{"type":"Feature","geometry":{"type":"Polygon","coordinates":[[[35.5047,33.5995],[35.5023,33.5997],[35.4965,33.595],[35.4914,33.5935],[35.4861,33.5906],[35.4866,33.589],[35.4933,33.583],[35.4963,33.5815],[35.5025,33.5834],[35.5082,33.5826],[35.513,33.5863],[35.5162,33.5869],[35.5156,33.5883],[35.508,33.5888],[35.5063,33.5901],[35.5066,33.5935],[35.5047,33.5995]]]},"properties":{"adm3_name":"Bkifa Ech-Chouf","adm2_name":"Chouf","adm1_name":"Mount Lebanon"}},
{"type":"Feature","geometry":{"type":"Polygon","coordinates":[[[35.5047,33.5995],[35.5066,33.5935],[35.5063,33.5901],[35.508,33.5888],[35.5156,33.5883],[35.5115,33.5913],[35.5126,33.5932],[35.5096,33.5989],[35.5047,33.5995]]]},"properties":{"adm3_name":"Mazmoura","adm2_name":"Chouf","adm1_name":"Mount Lebanon"}},
{"type":"Feature","geometry":{"type":"Polygon","coordinates":[[[35.5393,33.6133],[35.5356,33.6117],[35.5313,33.6043],[35.5362,33.6032],[35.5368,33.6025],[35.541,33.6055],[35.5414,33.6084],[35.5442,33.6091],[35.5486,33.6077],[35.549,33.6114],[35.5444,33.6133],[35.5393,33.6133]]]},"properties":{"adm3_name":"Mtolleh","adm2_name":"Chouf","adm1_name":"Mount Lebanon"}},
{"type":"Feature","geometry":{"type":"Polygon","coordinates":[[[35.5176,33.6017],[35.5136,33.6031],[35.5077,33.6013],[35.5096,33.5989],[35.5126,33.5932],[35.5115,33.5913],[35.5156,33.5883],[35.5162,33.5869],[35.525,33.5865],[35.5396,33.5883],[35.5407,33.5866],[35.5384,33.5827],[35.5353,33.5803],[35.5434,33.5847],[35.5478,33.5873],[35.5494,33.5897],[35.5486,33.5917],[35.5445,33.5969],[35.5408,33.5938],[35.5373,33.5951],[35.539,33.5985],[35.5368,33.6025],[35.5362,33.6032],[35.5333,33.6008],[35.5279,33.5989],[35.5238,33.599],[35.5176,33.6017]]]},"properties":{"adm3_name":"Mazraat Es-Dahr","adm2_name":"Chouf","adm1_name":"Mount Lebanon"}},
{"type":"Feature","geometry":{"type":"Polygon","coordinates":[[[35.5353,33.5803],[35.5384,33.5827],[35.5407,33.5866],[35.5396,33.5883],[35.525,33.5865],[35.5162,33.5869],[35.513,33.5863],[35.5082,33.5826],[35.513,33.5824],[35.5173,33.5834],[35.521,33.5821],[35.5263,33.5802],[35.5328,33.5812],[35.5353,33.5803]]]},"properties":{"adm3_name":"Khirbet Bisri","adm2_name":"Chouf","adm1_name":"Mount Lebanon"}},
{"type":"Feature","geometry":{"type":"Polygon","coordinates":[[[35.5278,33.6117],[35.5242,33.6084],[35.518,33.606],[35.5159,33.603],[35.5176,33.6017],[35.5238,33.599],[35.5279,33.5989],[35.5333,33.6008],[35.5362,33.6032],[35.5313,33.6043],[35.5356,33.6117],[35.5328,33.6137],[35.5278,33.6117]]]},"properties":{"adm3_name":"Jleiliyeh","adm2_name":"Chouf","adm1_name":"Mount Lebanon"}},
{"type":"Feature","geometry":{"type":"Polygon","coordinates":[[[35.5265,33.6184],[35.5191,33.6185],[35.5067,33.6111],[35.5035,33.6064],[35.4975,33.6041],[35.5054,33.6025],[35.5047,33.5995],[35.5096,33.5989],[35.5077,33.6013],[35.5136,33.6031],[35.5176,33.6017],[35.5159,33.603],[35.518,33.606],[35.5242,33.6084],[35.5278,33.6117],[35.5262,33.6148],[35.5265,33.6184]]]},"properties":{"adm3_name":"Zaarouriyeh","adm2_name":"Chouf","adm1_name":"Mount Lebanon"}},
{"type":"Feature","geometry":{"type":"Polygon","coordinates":[[[35.5663,33.6126],[35.5615,33.613],[35.56,33.6144],[35.5582,33.6136],[35.5504,33.6137],[35.549,33.6114],[35.5486,33.6077],[35.5442,33.6091],[35.5414,33.6084],[35.541,33.6055],[35.5368,33.6025],[35.539,33.5985],[35.5373,33.5951],[35.5408,33.5938],[35.5445,33.5969],[35.5486,33.5917],[35.5503,33.5923],[35.5529,33.5969],[35.5562,33.5981],[35.5587,33.603],[35.5631,33.604],[35.5653,33.6017],[35.5712,33.6013],[35.576,33.6019],[35.5757,33.6054],[35.5725,33.6065],[35.5696,33.611],[35.5663,33.6126]]]},"properties":{"adm3_name":"Bsaba Ech-Chouf","adm2_name":"Chouf","adm1_name":"Mount Lebanon"}},
{"type":"Feature","geometry":{"type":"Polygon","coordinates":[[[35.5897,33.6908],[35.5875,33.6993],[35.5891,33.7051],[35.5881,33.7045],[35.5856,33.7029],[35.5806,33.7034],[35.5785,33.6986],[35.5747,33.6957],[35.5746,33.6927],[35.5684,33.6882],[35.5721,33.6853],[35.5756,33.6864],[35.5808,33.6813],[35.5847,33.6846],[35.5865,33.689],[35.5897,33.6908]]]},"properties":{"adm3_name":"Beit Ed-Dine","adm2_name":"Chouf","adm1_name":"Mount Lebanon"}},
{"type":"Feature","geometry":{"type":"Polygon","coordinates":[[[35.5759,33.7098],[35.5735,33.7079],[35.5685,33.7069],[35.5611,33.704],[35.555,33.7031],[35.5528,33.7056],[35.5491,33.7028],[35.5406,33.6995],[35.537,33.6963],[35.531,33.6947],[35.5311,33.693],[35.5339,33.6888],[35.5385,33.6878],[35.5419,33.6884],[35.5513,33.6883],[35.5498,33.6848],[35.5546,33.6853],[35.5635,33.689],[35.5684,33.6882],[35.5746,33.6927],[35.5747,33.6957],[35.5785,33.6986],[35.5806,33.7034],[35.5856,33.7029],[35.5881,33.7045],[35.5856,33.7071],[35.5803,33.708],[35.5759,33.7098]]]},"properties":{"adm3_name":"Deir El-Qamar","adm2_name":"Chouf","adm1_name":"Mount Lebanon"}},
{"type":"Feature","geometry":{"type":"Polygon","coordinates":[[[35.571,33.7144],[35.562,33.711],[35.5528,33.7056],[35.555,33.7031],[35.5611,33.704],[35.5685,33.7069],[35.5735,33.7079],[35.5759,33.7098],[35.576,33.7136],[35.571,33.7144]]]},"properties":{"adm3_name":"Kfar Hamal","adm2_name":"Chouf","adm1_name":"Mount Lebanon"}},
{"type":"Feature","geometry":{"type":"Polygon","coordinates":[[[35.6035,33.6897],[35.5944,33.6884],[35.5897,33.6908],[35.5865,33.689],[35.5847,33.6846],[35.5808,33.6813],[35.5744,33.675],[35.5761,33.6707],[35.5787,33.6706],[35.5813,33.6661],[35.5853,33.6641],[35.5899,33.6627],[35.5947,33.6628],[35.5942,33.6658],[35.598,33.6706],[35.6008,33.6715],[35.6034,33.6766],[35.606,33.6795],[35.6055,33.6857],[35.6066,33.6872],[35.6035,33.6897]]]},"properties":{"adm3_name":"Semqaniyeh","adm2_name":"Chouf","adm1_name":"Mount Lebanon"}},
{"type":"Feature","geometry":{"type":"Polygon","coordinates":[[[35.5994,33.7111],[35.5976,33.7132],[35.5921,33.7155],[35.5801,33.716],[35.5786,33.7155],[35.576,33.7136],[35.5759,33.7098],[35.5803,33.708],[35.5856,33.7071],[35.5881,33.7045],[35.5891,33.7051],[35.5971,33.7061],[35.6006,33.7058],[35.6021,33.7068],[35.5994,33.7111]]]},"properties":{"adm3_name":"Kfar Qatra","adm2_name":"Chouf","adm1_name":"Mount Lebanon"}},
{"type":"Feature","geometry":{"type":"Polygon","coordinates":[[[35.6006,33.7058],[35.5971,33.7061],[35.5891,33.7051],[35.5875,33.6993],[35.5897,33.6908],[35.5944,33.6884],[35.6035,33.6897],[35.6085,33.6917],[35.6136,33.6917],[35.614,33.6953],[35.6106,33.6981],[35.6086,33.7012],[35.6028,33.7053],[35.6006,33.7058]]]},"properties":{"adm3_name":"Maasser Beit Ed-Dine","adm2_name":"Chouf","adm1_name":"Mount Lebanon"}},
{"type":"Feature","geometry":{"type":"Polygon","coordinates":[[[35.5585,33.7219],[35.5562,33.7214],[35.5542,33.7193],[35.5483,33.7179],[35.5458,33.7181],[35.5412,33.7122],[35.5386,33.7114],[35.5465,33.7042],[35.5491,33.7028],[35.5528,33.7056],[35.562,33.711],[35.5598,33.7149],[35.5591,33.7216],[35.5585,33.7219]]]},"properties":{"adm3_name":"Bchtfine","adm2_name":"Chouf","adm1_name":"Mount Lebanon"}},
{"type":"Feature","geometry":{"type":"Polygon","coordinates":[[[35.572,33.7256],[35.571,33.7144],[35.576,33.7136],[35.5786,33.7155],[35.5797,33.7247],[35.5745,33.7249],[35.572,33.7256]]]},"properties":{"adm3_name":"Kneisset Ech-Chouf","adm2_name":"Chouf","adm1_name":"Mount Lebanon"}},
{"type":"Feature","geometry":{"type":"Polygon","coordinates":[[[35.5849,33.7238],[35.5797,33.7247],[35.5786,33.7155],[35.5801,33.716],[35.5921,33.7155],[35.5976,33.7132],[35.5994,33.7111],[35.6031,33.7144],[35.6035,33.717],[35.5952,33.7225],[35.5936,33.7238],[35.5849,33.7238]]]},"properties":{"adm3_name":"Aammiq Ech-Chouf","adm2_name":"Chouf","adm1_name":"Mount Lebanon"}},
{"type":"Feature","geometry":{"type":"Polygon","coordinates":[[[35.5687,33.7261],[35.5664,33.7263],[35.5614,33.7239],[35.5591,33.7216],[35.5598,33.7149],[35.562,33.711],[35.571,33.7144],[35.572,33.7256],[35.5687,33.7261]]]},"properties":{"adm3_name":"Deir Koucheh","adm2_name":"Chouf","adm1_name":"Mount Lebanon"}},
{"type":"Feature","geometry":{"type":"Polygon","coordinates":[[[35.6031,33.7144],[35.5994,33.7111],[35.6021,33.7068],[35.6006,33.7058],[35.6028,33.7053],[35.6086,33.7012],[35.6106,33.6981],[35.6097,33.708],[35.6116,33.7107],[35.6031,33.7144]]]},"properties":{"adm3_name":"Mazraat Ed-Douair","adm2_name":"Chouf","adm1_name":"Mount Lebanon"}},
{"type":"Feature","geometry":{"type":"Polygon","coordinates":[[[35.5219,33.7061],[35.5279,33.6985],[35.5295,33.6944],[35.531,33.6947],[35.537,33.6963],[35.5406,33.6995],[35.5491,33.7028],[35.5465,33.7042],[35.5386,33.7114],[35.5273,33.7087],[35.5219,33.7061]]]},"properties":{"adm3_name":"Kfar Faqoud","adm2_name":"Chouf","adm1_name":"Mount Lebanon"}},
{"type":"Feature","geometry":{"type":"Polygon","coordinates":[[[35.5219,33.7061],[35.5126,33.706],[35.509,33.7035],[35.5089,33.7008],[35.5116,33.6969],[35.5212,33.6902],[35.5216,33.6942],[35.5252,33.6945],[35.5295,33.6944],[35.5279,33.6985],[35.5219,33.7061]]]},"properties":{"adm3_name":"Deir Baba","adm2_name":"Chouf","adm1_name":"Mount Lebanon"}},
{"type":"Feature","geometry":{"type":"Polygon","coordinates":[[[35.4998,33.6867],[35.4985,33.6834],[35.507,33.6831],[35.5097,33.6791],[35.517,33.6808],[35.5175,33.6809],[35.5172,33.6828],[35.5171,33.6878],[35.5148,33.6872],[35.5123,33.6903],[35.5023,33.6894],[35.4998,33.6867]]]},"properties":{"adm3_name":"Sirjbal","adm2_name":"Chouf","adm1_name":"Mount Lebanon"}},
{"type":"Feature","geometry":{"type":"Polygon","coordinates":[[[35.5295,33.6944],[35.5252,33.6945],[35.5285,33.6915],[35.5311,33.693],[35.531,33.6947],[35.5295,33.6944]]]},"properties":{"adm3_name":"GHabet Jaafar","adm2_name":"Chouf","adm1_name":"Mount Lebanon"}},
{"type":"Feature","geometry":{"type":"Polygon","coordinates":[[[35.5311,33.693],[35.5285,33.6915],[35.5252,33.6945],[35.5216,33.6942],[35.5212,33.6902],[35.5171,33.6878],[35.5172,33.6828],[35.5183,33.684],[35.5259,33.6837],[35.5341,33.6859],[35.5339,33.6888],[35.5311,33.693]]]},"properties":{"adm3_name":"Kfar Him","adm2_name":"Chouf","adm1_name":"Mount Lebanon"}},
{"type":"Feature","geometry":{"type":"Polygon","coordinates":[[[35.5385,33.6878],[35.5339,33.6888],[35.5341,33.6859],[35.5259,33.6837],[35.5183,33.684],[35.5172,33.6828],[35.5175,33.6809],[35.5221,33.6826],[35.5274,33.6829],[35.5347,33.6856],[35.5385,33.6878]]]},"properties":{"adm3_name":"Ouadi Ed-Deir","adm2_name":"Chouf","adm1_name":"Mount Lebanon"}},
{"type":"Feature","geometry":{"type":"Polygon","coordinates":[[[35.6376,33.7183],[35.6316,33.7171],[35.6294,33.7183],[35.6254,33.7169],[35.6167,33.7165],[35.6152,33.7113],[35.6181,33.7106],[35.6224,33.7126],[35.6297,33.7127],[35.6361,33.7136],[35.6402,33.7159],[35.6376,33.7183]]]},"properties":{"adm3_name":"Ouadi Es-Sitt","adm2_name":"Chouf","adm1_name":"Mount Lebanon"}},
{"type":"Feature","geometry":{"type":"Polygon","coordinates":[[[35.6359,33.7366],[35.6332,33.7356],[35.6282,33.7398],[35.6279,33.7416],[35.6256,33.7389],[35.6166,33.7364],[35.618,33.7345],[35.6067,33.7316],[35.6027,33.7299],[35.5981,33.7223],[35.5952,33.7225],[35.6035,33.717],[35.6031,33.7144],[35.6116,33.7107],[35.6152,33.7113],[35.6167,33.7165],[35.6254,33.7169],[35.6294,33.7183],[35.6316,33.7171],[35.6376,33.7183],[35.636,33.7218],[35.644,33.7267],[35.642,33.7294],[35.6449,33.7316],[35.6359,33.7366]]]},"properties":{"adm3_name":"Majdel El-Meouch","adm2_name":"Chouf","adm1_name":"Mount Lebanon"}},
{"type":"Feature","geometry":{"type":"Polygon","coordinates":[[[35.509,33.7035],[35.5047,33.7024],[35.5012,33.7045],[35.4959,33.7017],[35.4911,33.7014],[35.4902,33.7009],[35.4873,33.6955],[35.4838,33.6934],[35.4871,33.6905],[35.4881,33.6877],[35.4952,33.6892],[35.4998,33.6867],[35.5023,33.6894],[35.5123,33.6903],[35.5148,33.6872],[35.5171,33.6878],[35.5212,33.6902],[35.5116,33.6969],[35.5089,33.7008],[35.509,33.7035]]]},"properties":{"adm3_name":"Dmit","adm2_name":"Chouf","adm1_name":"Mount Lebanon"}},
{"type":"Feature","geometry":{"type":"Polygon","coordinates":[[[35.6402,33.7159],[35.6361,33.7136],[35.6297,33.7127],[35.6323,33.7098],[35.6394,33.7101],[35.6413,33.712],[35.6463,33.7126],[35.6436,33.716],[35.6402,33.7159]]]},"properties":{"adm3_name":"Faouarat Jaafar","adm2_name":"Chouf","adm1_name":"Mount Lebanon"}},
{"type":"Feature","geometry":{"type":"Polygon","coordinates":[[[35.6707,33.7364],[35.6659,33.7335],[35.6615,33.7331],[35.656,33.7309],[35.6495,33.727],[35.644,33.7267],[35.636,33.7218],[35.6376,33.7183],[35.6402,33.7159],[35.6436,33.716],[35.6508,33.72],[35.6526,33.7223],[35.6592,33.7258],[35.6646,33.7268],[35.67,33.7318],[35.6739,33.7343],[35.6707,33.7364]]]},"properties":{"adm3_name":"Biret Ech-Chouf","adm2_name":"Chouf","adm1_name":"Mount Lebanon"}},
{"type":"Feature","geometry":{"type":"Polygon","coordinates":[[[35.6427,33.7496],[35.6373,33.7454],[35.635,33.7466],[35.6301,33.7435],[35.6279,33.7416],[35.6282,33.7398],[35.6332,33.7356],[35.6359,33.7366],[35.6362,33.7384],[35.6403,33.7422],[35.6467,33.7434],[35.6452,33.7453],[35.6411,33.7452],[35.643,33.7497],[35.6427,33.7496]]]},"properties":{"adm3_name":"Chourit","adm2_name":"Chouf","adm1_name":"Mount Lebanon"}},
{"type":"Feature","geometry":{"type":"Polygon","coordinates":[[[35.6416,33.75],[35.64,33.7496],[35.635,33.7466],[35.6373,33.7454],[35.6427,33.7496],[35.6422,33.7498],[35.6416,33.75]]]},"properties":{"adm3_name":"Kfar hay","adm2_name":"Chouf","adm1_name":"Mount Lebanon"}},
{"type":"Feature","geometry":{"type":"Polygon","coordinates":[[[35.6467,33.7434],[35.6403,33.7422],[35.6362,33.7384],[35.6359,33.7366],[35.6449,33.7316],[35.642,33.7294],[35.644,33.7267],[35.6495,33.727],[35.656,33.7309],[35.6615,33.7331],[35.6659,33.7335],[35.6707,33.7364],[35.6669,33.7392],[35.662,33.7367],[35.6523,33.7377],[35.6493,33.7393],[35.6492,33.7421],[35.6467,33.7434]]]},"properties":{"adm3_name":"Kfar Niss","adm2_name":"Chouf","adm1_name":"Mount Lebanon"}},
{"type":"Feature","geometry":{"type":"Polygon","coordinates":[[[35.4857,33.689],[35.4864,33.6845],[35.4913,33.6829],[35.4954,33.6833],[35.4982,33.6834],[35.4985,33.6834],[35.4998,33.6867],[35.4952,33.6892],[35.4881,33.6877],[35.4857,33.689]]]},"properties":{"adm3_name":"Bqaiaa Ech-Chouf","adm2_name":"Chouf","adm1_name":"Mount Lebanon"}},
{"type":"Feature","geometry":{"type":"Polygon","coordinates":[[[35.6646,33.7268],[35.6592,33.7258],[35.6526,33.7223],[35.6508,33.72],[35.6436,33.716],[35.6463,33.7126],[35.6519,33.7071],[35.6552,33.7074],[35.6577,33.7041],[35.6594,33.7042],[35.6645,33.7085],[35.6595,33.7101],[35.6642,33.7157],[35.6657,33.7198],[35.6676,33.7205],[35.6676,33.7261],[35.6646,33.7268]]]},"properties":{"adm3_name":"Brih","adm2_name":"Chouf","adm1_name":"Mount Lebanon"}},
{"type":"Feature","geometry":{"type":"Polygon","coordinates":[[[35.4902,33.7009],[35.4843,33.7007],[35.4825,33.6995],[35.4779,33.6997],[35.4752,33.6983],[35.4733,33.6961],[35.4754,33.694],[35.4795,33.6931],[35.4857,33.689],[35.4881,33.6877],[35.4871,33.6905],[35.4838,33.6934],[35.4873,33.6955],[35.4902,33.7009]]]},"properties":{"adm3_name":"Moughayret Ech-Chouf","adm2_name":"Chouf","adm1_name":"Mount Lebanon"}},
{"type":"Feature","geometry":{"type":"Polygon","coordinates":[[[35.6875,33.7249],[35.6848,33.7242],[35.6774,33.7271],[35.6676,33.7205],[35.6657,33.7198],[35.6642,33.7157],[35.6595,33.7101],[35.6645,33.7085],[35.6656,33.709],[35.6696,33.7129],[35.6691,33.7152],[35.68,33.7191],[35.6842,33.7221],[35.6906,33.7243],[35.6875,33.7249]]]},"properties":{"adm3_name":"Ouarhaniyeh","adm2_name":"Chouf","adm1_name":"Mount Lebanon"}},
{"type":"Feature","geometry":{"type":"Polygon","coordinates":[[[35.6906,33.7243],[35.6842,33.7221],[35.68,33.7191],[35.6691,33.7152],[35.6696,33.7129],[35.6722,33.7106],[35.6768,33.709],[35.682,33.7093],[35.6875,33.7118],[35.6924,33.7118],[35.6996,33.7086],[35.7061,33.7091],[35.7116,33.7044],[35.7169,33.7016],[35.7184,33.7037],[35.7224,33.7053],[35.7314,33.7068],[35.734,33.7056],[35.7403,33.7051],[35.7421,33.7118],[35.7379,33.7178],[35.7358,33.7225],[35.7319,33.719],[35.7242,33.719],[35.7202,33.7174],[35.7113,33.72],[35.7077,33.7181],[35.7011,33.7192],[35.6988,33.7213],[35.6906,33.7243]]]},"properties":{"adm3_name":"Fraudis Ech-Chouf","adm2_name":"Chouf","adm1_name":"Mount Lebanon"}},
{"type":"Feature","geometry":{"type":"Polygon","coordinates":[[[35.7015,33.7557],[35.6986,33.7569],[35.6875,33.7489],[35.6859,33.7434],[35.6792,33.7386],[35.6889,33.7334],[35.6858,33.7317],[35.6889,33.7265],[35.6875,33.7249],[35.6906,33.7243],[35.6988,33.7213],[35.7011,33.7192],[35.7077,33.7181],[35.7113,33.72],[35.7202,33.7174],[35.7242,33.719],[35.7319,33.719],[35.7358,33.7225],[35.7364,33.7253],[35.7444,33.7239],[35.7524,33.7177],[35.7608,33.7228],[35.7599,33.7263],[35.7616,33.7306],[35.7641,33.7335],[35.7703,33.736],[35.7647,33.7383],[35.7561,33.7399],[35.7507,33.7434],[35.7494,33.7425],[35.7477,33.74],[35.7411,33.7439],[35.7354,33.7451],[35.7253,33.745],[35.7191,33.7441],[35.7174,33.746],[35.7066,33.7541],[35.7034,33.7548],[35.7015,33.7557]]]},"properties":{"adm3_name":"Aain Zhalta","adm2_name":"Chouf","adm1_name":"Mount Lebanon"}},
{"type":"Feature","geometry":{"type":"Polygon","coordinates":[[[35.5684,33.6882],[35.5635,33.689],[35.5546,33.6853],[35.5498,33.6848],[35.5472,33.6848],[35.5376,33.679],[35.5395,33.6733],[35.5376,33.6714],[35.5335,33.6713],[35.5269,33.6692],[35.5247,33.6706],[35.5222,33.666],[35.5196,33.6611],[35.5226,33.657],[35.5171,33.6553],[35.5194,33.6528],[35.5223,33.6525],[35.529,33.6489],[35.5332,33.6491],[35.5381,33.6463],[35.5414,33.6529],[35.5454,33.6528],[35.5483,33.6553],[35.5491,33.658],[35.5557,33.6597],[35.5543,33.6629],[35.5575,33.6667],[35.5595,33.6685],[35.5674,33.6699],[35.5704,33.6742],[35.5744,33.675],[35.5808,33.6813],[35.5756,33.6864],[35.5721,33.6853],[35.5684,33.6882]]]},"properties":{"adm3_name":"Baaqline","adm2_name":"Chouf","adm1_name":"Mount Lebanon"}},
{"type":"Feature","geometry":{"type":"Polygon","coordinates":[[[35.5385,33.6878],[35.5347,33.6856],[35.5274,33.6829],[35.531,33.6778],[35.5315,33.6756],[35.5254,33.676],[35.5197,33.6739],[35.5175,33.6724],[35.5205,33.6714],[35.5207,33.6666],[35.5222,33.666],[35.5247,33.6706],[35.5269,33.6692],[35.5335,33.6713],[35.5376,33.6714],[35.5395,33.6733],[35.5376,33.679],[35.5472,33.6848],[35.5498,33.6848],[35.5513,33.6883],[35.5419,33.6884],[35.5385,33.6878]]]},"properties":{"adm3_name":"Deir Dourit","adm2_name":"Chouf","adm1_name":"Mount Lebanon"}},
{"type":"Feature","geometry":{"type":"Polygon","coordinates":[[[35.5658,33.6499],[35.5628,33.65],[35.5631,33.6556],[35.565,33.6576],[35.5637,33.6607],[35.5664,33.6642],[35.5674,33.6699],[35.5595,33.6685],[35.5575,33.6667],[35.5543,33.6629],[35.5557,33.6597],[35.5491,33.658],[35.5483,33.6553],[35.5454,33.6528],[35.5414,33.6529],[35.5381,33.6463],[35.5471,33.645],[35.5567,33.648],[35.5601,33.6483],[35.5644,33.6462],[35.5658,33.6499]]]},"properties":{"adm3_name":"Aainbal","adm2_name":"Chouf","adm1_name":"Mount Lebanon"}},
{"type":"Feature","geometry":{"type":"Polygon","coordinates":[[[35.5853,33.6641],[35.5813,33.6661],[35.5787,33.6706],[35.5761,33.6707],[35.5744,33.675],[35.5704,33.6742],[35.5674,33.6699],[35.5664,33.6642],[35.5637,33.6607],[35.565,33.6576],[35.5631,33.6556],[35.5628,33.65],[35.5658,33.6499],[35.5705,33.6529],[35.5775,33.6524],[35.584,33.6559],[35.5856,33.6594],[35.585,33.6618],[35.5853,33.6641]]]},"properties":{"adm3_name":"Aathrine","adm2_name":"Chouf","adm1_name":"Mount Lebanon"}},
{"type":"Feature","geometry":{"type":"Polygon","coordinates":[[[35.5175,33.6809],[35.517,33.6808],[35.5197,33.6739],[35.5254,33.676],[35.5315,33.6756],[35.531,33.6778],[35.5274,33.6829],[35.5221,33.6826],[35.5175,33.6809]]]},"properties":{"adm3_name":"Ouadi bnehlay","adm2_name":"Chouf","adm1_name":"Mount Lebanon"}},
{"type":"Feature","geometry":{"type":"Polygon","coordinates":[[[35.5381,33.6463],[35.5332,33.6491],[35.529,33.6489],[35.5269,33.6445],[35.5279,33.6394],[35.5312,33.641],[35.5362,33.6399],[35.5412,33.6329],[35.5428,33.6329],[35.545,33.6266],[35.5437,33.6227],[35.5413,33.6213],[35.5393,33.6133],[35.5444,33.6133],[35.549,33.6114],[35.5504,33.6137],[35.5582,33.6136],[35.56,33.6144],[35.5595,33.6174],[35.562,33.6201],[35.5609,33.6249],[35.5654,33.6284],[35.5691,33.6289],[35.5714,33.6324],[35.5685,33.6391],[35.57,33.6418],[35.5644,33.6462],[35.5601,33.6483],[35.5567,33.648],[35.5471,33.645],[35.5381,33.6463]]]},"properties":{"adm3_name":"Gharifeh","adm2_name":"Chouf","adm1_name":"Mount Lebanon"}},
{"type":"Feature","geometry":{"type":"Polygon","coordinates":[[[35.509,33.6753],[35.5077,33.674],[35.5015,33.6746],[35.5013,33.673],[35.5029,33.6706],[35.5032,33.6659],[35.4992,33.663],[35.5009,33.6615],[35.5077,33.6614],[35.5132,33.657],[35.5136,33.6499],[35.5153,33.6487],[35.5194,33.6528],[35.5171,33.6553],[35.5226,33.657],[35.5196,33.6611],[35.5222,33.666],[35.5207,33.6666],[35.5205,33.6714],[35.5175,33.6724],[35.5143,33.6749],[35.509,33.6753]]]},"properties":{"adm3_name":"Jahliyeh","adm2_name":"Chouf","adm1_name":"Mount Lebanon"}},
{"type":"Feature","geometry":{"type":"Polygon","coordinates":[[[35.5279,33.6394],[35.5277,33.6343],[35.5292,33.6282],[35.5283,33.6252],[35.5301,33.6228],[35.5265,33.6184],[35.5262,33.6148],[35.5278,33.6117],[35.5328,33.6137],[35.5356,33.6117],[35.5393,33.6133],[35.5413,33.6213],[35.5437,33.6227],[35.545,33.6266],[35.5428,33.6329],[35.5412,33.6329],[35.5362,33.6399],[35.5312,33.641],[35.5279,33.6394]]]},"properties":{"adm3_name":"Hasrout","adm2_name":"Chouf","adm1_name":"Mount Lebanon"}},
{"type":"Feature","geometry":{"type":"Polygon","coordinates":[[[35.6002,33.659],[35.5946,33.6531],[35.6025,33.6496],[35.6081,33.6545],[35.6113,33.6549],[35.6181,33.6531],[35.626,33.6536],[35.6343,33.6544],[35.64,33.6575],[35.6454,33.6592],[35.642,33.6593],[35.6418,33.6618],[35.6368,33.6579],[35.6318,33.6565],[35.6248,33.6568],[35.6183,33.6586],[35.6158,33.6648],[35.6131,33.6639],[35.6103,33.6608],[35.6002,33.659]]]},"properties":{"adm3_name":"Moukhtara","adm2_name":"Chouf","adm1_name":"Mount Lebanon"}},
{"type":"Feature","geometry":{"type":"Polygon","coordinates":[[[35.6421,33.6779],[35.6419,33.6744],[35.6337,33.6715],[35.6312,33.6716],[35.6252,33.6698],[35.6219,33.667],[35.6158,33.6648],[35.6183,33.6586],[35.6248,33.6568],[35.6318,33.6565],[35.6368,33.6579],[35.6418,33.6618],[35.6463,33.6638],[35.6578,33.6757],[35.6575,33.6803],[35.6556,33.684],[35.6569,33.686],[35.6553,33.686],[35.6462,33.6796],[35.6421,33.6779]]]},"properties":{"adm3_name":"Botmeh","adm2_name":"Chouf","adm1_name":"Mount Lebanon"}},
{"type":"Feature","geometry":{"type":"Polygon","coordinates":[[[35.626,33.6536],[35.6181,33.6531],[35.6113,33.6549],[35.6081,33.6545],[35.6025,33.6496],[35.6006,33.6442],[35.602,33.6381],[35.6014,33.6349],[35.6023,33.6386],[35.6011,33.6438],[35.6017,33.6464],[35.6077,33.6452],[35.6112,33.6457],[35.6169,33.649],[35.6224,33.6499],[35.6264,33.6494],[35.6296,33.6509],[35.626,33.6536]]]},"properties":{"adm3_name":"Aain Qania","adm2_name":"Chouf","adm1_name":"Mount Lebanon"}},
{"type":"Feature","geometry":{"type":"Polygon","coordinates":[[[35.606,33.6795],[35.6034,33.6766],[35.6008,33.6715],[35.598,33.6706],[35.5942,33.6658],[35.5947,33.6628],[35.5899,33.6627],[35.5853,33.6641],[35.585,33.6618],[35.5916,33.6588],[35.6002,33.659],[35.6103,33.6608],[35.6131,33.6639],[35.6158,33.6648],[35.6219,33.667],[35.6252,33.6698],[35.6312,33.6716],[35.6298,33.6732],[35.6231,33.6717],[35.6226,33.669],[35.6167,33.6671],[35.6141,33.6691],[35.6145,33.6742],[35.6086,33.6789],[35.606,33.6795]]]},"properties":{"adm3_name":"Jdeidet Ech-Chouf","adm2_name":"Chouf","adm1_name":"Mount Lebanon"}},
{"type":"Feature","geometry":{"type":"Polygon","coordinates":[[[35.6271,33.603],[35.6248,33.603],[35.6224,33.5993],[35.6164,33.596],[35.6139,33.5973],[35.6115,33.5947],[35.6051,33.5926],[35.6045,33.5876],[35.6079,33.5814],[35.6057,33.5791],[35.6054,33.5711],[35.6023,33.5687],[35.5986,33.5616],[35.5938,33.5567],[35.5966,33.5501],[35.5998,33.5492],[35.6023,33.5462],[35.605,33.546],[35.6098,33.5426],[35.6121,33.537],[35.6142,33.5255],[35.6162,33.5203],[35.6121,33.513],[35.6144,33.5082],[35.6091,33.5045],[35.6135,33.5031],[35.6192,33.505],[35.62,33.4983],[35.6179,33.4921],[35.6233,33.4925],[35.6264,33.4944],[35.6272,33.4969],[35.6314,33.5009],[35.6299,33.5063],[35.6329,33.508],[35.6289,33.5116],[35.629,33.5147],[35.6319,33.5149],[35.6339,33.5179],[35.6308,33.5223],[35.6347,33.526],[35.6343,33.5318],[35.6365,33.5339],[35.6431,33.5426],[35.6429,33.5449],[35.6462,33.5508],[35.6483,33.5568],[35.6506,33.5577],[35.6489,33.5613],[35.6495,33.5641],[35.6528,33.571],[35.655,33.581],[35.6539,33.5832],[35.6546,33.5889],[35.6575,33.59],[35.6519,33.5892],[35.6498,33.59],[35.6447,33.5979],[35.6453,33.6023],[35.6419,33.6036],[35.6362,33.6029],[35.6271,33.603]]]},"properties":{"adm3_name":"Niha El-Chouf","adm2_name":"Chouf","adm1_name":"Mount Lebanon"}},
{"type":"Feature","geometry":{"type":"Polygon","coordinates":[[[35.6066,33.6872],[35.6055,33.6857],[35.606,33.6795],[35.6086,33.6789],[35.6145,33.6742],[35.6141,33.6691],[35.6167,33.6671],[35.6226,33.669],[35.6231,33.6717],[35.6298,33.6732],[35.6312,33.6716],[35.6337,33.6715],[35.6419,33.6744],[35.6421,33.6779],[35.6423,33.6811],[35.636,33.6829],[35.63,33.6829],[35.6288,33.6851],[35.6256,33.685],[35.6232,33.6903],[35.6158,33.6874],[35.6109,33.688],[35.6066,33.6872]]]},"properties":{"adm3_name":"Aain Ouzain","adm2_name":"Chouf","adm1_name":"Mount Lebanon"}},
{"type":"Feature","geometry":{"type":"Polygon","coordinates":[[[35.6264,33.6494],[35.6224,33.6499],[35.6169,33.649],[35.6112,33.6457],[35.6128,33.6391],[35.6122,33.6336],[35.6108,33.6304],[35.6147,33.6298],[35.6182,33.6279],[35.6172,33.6231],[35.6228,33.6221],[35.622,33.6186],[35.6235,33.6146],[35.6267,33.6173],[35.6303,33.6184],[35.6378,33.6144],[35.6394,33.6153],[35.6461,33.627],[35.6537,33.6338],[35.6467,33.6303],[35.6447,33.635],[35.6397,33.6353],[35.6315,33.6409],[35.6314,33.6453],[35.6265,33.6468],[35.6264,33.6494]]]},"properties":{"adm3_name":"Baadarane","adm2_name":"Chouf","adm1_name":"Mount Lebanon"}},
{"type":"Feature","geometry":{"type":"Polygon","coordinates":[[[35.6454,33.6592],[35.64,33.6575],[35.6343,33.6544],[35.626,33.6536],[35.6296,33.6509],[35.6264,33.6494],[35.6265,33.6468],[35.6314,33.6453],[35.6315,33.6409],[35.6397,33.6353],[35.6447,33.635],[35.6467,33.6303],[35.6537,33.6338],[35.6558,33.6358],[35.6591,33.6361],[35.6684,33.6321],[35.6742,33.6319],[35.6761,33.6338],[35.6699,33.6346],[35.6676,33.636],[35.6592,33.6386],[35.6618,33.6427],[35.6627,33.6491],[35.6589,33.6524],[35.6629,33.6584],[35.6586,33.66],[35.6533,33.6594],[35.6508,33.6561],[35.6461,33.6542],[35.6436,33.6567],[35.6454,33.6592]]]},"properties":{"adm3_name":"Khereibet Ech-Chouf","adm2_name":"Chouf","adm1_name":"Mount Lebanon"}},
{"type":"Feature","geometry":{"type":"Polygon","coordinates":[[[35.6112,33.6457],[35.6077,33.6452],[35.6017,33.6464],[35.6011,33.6438],[35.6023,33.6386],[35.6014,33.6349],[35.5991,33.6272],[35.5999,33.6199],[35.5985,33.6182],[35.5961,33.608],[35.594,33.6054],[35.5943,33.602],[35.5904,33.6017],[35.5866,33.598],[35.5748,33.5966],[35.5734,33.5984],[35.5663,33.5977],[35.566,33.5942],[35.5674,33.5918],[35.5715,33.5906],[35.5778,33.5907],[35.5793,33.5879],[35.577,33.5867],[35.5785,33.5838],[35.5816,33.5851],[35.5825,33.5902],[35.5846,33.5916],[35.5894,33.5918],[35.5907,33.5961],[35.5957,33.6007],[35.5995,33.6083],[35.6089,33.61],[35.6084,33.6131],[35.6046,33.6126],[35.604,33.6156],[35.6138,33.6166],[35.609,33.6209],[35.6088,33.6236],[35.6036,33.6274],[35.6036,33.6341],[35.6081,33.6327],[35.6122,33.6336],[35.6128,33.6391],[35.6112,33.6457]]]},"properties":{"adm3_name":"Aammatour","adm2_name":"Chouf","adm1_name":"Mount Lebanon"}},
{"type":"Feature","geometry":{"type":"Polygon","coordinates":[[[35.6002,33.659],[35.5916,33.6588],[35.585,33.6618],[35.5856,33.6594],[35.584,33.6559],[35.5775,33.6524],[35.588,33.6459],[35.5897,33.6429],[35.5931,33.6411],[35.5921,33.6371],[35.6003,33.6359],[35.6014,33.6349],[35.602,33.6381],[35.6006,33.6442],[35.6025,33.6496],[35.5946,33.6531],[35.6002,33.659]]]},"properties":{"adm3_name":"Kahlouniet Ech-Chouf","adm2_name":"Chouf","adm1_name":"Mount Lebanon"}},
{"type":"Feature","geometry":{"type":"Polygon","coordinates":[[[35.6235,33.6146],[35.622,33.6186],[35.6228,33.6221],[35.6172,33.6231],[35.6182,33.6279],[35.6147,33.6298],[35.6108,33.6304],[35.6122,33.6336],[35.6081,33.6327],[35.6036,33.6341],[35.6036,33.6274],[35.6088,33.6236],[35.609,33.6209],[35.6138,33.6166],[35.604,33.6156],[35.6046,33.6126],[35.6084,33.6131],[35.6089,33.61],[35.6189,33.6079],[35.621,33.6095],[35.624,33.612],[35.6235,33.6146]]]},"properties":{"adm3_name":"Haret Jandal","adm2_name":"Chouf","adm1_name":"Mount Lebanon"}},
{"type":"Feature","geometry":{"type":"Polygon","coordinates":[[[35.5775,33.6524],[35.5705,33.6529],[35.5658,33.6499],[35.5644,33.6462],[35.57,33.6418],[35.5685,33.6391],[35.5714,33.6324],[35.5691,33.6289],[35.5654,33.6284],[35.5609,33.6249],[35.562,33.6201],[35.5595,33.6174],[35.56,33.6144],[35.5615,33.613],[35.5663,33.6126],[35.5689,33.614],[35.574,33.6146],[35.5791,33.6184],[35.5807,33.6227],[35.5861,33.6219],[35.5888,33.6163],[35.5931,33.6127],[35.5912,33.6089],[35.5859,33.6057],[35.5725,33.6065],[35.5757,33.6054],[35.576,33.6019],[35.5712,33.6013],[35.5653,33.6017],[35.5631,33.604],[35.5587,33.603],[35.5562,33.5981],[35.5529,33.5969],[35.5503,33.5923],[35.5486,33.5917],[35.5494,33.5897],[35.5533,33.5896],[35.555,33.592],[35.555,33.5946],[35.559,33.5946],[35.5615,33.5974],[35.5663,33.5977],[35.5734,33.5984],[35.5748,33.5966],[35.5866,33.598],[35.5904,33.6017],[35.5943,33.602],[35.594,33.6054],[35.5961,33.608],[35.5985,33.6182],[35.5999,33.6199],[35.5991,33.6272],[35.6014,33.6349],[35.6003,33.6359],[35.5921,33.6371],[35.5931,33.6411],[35.5897,33.6429],[35.588,33.6459],[35.5775,33.6524]]]},"properties":{"adm3_name":"Mazraat Ech-Chouf","adm2_name":"Chouf","adm1_name":"Mount Lebanon"}},
{"type":"Feature","geometry":{"type":"Polygon","coordinates":[[[35.6152,33.7113],[35.6116,33.7107],[35.6097,33.708],[35.6106,33.6981],[35.614,33.6953],[35.6136,33.6917],[35.6085,33.6917],[35.6035,33.6897],[35.6066,33.6872],[35.6109,33.688],[35.6158,33.6874],[35.6232,33.6903],[35.6256,33.685],[35.6288,33.6851],[35.63,33.6829],[35.636,33.6829],[35.6332,33.6893],[35.635,33.6917],[35.6405,33.6943],[35.6462,33.6949],[35.6514,33.6987],[35.652,33.7018],[35.6577,33.7041],[35.6552,33.7074],[35.6519,33.7071],[35.6463,33.7126],[35.6413,33.712],[35.6394,33.7101],[35.6323,33.7098],[35.6297,33.7127],[35.6224,33.7126],[35.6181,33.7106],[35.6152,33.7113]]]},"properties":{"adm3_name":"Kfar Nabrakh","adm2_name":"Chouf","adm1_name":"Mount Lebanon"}},
{"type":"Feature","geometry":{"type":"Polygon","coordinates":[[[35.6684,33.6321],[35.6591,33.6361],[35.6558,33.6358],[35.6537,33.6338],[35.6461,33.627],[35.6394,33.6153],[35.6378,33.6144],[35.6417,33.6126],[35.6445,33.6133],[35.6531,33.6114],[35.6573,33.6059],[35.6634,33.6047],[35.6717,33.6223],[35.6732,33.6263],[35.6688,33.6297],[35.6684,33.6321]]]},"properties":{"adm3_name":"Mristi","adm2_name":"Chouf","adm1_name":"Mount Lebanon"}},
{"type":"Feature","geometry":{"type":"Polygon","coordinates":[[[35.6656,33.709],[35.6645,33.7085],[35.6594,33.7042],[35.6577,33.7041],[35.652,33.7018],[35.6514,33.6987],[35.6462,33.6949],[35.6405,33.6943],[35.635,33.6917],[35.6332,33.6893],[35.636,33.6829],[35.6423,33.6811],[35.6421,33.6779],[35.6462,33.6796],[35.6553,33.686],[35.6569,33.686],[35.6605,33.6856],[35.6675,33.688],[35.6714,33.6894],[35.6678,33.6933],[35.6693,33.6999],[35.6663,33.7013],[35.6656,33.709]]]},"properties":{"adm3_name":"Batloun","adm2_name":"Chouf","adm1_name":"Mount Lebanon"}},
{"type":"Feature","geometry":{"type":"Polygon","coordinates":[[[35.6675,33.688],[35.6605,33.6856],[35.6569,33.686],[35.6556,33.684],[35.6575,33.6803],[35.6578,33.6757],[35.6463,33.6638],[35.6418,33.6618],[35.642,33.6593],[35.6454,33.6592],[35.6436,33.6567],[35.6461,33.6542],[35.6508,33.6561],[35.6533,33.6594],[35.6586,33.66],[35.6629,33.6584],[35.6589,33.6524],[35.6627,33.6491],[35.6618,33.6427],[35.6592,33.6386],[35.6676,33.636],[35.6699,33.6346],[35.6761,33.6338],[35.6821,33.6399],[35.6834,33.644],[35.6868,33.6462],[35.6915,33.655],[35.6918,33.6591],[35.6958,33.6632],[35.6966,33.6685],[35.7014,33.6643],[35.7015,33.6615],[35.7041,33.6581],[35.7034,33.6563],[35.7076,33.6532],[35.7137,33.6544],[35.709,33.657],[35.707,33.6597],[35.7058,33.6598],[35.7034,33.6668],[35.6992,33.672],[35.6992,33.6765],[35.6949,33.6784],[35.6872,33.6779],[35.6833,33.6799],[35.683,33.6833],[35.6794,33.687],[35.6709,33.6864],[35.6675,33.688]]]},"properties":{"adm3_name":"Maasser Ech-Chouf","adm2_name":"Chouf","adm1_name":"Mount Lebanon"}},
{"type":"Feature","geometry":{"type":"Polygon","coordinates":[[[35.6378,33.6144],[35.6303,33.6184],[35.6267,33.6173],[35.6235,33.6146],[35.624,33.612],[35.621,33.6095],[35.6259,33.6058],[35.6271,33.603],[35.6362,33.6029],[35.6419,33.6036],[35.6453,33.6023],[35.6447,33.5979],[35.6498,33.59],[35.6519,33.5892],[35.6575,33.59],[35.6585,33.5908],[35.6618,33.6007],[35.6634,33.6047],[35.6573,33.6059],[35.6531,33.6114],[35.6445,33.6133],[35.6417,33.6126],[35.6378,33.6144]]]},"properties":{"adm3_name":"Jbaa Ech-Chouf","adm2_name":"Chouf","adm1_name":"Mount Lebanon"}},
{"type":"Feature","geometry":{"type":"Polygon","coordinates":[[[35.621,33.6095],[35.6189,33.6079],[35.6089,33.61],[35.5995,33.6083],[35.5957,33.6007],[35.5907,33.5961],[35.5894,33.5918],[35.587,33.5889],[35.5949,33.5924],[35.6011,33.5827],[35.6039,33.5772],[35.6035,33.5718],[35.6054,33.5711],[35.6057,33.5791],[35.6079,33.5814],[35.6045,33.5876],[35.6051,33.5926],[35.6115,33.5947],[35.6139,33.5973],[35.6164,33.596],[35.6224,33.5993],[35.6248,33.603],[35.6271,33.603],[35.6259,33.6058],[35.621,33.6095]]]},"properties":{"adm3_name":"Bater","adm2_name":"Chouf","adm1_name":"Mount Lebanon"}},
{"type":"Feature","geometry":{"type":"Polygon","coordinates":[[[35.6696,33.7129],[35.6656,33.709],[35.6663,33.7013],[35.6693,33.6999],[35.6678,33.6933],[35.6714,33.6894],[35.6675,33.688],[35.6709,33.6864],[35.6794,33.687],[35.683,33.6833],[35.6833,33.6799],[35.6872,33.6779],[35.6949,33.6784],[35.6992,33.6765],[35.7068,33.6793],[35.713,33.6844],[35.7155,33.6832],[35.7189,33.6872],[35.7246,33.6921],[35.7324,33.689],[35.7359,33.6958],[35.7427,33.7007],[35.746,33.7055],[35.7497,33.6982],[35.7538,33.6965],[35.7577,33.703],[35.7596,33.7089],[35.755,33.7078],[35.7495,33.7097],[35.7469,33.7078],[35.7421,33.7118],[35.7403,33.7051],[35.734,33.7056],[35.7314,33.7068],[35.7224,33.7053],[35.7184,33.7037],[35.7169,33.7016],[35.7116,33.7044],[35.7061,33.7091],[35.6996,33.7086],[35.6924,33.7118],[35.6875,33.7118],[35.682,33.7093],[35.6768,33.709],[35.6722,33.7106],[35.6696,33.7129]]]},"properties":{"adm3_name":"Barouk","adm2_name":"Chouf","adm1_name":"Mount Lebanon"}},
{"type":"Feature","geometry":{"type":"Polygon","coordinates":[[[35.5663,33.6126],[35.5696,33.611],[35.5725,33.6065],[35.5859,33.6057],[35.5912,33.6089],[35.5931,33.6127],[35.5888,33.6163],[35.5861,33.6219],[35.5807,33.6227],[35.5791,33.6184],[35.574,33.6146],[35.5689,33.614],[35.5663,33.6126]]]},"properties":{"adm3_name":"Bayqoun","adm2_name":"Chouf","adm1_name":"Mount Lebanon"}},
{"type":"Feature","geometry":{"type":"Polygon","coordinates":[[[35.6434,33.7673],[35.6432,33.7708],[35.6414,33.7684],[35.6434,33.7673]]]},"properties":{"adm3_name":"Litige","adm2_name":"Aley","adm1_name":"Mount Lebanon"}},
{"type":"Feature","geometry":{"type":"Polygon","coordinates":[[[35.596,33.7616],[35.5949,33.7622],[35.5956,33.7615],[35.596,33.7616]]]},"properties":{"adm3_name":"Litige","adm2_name":"Aley","adm1_name":"Mount Lebanon"}},
{"type":"Feature","geometry":{"type":"Polygon","coordinates":[[[35.6419,33.7597],[35.6425,33.7615],[35.6378,33.7622],[35.633,33.7583],[35.6306,33.7586],[35.6249,33.755],[35.6271,33.7545],[35.6313,33.7531],[35.6347,33.7535],[35.6331,33.7566],[35.6388,33.7606],[35.6419,33.7597]]]},"properties":{"adm3_name":"Litige","adm2_name":"Aley","adm1_name":"Mount Lebanon"}},
{"type":"Feature","geometry":{"type":"Polygon","coordinates":[[[35.6313,33.7531],[35.6271,33.7545],[35.6297,33.7508],[35.6313,33.7531]]]},"properties":{"adm3_name":"Litige","adm2_name":"Aley","adm1_name":"Mount Lebanon"}},
{"type":"Feature","geometry":{"type":"Polygon","coordinates":[[[35.6417,33.7516],[35.6407,33.7503],[35.6416,33.75],[35.6422,33.7498],[35.6417,33.7516]]]},"properties":{"adm3_name":"Litige","adm2_name":"Aley","adm1_name":"Mount Lebanon"}},
{"type":"Feature","geometry":{"type":"Polygon","coordinates":[[[35.6407,33.7503],[35.64,33.7496],[35.6416,33.75],[35.6407,33.7503]]]},"properties":{"adm3_name":"Litige","adm2_name":"Aley","adm1_name":"Mount Lebanon"}},
{"type":"Feature","geometry":{"type":"Polygon","coordinates":[[[35.5725,33.7463],[35.571,33.7421],[35.575,33.7411],[35.5765,33.7457],[35.5725,33.7463]]]},"properties":{"adm3_name":"Litige","adm2_name":"Aley","adm1_name":"Mount Lebanon"}},
{"type":"Feature","geometry":{"type":"Polygon","coordinates":[[[35.5435,33.7425],[35.5447,33.7446],[35.5434,33.745],[35.5435,33.7425]]]},"properties":{"adm3_name":"Litige","adm2_name":"Aley","adm1_name":"Mount Lebanon"}},
{"type":"Feature","geometry":{"type":"Polygon","coordinates":[[[35.56,33.7252],[35.5541,33.7238],[35.5513,33.7218],[35.5483,33.7179],[35.5542,33.7193],[35.5562,33.7214],[35.56,33.7252]]]},"properties":{"adm3_name":"Litige","adm2_name":"Aley","adm1_name":"Mount Lebanon"}},
{"type":"Feature","geometry":{"type":"Polygon","coordinates":[[[35.5148,33.8288],[35.5123,33.829],[35.5091,33.8298],[35.5009,33.8232],[35.4961,33.8265],[35.4937,33.8256],[35.484,33.8265],[35.4843,33.8209],[35.4863,33.8191],[35.4903,33.8186],[35.4931,33.8202],[35.5004,33.8199],[35.504,33.817],[35.5118,33.8127],[35.5125,33.8102],[35.5236,33.8034],[35.5274,33.8027],[35.5314,33.7994],[35.5311,33.8067],[35.5283,33.8111],[35.5211,33.8141],[35.5268,33.8207],[35.5277,33.823],[35.5186,33.8239],[35.5153,33.8267],[35.5148,33.8288]]]},"properties":{"adm3_name":"Choueifat El-Aamrousiyeh","adm2_name":"Aley","adm1_name":"Mount Lebanon"}},
{"type":"Feature","geometry":{"type":"Polygon","coordinates":[[[35.5236,33.7975],[35.5183,33.7987],[35.5105,33.8066],[35.5052,33.8044],[35.499,33.8081],[35.4952,33.8082],[35.4818,33.8126],[35.48,33.803],[35.4776,33.7976],[35.4786,33.7923],[35.4747,33.7869],[35.4714,33.7795],[35.4675,33.7751],[35.4655,33.7694],[35.4601,33.7638],[35.4609,33.7612],[35.4678,33.7608],[35.4729,33.762],[35.4745,33.7674],[35.4803,33.7715],[35.4794,33.7733],[35.4829,33.7771],[35.4871,33.7792],[35.4916,33.7786],[35.4915,33.7845],[35.4938,33.786],[35.4913,33.7902],[35.4949,33.7923],[35.4979,33.7984],[35.4991,33.7988],[35.5001,33.8018],[35.5026,33.8031],[35.5078,33.8008],[35.512,33.7978],[35.5188,33.7965],[35.5236,33.7975]]]},"properties":{"adm3_name":"Choueifat El-Quoubbeh","adm2_name":"Aley","adm1_name":"Mount Lebanon"}},
{"type":"Feature","geometry":{"type":"Polygon","coordinates":[[[35.484,33.8265],[35.4816,33.8254],[35.4829,33.8207],[35.4818,33.8126],[35.4952,33.8082],[35.499,33.8081],[35.5052,33.8044],[35.5105,33.8066],[35.5183,33.7987],[35.5236,33.7975],[35.5246,33.797],[35.5314,33.7994],[35.5274,33.8027],[35.5236,33.8034],[35.5125,33.8102],[35.5118,33.8127],[35.504,33.817],[35.5004,33.8199],[35.4931,33.8202],[35.4903,33.8186],[35.4863,33.8191],[35.4843,33.8209],[35.484,33.8265]]]},"properties":{"adm3_name":"Choueifat El-Oumara","adm2_name":"Aley","adm1_name":"Mount Lebanon"}},
{"type":"Feature","geometry":{"type":"Polygon","coordinates":[[[35.5246,33.797],[35.5236,33.7975],[35.5188,33.7965],[35.512,33.7978],[35.5078,33.8008],[35.5026,33.8031],[35.5001,33.8018],[35.4991,33.7988],[35.5009,33.794],[35.5058,33.7908],[35.5072,33.7886],[35.5161,33.7871],[35.5277,33.791],[35.5293,33.7899],[35.5296,33.7935],[35.5246,33.797]]]},"properties":{"adm3_name":"Deir Qoubel","adm2_name":"Aley","adm1_name":"Mount Lebanon"}},
{"type":"Feature","geometry":{"type":"Polygon","coordinates":[[[35.4938,33.786],[35.4915,33.7845],[35.4916,33.7786],[35.4871,33.7792],[35.4829,33.7771],[35.4794,33.7733],[35.4803,33.7715],[35.4745,33.7674],[35.4729,33.762],[35.4678,33.7608],[35.4652,33.7569],[35.4655,33.7526],[35.471,33.7533],[35.4725,33.7522],[35.4804,33.7511],[35.4818,33.7543],[35.4859,33.7548],[35.4878,33.757],[35.4934,33.7577],[35.5004,33.7606],[35.5055,33.7594],[35.5084,33.7544],[35.5154,33.749],[35.5195,33.7462],[35.5232,33.7467],[35.52,33.7492],[35.5192,33.7517],[35.5139,33.7534],[35.5198,33.7562],[35.5217,33.7546],[35.5271,33.7579],[35.527,33.7603],[35.5317,33.7607],[35.5323,33.7645],[35.5292,33.7663],[35.5229,33.7667],[35.5152,33.774],[35.5092,33.7735],[35.5009,33.7765],[35.4949,33.7827],[35.4938,33.786]]]},"properties":{"adm3_name":"Aaramoun Aaley","adm2_name":"Aley","adm1_name":"Mount Lebanon"}},
{"type":"Feature","geometry":{"type":"Polygon","coordinates":[[[35.4804,33.7511],[35.4816,33.7498],[35.487,33.7528],[35.4916,33.7493],[35.4958,33.7511],[35.501,33.7483],[35.5048,33.7444],[35.5093,33.7472],[35.5142,33.7453],[35.5154,33.749],[35.5084,33.7544],[35.5055,33.7594],[35.5004,33.7606],[35.4934,33.7577],[35.4878,33.757],[35.4859,33.7548],[35.4818,33.7543],[35.4804,33.7511]]]},"properties":{"adm3_name":"Aain Drafil","adm2_name":"Aley","adm1_name":"Mount Lebanon"}},
{"type":"Feature","geometry":{"type":"Polygon","coordinates":[[[35.5152,33.774],[35.5229,33.7667],[35.5292,33.7663],[35.5323,33.7645],[35.5317,33.7607],[35.5352,33.7585],[35.5383,33.7594],[35.5352,33.7646],[35.5363,33.7698],[35.5388,33.7726],[35.537,33.7753],[35.5338,33.7745],[35.5289,33.7757],[35.519,33.7755],[35.5152,33.774]]]},"properties":{"adm3_name":"Sirhmoul","adm2_name":"Aley","adm1_name":"Mount Lebanon"}},
{"type":"Feature","geometry":{"type":"Polygon","coordinates":[[[35.5048,33.7444],[35.501,33.7483],[35.4958,33.7511],[35.4916,33.7493],[35.487,33.7528],[35.4816,33.7498],[35.4829,33.7468],[35.4889,33.7438],[35.4884,33.7402],[35.4753,33.7422],[35.4715,33.7446],[35.4669,33.7411],[35.4671,33.7372],[35.463,33.7347],[35.4644,33.7322],[35.4735,33.7289],[35.4784,33.7292],[35.483,33.7304],[35.4857,33.7324],[35.4901,33.7332],[35.4981,33.7324],[35.501,33.7308],[35.5098,33.7335],[35.5112,33.7358],[35.5103,33.7386],[35.5057,33.7422],[35.5048,33.7444]]]},"properties":{"adm3_name":"Baaouerta","adm2_name":"Aley","adm1_name":"Mount Lebanon"}},
{"type":"Feature","geometry":{"type":"Polygon","coordinates":[[[35.5293,33.7899],[35.5277,33.791],[35.5161,33.7871],[35.5072,33.7886],[35.5058,33.7908],[35.5009,33.794],[35.4991,33.7988],[35.4979,33.7984],[35.4949,33.7923],[35.4913,33.7902],[35.4938,33.786],[35.4949,33.7827],[35.5009,33.7765],[35.5092,33.7735],[35.5152,33.774],[35.519,33.7755],[35.5289,33.7757],[35.5338,33.7745],[35.537,33.7753],[35.5402,33.7757],[35.5409,33.7776],[35.5364,33.782],[35.5324,33.7839],[35.5293,33.7899]]]},"properties":{"adm3_name":"Bchamoun","adm2_name":"Aley","adm1_name":"Mount Lebanon"}},
{"type":"Feature","geometry":{"type":"Polygon","coordinates":[[[35.5112,33.7358],[35.5098,33.7335],[35.501,33.7308],[35.4981,33.7324],[35.4901,33.7332],[35.4857,33.7324],[35.483,33.7304],[35.4883,33.7294],[35.4912,33.7259],[35.494,33.7264],[35.5023,33.7187],[35.5054,33.7174],[35.5126,33.7221],[35.5157,33.7229],[35.5163,33.7254],[35.5199,33.7291],[35.5163,33.7334],[35.5112,33.7358]]]},"properties":{"adm3_name":"Daqqoun","adm2_name":"Aley","adm1_name":"Mount Lebanon"}},
{"type":"Feature","geometry":{"type":"Polygon","coordinates":[[[35.533,33.8067],[35.5311,33.8067],[35.5314,33.7994],[35.5246,33.797],[35.5296,33.7935],[35.5293,33.7899],[35.5324,33.7839],[35.5364,33.782],[35.5409,33.7776],[35.5406,33.7801],[35.5443,33.7827],[35.546,33.7858],[35.55,33.7868],[35.5497,33.7922],[35.5527,33.797],[35.5454,33.8038],[35.5448,33.7994],[35.5372,33.7997],[35.5345,33.8026],[35.533,33.8067]]]},"properties":{"adm3_name":"Aain Aanoub","adm2_name":"Aley","adm1_name":"Mount Lebanon"}},
{"type":"Feature","geometry":{"type":"Polygon","coordinates":[[[35.55,33.8148],[35.5452,33.8136],[35.5453,33.81],[35.5422,33.8083],[35.5435,33.8051],[35.5454,33.8038],[35.5501,33.8032],[35.5527,33.8053],[35.5567,33.8058],[35.5547,33.8069],[35.5561,33.8102],[35.5519,33.8122],[35.55,33.8148]]]},"properties":{"adm3_name":"Blaybel","adm2_name":"Aley","adm1_name":"Mount Lebanon"}},
{"type":"Feature","geometry":{"type":"Polygon","coordinates":[[[35.5565,33.8161],[35.555,33.8149],[35.55,33.8148],[35.5519,33.8122],[35.5561,33.8102],[35.5547,33.8069],[35.5567,33.8058],[35.5595,33.8036],[35.5625,33.8062],[35.5637,33.8102],[35.5601,33.8129],[35.5565,33.8161]]]},"properties":{"adm3_name":"Houmal","adm2_name":"Aley","adm1_name":"Mount Lebanon"}},
{"type":"Feature","geometry":{"type":"Polygon","coordinates":[[[35.5704,33.8139],[35.565,33.8157],[35.5601,33.8129],[35.5637,33.8102],[35.5625,33.8062],[35.5595,33.8036],[35.5628,33.8009],[35.566,33.8049],[35.5683,33.805],[35.5706,33.8064],[35.5748,33.8049],[35.5805,33.8057],[35.5797,33.8081],[35.5725,33.8107],[35.5704,33.8139]]]},"properties":{"adm3_name":"Bdadoun","adm2_name":"Aley","adm1_name":"Mount Lebanon"}},
{"type":"Feature","geometry":{"type":"Polygon","coordinates":[[[35.5758,33.823],[35.5673,33.8187],[35.5704,33.8139],[35.5725,33.8107],[35.5797,33.8081],[35.5805,33.8057],[35.5836,33.8055],[35.5893,33.808],[35.5916,33.8098],[35.5892,33.8136],[35.5842,33.8193],[35.5795,33.823],[35.5758,33.823]]]},"properties":{"adm3_name":"Bsous","adm2_name":"Aley","adm1_name":"Mount Lebanon"}},
{"type":"Feature","geometry":{"type":"Polygon","coordinates":[[[35.5997,33.8229],[35.5949,33.8229],[35.5891,33.8246],[35.5891,33.8225],[35.5975,33.8182],[35.5991,33.8142],[35.5913,33.8121],[35.5892,33.8136],[35.5916,33.8098],[35.5893,33.808],[35.5914,33.8043],[35.5857,33.799],[35.5811,33.7971],[35.581,33.794],[35.5868,33.7915],[35.5918,33.7944],[35.5966,33.7937],[35.5982,33.791],[35.6015,33.7924],[35.6083,33.7911],[35.6128,33.7931],[35.6154,33.7967],[35.6157,33.8011],[35.6215,33.8057],[35.6273,33.8096],[35.6278,33.8129],[35.6239,33.8141],[35.6213,33.8133],[35.6164,33.8178],[35.6081,33.8199],[35.6056,33.82],[35.5997,33.8229]]]},"properties":{"adm3_name":"Aaley","adm2_name":"Aley","adm1_name":"Mount Lebanon"}},
{"type":"Feature","geometry":{"type":"Polygon","coordinates":[[[35.5891,33.8246],[35.5866,33.8277],[35.573,33.8291],[35.5732,33.8238],[35.5758,33.823],[35.5795,33.823],[35.5842,33.8193],[35.5892,33.8136],[35.5913,33.8121],[35.5991,33.8142],[35.5975,33.8182],[35.5891,33.8225],[35.5891,33.8246]]]},"properties":{"adm3_name":"Kahhaleh","adm2_name":"Aley","adm1_name":"Mount Lebanon"}},
{"type":"Feature","geometry":{"type":"Polygon","coordinates":[[[35.5836,33.8055],[35.5805,33.8057],[35.5748,33.8049],[35.5706,33.8064],[35.5683,33.805],[35.5711,33.8012],[35.5783,33.801],[35.5794,33.7971],[35.5811,33.7971],[35.5857,33.799],[35.5836,33.8055]]]},"properties":{"adm3_name":"Qmatiyeh","adm2_name":"Aley","adm1_name":"Mount Lebanon"}},
{"type":"Feature","geometry":{"type":"Polygon","coordinates":[[[35.5893,33.808],[35.5836,33.8055],[35.5857,33.799],[35.5914,33.8043],[35.5893,33.808]]]},"properties":{"adm3_name":"Aain Er-Roummaneh Aaley","adm2_name":"Aley","adm1_name":"Mount Lebanon"}},
{"type":"Feature","geometry":{"type":"Polygon","coordinates":[[[35.5683,33.805],[35.566,33.8049],[35.5628,33.8009],[35.5606,33.7993],[35.5631,33.7967],[35.567,33.7969],[35.5714,33.7945],[35.5746,33.7965],[35.5794,33.7971],[35.5783,33.801],[35.5711,33.8012],[35.5683,33.805]]]},"properties":{"adm3_name":"Bmakine","adm2_name":"Aley","adm1_name":"Mount Lebanon"}},
{"type":"Feature","geometry":{"type":"Polygon","coordinates":[[[35.6215,33.8057],[35.6157,33.8011],[35.6154,33.7967],[35.6128,33.7931],[35.6212,33.7944],[35.6256,33.7958],[35.626,33.8003],[35.6215,33.8057]]]},"properties":{"adm3_name":"Bkhichtay","adm2_name":"Aley","adm1_name":"Mount Lebanon"}},
{"type":"Feature","geometry":{"type":"Polygon","coordinates":[[[35.5829,33.7858],[35.584,33.7819],[35.5881,33.7821],[35.5886,33.7783],[35.5916,33.7747],[35.5973,33.7741],[35.6008,33.7765],[35.5993,33.7812],[35.6016,33.782],[35.6029,33.7838],[35.6004,33.7848],[35.5918,33.7907],[35.5875,33.7895],[35.5825,33.7889],[35.5826,33.7872],[35.5778,33.7856],[35.5829,33.7858]]]},"properties":{"adm3_name":"Ghaboune","adm2_name":"Aley","adm1_name":"Mount Lebanon"}},
{"type":"Feature","geometry":{"type":"Polygon","coordinates":[[[35.6365,33.8123],[35.6302,33.8138],[35.6278,33.8129],[35.6273,33.8096],[35.6215,33.8057],[35.626,33.8003],[35.6314,33.8021],[35.6376,33.8056],[35.6379,33.8076],[35.6365,33.8123]]]},"properties":{"adm3_name":"Aain Ej-Jdideh Aaley","adm2_name":"Aley","adm1_name":"Mount Lebanon"}},
{"type":"Feature","geometry":{"type":"Polygon","coordinates":[[[35.6083,33.7911],[35.6015,33.7924],[35.5982,33.791],[35.5966,33.7937],[35.5918,33.7944],[35.5868,33.7915],[35.5875,33.7895],[35.5918,33.7907],[35.6004,33.7848],[35.6029,33.7838],[35.6089,33.7863],[35.6083,33.7911]]]},"properties":{"adm3_name":"Behouara","adm2_name":"Aley","adm1_name":"Mount Lebanon"}},
{"type":"Feature","geometry":{"type":"Polygon","coordinates":[[[35.5595,33.8036],[35.5567,33.8058],[35.5527,33.8053],[35.5501,33.8032],[35.5454,33.8038],[35.5527,33.797],[35.5497,33.7922],[35.55,33.7868],[35.553,33.783],[35.5547,33.7832],[35.559,33.7831],[35.561,33.7852],[35.5594,33.7875],[35.5631,33.7967],[35.5606,33.7993],[35.5628,33.8009],[35.5595,33.8036]]]},"properties":{"adm3_name":"Aaytat","adm2_name":"Aley","adm1_name":"Mount Lebanon"}},
{"type":"Feature","geometry":{"type":"Polygon","coordinates":[[[35.5811,33.7971],[35.5794,33.7971],[35.5746,33.7965],[35.5714,33.7945],[35.567,33.7969],[35.5631,33.7967],[35.5594,33.7875],[35.561,33.7852],[35.5665,33.787],[35.5684,33.7824],[35.5744,33.7837],[35.5778,33.7856],[35.5826,33.7872],[35.5825,33.7889],[35.5875,33.7895],[35.5868,33.7915],[35.581,33.794],[35.5811,33.7971]]]},"properties":{"adm3_name":"Souq El-Gharb","adm2_name":"Aley","adm1_name":"Mount Lebanon"}},
{"type":"Feature","geometry":{"type":"Polygon","coordinates":[[[35.6336,33.7854],[35.63,33.7893],[35.6237,33.7875],[35.6144,33.7859],[35.6137,33.7843],[35.6203,33.7801],[35.6307,33.7847],[35.6336,33.7854]]]},"properties":{"adm3_name":"Taazaniyeh","adm2_name":"Aley","adm1_name":"Mount Lebanon"}},
{"type":"Feature","geometry":{"type":"Polygon","coordinates":[[[35.6212,33.7944],[35.6128,33.7931],[35.6083,33.7911],[35.6089,33.7863],[35.6137,33.7843],[35.6144,33.7859],[35.6237,33.7875],[35.6209,33.7901],[35.6212,33.7944]]]},"properties":{"adm3_name":"Rijmeh","adm2_name":"Aley","adm1_name":"Mount Lebanon"}},
{"type":"Feature","geometry":{"type":"Polygon","coordinates":[[[35.5829,33.7858],[35.5778,33.7856],[35.5744,33.7837],[35.5684,33.7824],[35.5665,33.787],[35.561,33.7852],[35.559,33.7831],[35.5547,33.7832],[35.5545,33.7745],[35.5533,33.7731],[35.5557,33.7718],[35.5603,33.7747],[35.5614,33.7772],[35.5661,33.7788],[35.5717,33.7787],[35.5757,33.7814],[35.5772,33.7839],[35.5829,33.7858]]]},"properties":{"adm3_name":"Keyfoun","adm2_name":"Aley","adm1_name":"Mount Lebanon"}},
{"type":"Feature","geometry":{"type":"Polygon","coordinates":[[[35.5547,33.7832],[35.553,33.783],[35.55,33.7868],[35.546,33.7858],[35.5443,33.7827],[35.5406,33.7801],[35.5409,33.7776],[35.5402,33.7757],[35.5471,33.7729],[35.5533,33.7731],[35.5545,33.7745],[35.5547,33.7832]]]},"properties":{"adm3_name":"Chimlane","adm2_name":"Aley","adm1_name":"Mount Lebanon"}},
{"type":"Feature","geometry":{"type":"Polygon","coordinates":[[[35.6008,33.7765],[35.5973,33.7741],[35.5916,33.7747],[35.5886,33.7783],[35.5872,33.7772],[35.5867,33.7719],[35.5875,33.7623],[35.5909,33.7612],[35.5941,33.7627],[35.602,33.7621],[35.5976,33.7641],[35.5999,33.7669],[35.6008,33.7765]]]},"properties":{"adm3_name":"Kfar Aamay","adm2_name":"Aley","adm1_name":"Mount Lebanon"}},
{"type":"Feature","geometry":{"type":"Polygon","coordinates":[[[35.5886,33.7783],[35.5881,33.7821],[35.584,33.7819],[35.5829,33.7858],[35.5772,33.7839],[35.5757,33.7814],[35.5717,33.7787],[35.5661,33.7788],[35.5614,33.7772],[35.5603,33.7747],[35.5557,33.7718],[35.5581,33.7672],[35.5606,33.7658],[35.5547,33.7629],[35.5534,33.7602],[35.5496,33.7608],[35.548,33.7585],[35.5509,33.7568],[35.5525,33.7521],[35.5585,33.7504],[35.5624,33.7503],[35.5619,33.7544],[35.5687,33.7558],[35.5703,33.7642],[35.5781,33.7675],[35.581,33.7655],[35.5839,33.7707],[35.5867,33.7719],[35.5872,33.7772],[35.5886,33.7783]]]},"properties":{"adm3_name":"Bayssour Aaley","adm2_name":"Aley","adm1_name":"Mount Lebanon"}},
{"type":"Feature","geometry":{"type":"Polygon","coordinates":[[[35.5759,33.7523],[35.5791,33.7496],[35.5837,33.7542],[35.5879,33.7568],[35.585,33.7589],[35.5799,33.7588],[35.5759,33.7523]]]},"properties":{"adm3_name":"Douair Er-Remmaneh","adm2_name":"Aley","adm1_name":"Mount Lebanon"}},
{"type":"Feature","geometry":{"type":"Polygon","coordinates":[[[35.602,33.7621],[35.5941,33.7627],[35.5949,33.7622],[35.596,33.7616],[35.5991,33.7598],[35.5942,33.7579],[35.591,33.7541],[35.5936,33.7497],[35.6012,33.7469],[35.6069,33.7467],[35.608,33.7446],[35.6165,33.7486],[35.6138,33.7488],[35.6121,33.7516],[35.6128,33.7586],[35.607,33.7603],[35.6049,33.7595],[35.602,33.7621]]]},"properties":{"adm3_name":"Rouayssat En-Naamane","adm2_name":"Aley","adm1_name":"Mount Lebanon"}},
{"type":"Feature","geometry":{"type":"Polygon","coordinates":[[[35.581,33.7655],[35.5781,33.7675],[35.5703,33.7642],[35.5687,33.7558],[35.5619,33.7544],[35.5665,33.7521],[35.5717,33.7503],[35.5739,33.7508],[35.5759,33.7523],[35.5799,33.7588],[35.581,33.7655]]]},"properties":{"adm3_name":"Mejdlaiya","adm2_name":"Aley","adm1_name":"Mount Lebanon"}},
{"type":"Feature","geometry":{"type":"Polygon","coordinates":[[[35.5402,33.7757],[35.537,33.7753],[35.5388,33.7726],[35.5363,33.7698],[35.5352,33.7646],[35.5383,33.7594],[35.5352,33.7585],[35.5392,33.755],[35.5431,33.7534],[35.5436,33.7573],[35.548,33.7585],[35.5496,33.7608],[35.5534,33.7602],[35.5547,33.7629],[35.5606,33.7658],[35.5581,33.7672],[35.5557,33.7718],[35.5533,33.7731],[35.5471,33.7729],[35.5402,33.7757]]]},"properties":{"adm3_name":"Aaynab","adm2_name":"Aley","adm1_name":"Mount Lebanon"}},
{"type":"Feature","geometry":{"type":"Polygon","coordinates":[[[35.5867,33.7719],[35.5839,33.7707],[35.581,33.7655],[35.5799,33.7588],[35.585,33.7589],[35.5879,33.7568],[35.5837,33.7542],[35.5791,33.7496],[35.5793,33.7461],[35.5763,33.7391],[35.5805,33.7417],[35.5852,33.7413],[35.5856,33.7454],[35.5913,33.7424],[35.5936,33.7497],[35.591,33.7541],[35.5942,33.7579],[35.5991,33.7598],[35.596,33.7616],[35.5956,33.7615],[35.5949,33.7622],[35.5941,33.7627],[35.5909,33.7612],[35.5875,33.7623],[35.5867,33.7719]]]},"properties":{"adm3_name":"Chartoun","adm2_name":"Aley","adm1_name":"Mount Lebanon"}},
{"type":"Feature","geometry":{"type":"Polygon","coordinates":[[[35.5759,33.7523],[35.5739,33.7508],[35.5725,33.7463],[35.5765,33.7457],[35.575,33.7411],[35.5739,33.7351],[35.5763,33.7391],[35.5793,33.7461],[35.5791,33.7496],[35.5759,33.7523]]]},"properties":{"adm3_name":"Bou Zrideh","adm2_name":"Aley","adm1_name":"Mount Lebanon"}},
{"type":"Feature","geometry":{"type":"Polygon","coordinates":[[[35.5665,33.7521],[35.5619,33.7544],[35.5624,33.7503],[35.5585,33.7504],[35.5525,33.7521],[35.5509,33.7568],[35.5514,33.7546],[35.5486,33.75],[35.5579,33.7444],[35.5641,33.7441],[35.5664,33.7471],[35.5665,33.7521]]]},"properties":{"adm3_name":"Dfoun","adm2_name":"Aley","adm1_name":"Mount Lebanon"}},
{"type":"Feature","geometry":{"type":"Polygon","coordinates":[[[35.6301,33.7435],[35.6259,33.7464],[35.6297,33.7508],[35.6271,33.7545],[35.6249,33.755],[35.6258,33.7512],[35.6165,33.7486],[35.608,33.7446],[35.6069,33.7467],[35.6012,33.7469],[35.5936,33.7497],[35.5913,33.7424],[35.5923,33.7414],[35.5893,33.732],[35.5862,33.728],[35.5849,33.7238],[35.5936,33.7238],[35.5952,33.7225],[35.5981,33.7223],[35.6027,33.7299],[35.6067,33.7316],[35.618,33.7345],[35.6166,33.7364],[35.6256,33.7389],[35.6279,33.7416],[35.6301,33.7435]]]},"properties":{"adm3_name":"Richmaiya","adm2_name":"Aley","adm1_name":"Mount Lebanon"}},
{"type":"Feature","geometry":{"type":"Polygon","coordinates":[[[35.5913,33.7424],[35.5856,33.7454],[35.5852,33.7413],[35.5805,33.7417],[35.5763,33.7391],[35.5739,33.7351],[35.5705,33.7324],[35.57,33.7299],[35.575,33.7281],[35.5745,33.7249],[35.5797,33.7247],[35.5849,33.7238],[35.5862,33.728],[35.5893,33.732],[35.5923,33.7414],[35.5913,33.7424]]]},"properties":{"adm3_name":"Aain Traz","adm2_name":"Aley","adm1_name":"Mount Lebanon"}},
{"type":"Feature","geometry":{"type":"Polygon","coordinates":[[[35.571,33.7421],[35.5682,33.7392],[35.5659,33.7323],[35.5653,33.727],[35.5687,33.7261],[35.572,33.7256],[35.5745,33.7249],[35.575,33.7281],[35.57,33.7299],[35.5705,33.7324],[35.5739,33.7351],[35.575,33.7411],[35.571,33.7421]]]},"properties":{"adm3_name":"Selfaya","adm2_name":"Aley","adm1_name":"Mount Lebanon"}},
{"type":"Feature","geometry":{"type":"Polygon","coordinates":[[[35.5352,33.7585],[35.5317,33.7607],[35.527,33.7603],[35.5271,33.7579],[35.5217,33.7546],[35.5198,33.7562],[35.5139,33.7534],[35.5192,33.7517],[35.52,33.7492],[35.5232,33.7467],[35.5242,33.748],[35.5329,33.7532],[35.5376,33.7548],[35.5392,33.755],[35.5352,33.7585]]]},"properties":{"adm3_name":"Aaley Bsatine","adm2_name":"Aley","adm1_name":"Mount Lebanon"}},
{"type":"Feature","geometry":{"type":"Polygon","coordinates":[[[35.5509,33.7568],[35.548,33.7585],[35.5436,33.7573],[35.5431,33.7534],[35.5392,33.755],[35.5376,33.7548],[35.5434,33.745],[35.5447,33.7446],[35.5435,33.7425],[35.5453,33.7425],[35.5501,33.7456],[35.5518,33.7391],[35.554,33.7342],[35.5594,33.734],[35.5633,33.7327],[35.5659,33.7323],[35.5682,33.7392],[35.571,33.7421],[35.5725,33.7463],[35.5739,33.7508],[35.5717,33.7503],[35.5665,33.7521],[35.5664,33.7471],[35.5641,33.7441],[35.5579,33.7444],[35.5486,33.75],[35.5514,33.7546],[35.5509,33.7568]]]},"properties":{"adm3_name":"Rimhala","adm2_name":"Aley","adm1_name":"Mount Lebanon"}},
{"type":"Feature","geometry":{"type":"Polygon","coordinates":[[[35.5452,33.7403],[35.5445,33.737],[35.5389,33.7338],[35.5358,33.7309],[35.5422,33.7263],[35.5494,33.7254],[35.5513,33.7218],[35.5541,33.7238],[35.56,33.7252],[35.5642,33.7312],[35.5633,33.7327],[35.5594,33.734],[35.554,33.7342],[35.5518,33.7391],[35.5501,33.7456],[35.5453,33.7425],[35.5452,33.7403]]]},"properties":{"adm3_name":"Binnay","adm2_name":"Aley","adm1_name":"Mount Lebanon"}},
{"type":"Feature","geometry":{"type":"Polygon","coordinates":[[[35.5376,33.7548],[35.5329,33.7532],[35.5242,33.748],[35.5301,33.7411],[35.535,33.7418],[35.5361,33.7388],[35.5412,33.741],[35.5452,33.7403],[35.5453,33.7425],[35.5435,33.7425],[35.5434,33.745],[35.5376,33.7548]]]},"properties":{"adm3_name":"Aain Ksour","adm2_name":"Aley","adm1_name":"Mount Lebanon"}},
{"type":"Feature","geometry":{"type":"Polygon","coordinates":[[[35.5659,33.7323],[35.5633,33.7327],[35.5642,33.7312],[35.56,33.7252],[35.5562,33.7214],[35.5585,33.7219],[35.5653,33.727],[35.5659,33.7323]]]},"properties":{"adm3_name":"Jisr El Qadi","adm2_name":"Aley","adm1_name":"Mount Lebanon"}},
{"type":"Feature","geometry":{"type":"Polygon","coordinates":[[[35.5242,33.748],[35.5232,33.7467],[35.5195,33.7462],[35.5154,33.749],[35.5142,33.7453],[35.5093,33.7472],[35.5048,33.7444],[35.5057,33.7422],[35.5103,33.7386],[35.5112,33.7358],[35.5163,33.7334],[35.5199,33.7291],[35.5258,33.7313],[35.5291,33.73],[35.5358,33.7309],[35.5389,33.7338],[35.5445,33.737],[35.5452,33.7403],[35.5412,33.741],[35.5361,33.7388],[35.535,33.7418],[35.5301,33.7411],[35.5242,33.748]]]},"properties":{"adm3_name":"Aabey","adm2_name":"Aley","adm1_name":"Mount Lebanon"}},
{"type":"Feature","geometry":{"type":"Polygon","coordinates":[[[35.5358,33.7309],[35.5291,33.73],[35.5258,33.7313],[35.5199,33.7291],[35.5163,33.7254],[35.5157,33.7229],[35.5126,33.7221],[35.5054,33.7174],[35.5023,33.7187],[35.494,33.7264],[35.4912,33.7259],[35.4883,33.7294],[35.483,33.7304],[35.4784,33.7292],[35.4742,33.7275],[35.474,33.7231],[35.4699,33.7221],[35.4711,33.718],[35.4747,33.7199],[35.4793,33.7204],[35.4793,33.7171],[35.4825,33.7155],[35.4874,33.7156],[35.4874,33.7084],[35.4918,33.7078],[35.4911,33.7014],[35.4959,33.7017],[35.5012,33.7045],[35.5047,33.7024],[35.509,33.7035],[35.5126,33.706],[35.5219,33.7061],[35.5273,33.7087],[35.5386,33.7114],[35.5412,33.7122],[35.5458,33.7181],[35.5483,33.7179],[35.5513,33.7218],[35.5494,33.7254],[35.5422,33.7263],[35.5358,33.7309]]]},"properties":{"adm3_name":"Kfar Matta","adm2_name":"Aley","adm1_name":"Mount Lebanon"}},
{"type":"Feature","geometry":{"type":"Polygon","coordinates":[[[35.6611,33.8114],[35.6602,33.8132],[35.6541,33.8135],[35.651,33.8106],[35.6456,33.8087],[35.6502,33.8073],[35.6516,33.8049],[35.6551,33.8058],[35.6599,33.8026],[35.6664,33.7994],[35.6693,33.7989],[35.6706,33.7988],[35.6733,33.8007],[35.6733,33.8028],[35.6706,33.8062],[35.6677,33.8064],[35.6632,33.8087],[35.6611,33.8114]]]},"properties":{"adm3_name":"Bhamdoun El-Mhatta","adm2_name":"Aley","adm1_name":"Mount Lebanon"}},
{"type":"Feature","geometry":{"type":"Polygon","coordinates":[[[35.6456,33.8087],[35.6379,33.8076],[35.6376,33.8056],[35.6314,33.8021],[35.626,33.8003],[35.6256,33.7958],[35.634,33.7983],[35.6363,33.798],[35.6433,33.7924],[35.6452,33.7901],[35.6454,33.7864],[35.6475,33.7843],[35.6552,33.7865],[35.6557,33.7904],[35.6642,33.7936],[35.6693,33.7989],[35.6664,33.7994],[35.6599,33.8026],[35.6551,33.8058],[35.6516,33.8049],[35.6502,33.8073],[35.6456,33.8087]]]},"properties":{"adm3_name":"Bhamdoun Ed-Dayaa","adm2_name":"Aley","adm1_name":"Mount Lebanon"}},
{"type":"Feature","geometry":{"type":"Polygon","coordinates":[[[35.6706,33.7988],[35.6693,33.7989],[35.6642,33.7936],[35.6557,33.7904],[35.6552,33.7865],[35.6475,33.7843],[35.6517,33.7789],[35.6614,33.7805],[35.6676,33.7844],[35.669,33.7906],[35.6732,33.7959],[35.6706,33.7988]]]},"properties":{"adm3_name":"Chanay","adm2_name":"Aley","adm1_name":"Mount Lebanon"}},
{"type":"Feature","geometry":{"type":"Polygon","coordinates":[[[35.6475,33.7843],[35.6454,33.7864],[35.6452,33.7901],[35.6433,33.7924],[35.6363,33.798],[35.634,33.7983],[35.6256,33.7958],[35.6212,33.7944],[35.6209,33.7901],[35.6237,33.7875],[35.63,33.7893],[35.6336,33.7854],[35.6379,33.784],[35.642,33.785],[35.6475,33.7843]]]},"properties":{"adm3_name":"Btalloun","adm2_name":"Aley","adm1_name":"Mount Lebanon"}},
{"type":"Feature","geometry":{"type":"Polygon","coordinates":[[[35.6733,33.8007],[35.6706,33.7988],[35.6732,33.7959],[35.669,33.7906],[35.6676,33.7844],[35.6614,33.7805],[35.6517,33.7789],[35.6551,33.7764],[35.6517,33.7696],[35.6534,33.7697],[35.6576,33.7692],[35.663,33.767],[35.6636,33.7724],[35.6675,33.7717],[35.6692,33.774],[35.676,33.7734],[35.6784,33.7758],[35.6841,33.7784],[35.6908,33.7827],[35.6876,33.7851],[35.6879,33.7918],[35.6891,33.7954],[35.6802,33.7989],[35.6772,33.7987],[35.6733,33.8007]]]},"properties":{"adm3_name":"Majdel Baana","adm2_name":"Aley","adm1_name":"Mount Lebanon"}},
{"type":"Feature","geometry":{"type":"Polygon","coordinates":[[[35.6859,33.8045],[35.6749,33.8057],[35.6733,33.8028],[35.6733,33.8007],[35.6772,33.7987],[35.6802,33.7989],[35.6891,33.7954],[35.6983,33.7969],[35.7017,33.8011],[35.7109,33.8017],[35.7152,33.7997],[35.7172,33.802],[35.7169,33.8048],[35.7111,33.808],[35.6974,33.8046],[35.6934,33.8048],[35.6884,33.8066],[35.6859,33.8045]]]},"properties":{"adm3_name":"Saoufar","adm2_name":"Aley","adm1_name":"Mount Lebanon"}},
{"type":"Feature","geometry":{"type":"Polygon","coordinates":[[[35.6432,33.7708],[35.6434,33.7673],[35.6462,33.7658],[35.6493,33.7693],[35.651,33.7688],[35.6517,33.7696],[35.6551,33.7764],[35.6486,33.7745],[35.6464,33.7709],[35.6432,33.7708]]]},"properties":{"adm3_name":"Aain El Halazoun","adm2_name":"Aley","adm1_name":"Mount Lebanon"}},
{"type":"Feature","geometry":{"type":"MultiPolygon","coordinates":[[[[35.675,33.7605],[35.6745,33.7679],[35.6781,33.7707],[35.6845,33.7736],[35.6865,33.7784],[35.6918,33.782],[35.6906,33.7921],[35.6983,33.7969],[35.6891,33.7954],[35.6879,33.7918],[35.6876,33.7851],[35.6908,33.7827],[35.6841,33.7784],[35.6784,33.7758],[35.676,33.7734],[35.6692,33.774],[35.6675,33.7717],[35.6636,33.7724],[35.663,33.767],[35.6632,33.7612],[35.6699,33.7617],[35.675,33.7605]]],[[[35.651,33.7688],[35.6493,33.7693],[35.6462,33.7658],[35.6469,33.762],[35.6491,33.7606],[35.6492,33.7642],[35.6515,33.768],[35.651,33.7688]]]]},"properties":{"adm3_name":"Bedghan Oua Ouadi Bedghan","adm2_name":"Aley","adm1_name":"Mount Lebanon"}},
{"type":"Feature","geometry":{"type":"Polygon","coordinates":[[[35.6534,33.7697],[35.6517,33.7696],[35.651,33.7688],[35.6515,33.768],[35.6534,33.7697]]]},"properties":{"adm3_name":"Homs Oua Hama","adm2_name":"Aley","adm1_name":"Mount Lebanon"}},
{"type":"Feature","geometry":{"type":"Polygon","coordinates":[[[35.6336,33.7854],[35.6307,33.7847],[35.6203,33.7801],[35.6137,33.7843],[35.6089,33.7863],[35.6029,33.7838],[35.6016,33.782],[35.6045,33.7788],[35.6066,33.7746],[35.6195,33.77],[35.6272,33.775],[35.6276,33.7779],[35.631,33.7774],[35.6322,33.7818],[35.6378,33.7822],[35.6379,33.784],[35.6336,33.7854]]]},"properties":{"adm3_name":"Mansouriyet Bhamdoun","adm2_name":"Aley","adm1_name":"Mount Lebanon"}},
{"type":"Feature","geometry":{"type":"Polygon","coordinates":[[[35.7015,33.7557],[35.7034,33.7548],[35.7086,33.7612],[35.7058,33.7613],[35.7015,33.7557]]]},"properties":{"adm3_name":"Mchekhti","adm2_name":"Aley","adm1_name":"Mount Lebanon"}},
{"type":"Feature","geometry":{"type":"Polygon","coordinates":[[[35.7185,33.8016],[35.7172,33.802],[35.7152,33.7997],[35.7109,33.8017],[35.7017,33.8011],[35.6983,33.7969],[35.6906,33.7921],[35.6918,33.782],[35.6865,33.7784],[35.6845,33.7736],[35.6781,33.7707],[35.6745,33.7679],[35.675,33.7605],[35.6733,33.7573],[35.6678,33.7543],[35.6707,33.7513],[35.6768,33.7525],[35.6804,33.7563],[35.6858,33.7577],[35.6868,33.7601],[35.6917,33.7658],[35.6958,33.7665],[35.6981,33.7699],[35.7,33.7746],[35.7048,33.7809],[35.7089,33.7836],[35.7127,33.7846],[35.7185,33.7889],[35.7231,33.7955],[35.7262,33.7991],[35.7189,33.8],[35.7185,33.8016]]]},"properties":{"adm3_name":"Charoun","adm2_name":"Aley","adm1_name":"Mount Lebanon"}},
{"type":"Feature","geometry":{"type":"Polygon","coordinates":[[[35.6517,33.7789],[35.6475,33.7843],[35.642,33.785],[35.6379,33.784],[35.6378,33.7822],[35.6322,33.7818],[35.631,33.7774],[35.6276,33.7779],[35.6272,33.775],[35.6195,33.77],[35.6066,33.7746],[35.6045,33.7788],[35.6016,33.782],[35.5993,33.7812],[35.6008,33.7765],[35.5999,33.7669],[35.5976,33.7641],[35.602,33.7621],[35.6049,33.7595],[35.607,33.7603],[35.6128,33.7586],[35.6121,33.7516],[35.6138,33.7488],[35.6165,33.7486],[35.6258,33.7512],[35.6249,33.755],[35.6306,33.7586],[35.633,33.7583],[35.6378,33.7622],[35.6425,33.7615],[35.6469,33.762],[35.6462,33.7658],[35.6434,33.7673],[35.6414,33.7684],[35.6432,33.7708],[35.6464,33.7709],[35.6486,33.7745],[35.6551,33.7764],[35.6517,33.7789]]]},"properties":{"adm3_name":"Btater","adm2_name":"Aley","adm1_name":"Mount Lebanon"}},
{"type":"Feature","geometry":{"type":"Polygon","coordinates":[[[35.705,33.7692],[35.6981,33.7699],[35.6958,33.7665],[35.6917,33.7658],[35.6868,33.7601],[35.6858,33.7577],[35.6804,33.7563],[35.6768,33.7525],[35.6808,33.7527],[35.6875,33.7489],[35.6986,33.7569],[35.7015,33.7557],[35.7058,33.7613],[35.7086,33.7612],[35.7053,33.7655],[35.7074,33.7691],[35.705,33.7692]]]},"properties":{"adm3_name":"Ighmid","adm2_name":"Aley","adm1_name":"Mount Lebanon"}},
{"type":"Feature","geometry":{"type":"Polygon","coordinates":[[[35.7235,33.7952],[35.7231,33.7955],[35.7185,33.7889],[35.7127,33.7846],[35.7089,33.7836],[35.7048,33.7809],[35.7,33.7746],[35.6981,33.7699],[35.705,33.7692],[35.7098,33.7745],[35.7119,33.7809],[35.7219,33.788],[35.7235,33.7952]]]},"properties":{"adm3_name":"Aazouniyeh","adm2_name":"Aley","adm1_name":"Mount Lebanon"}},
{"type":"Feature","geometry":{"type":"Polygon","coordinates":[[[35.6534,33.7697],[35.6515,33.768],[35.6492,33.7642],[35.6491,33.7606],[35.6487,33.7548],[35.6463,33.7538],[35.646,33.7523],[35.649,33.7515],[35.6535,33.7533],[35.6606,33.7528],[35.6678,33.7543],[35.6733,33.7573],[35.675,33.7605],[35.6699,33.7617],[35.6632,33.7612],[35.663,33.767],[35.6576,33.7692],[35.6534,33.7697]]]},"properties":{"adm3_name":"Mcherfeh","adm2_name":"Aley","adm1_name":"Mount Lebanon"}},
{"type":"Feature","geometry":{"type":"Polygon","coordinates":[[[35.6469,33.762],[35.6425,33.7615],[35.6419,33.7597],[35.6449,33.7539],[35.6463,33.7538],[35.6487,33.7548],[35.6491,33.7606],[35.6469,33.762]]]},"properties":{"adm3_name":"Habramoun","adm2_name":"Aley","adm1_name":"Mount Lebanon"}},
{"type":"Feature","geometry":{"type":"Polygon","coordinates":[[[35.6449,33.7539],[35.6419,33.7597],[35.6388,33.7606],[35.6331,33.7566],[35.6347,33.7535],[35.6417,33.7539],[35.6449,33.7539]]]},"properties":{"adm3_name":"Bserrine","adm2_name":"Aley","adm1_name":"Mount Lebanon"}},
{"type":"Feature","geometry":{"type":"Polygon","coordinates":[[[35.6678,33.7543],[35.6606,33.7528],[35.6535,33.7533],[35.649,33.7515],[35.646,33.7523],[35.643,33.7497],[35.6411,33.7452],[35.6452,33.7453],[35.6467,33.7434],[35.6492,33.7421],[35.6493,33.7393],[35.6523,33.7377],[35.662,33.7367],[35.6669,33.7392],[35.6684,33.7417],[35.6642,33.7457],[35.6691,33.7458],[35.672,33.7483],[35.6707,33.7513],[35.6678,33.7543]]]},"properties":{"adm3_name":"Ramlieh","adm2_name":"Aley","adm1_name":"Mount Lebanon"}},
{"type":"Feature","geometry":{"type":"Polygon","coordinates":[[[35.6417,33.7539],[35.6347,33.7535],[35.6313,33.7531],[35.6297,33.7508],[35.6259,33.7464],[35.6301,33.7435],[35.635,33.7466],[35.64,33.7496],[35.6407,33.7503],[35.6417,33.7516],[35.6417,33.7539]]]},"properties":{"adm3_name":"Maasrati","adm2_name":"Aley","adm1_name":"Mount Lebanon"}},
{"type":"Feature","geometry":{"type":"Polygon","coordinates":[[[35.6449,33.7539],[35.6417,33.7539],[35.6417,33.7516],[35.6422,33.7498],[35.6427,33.7496],[35.643,33.7497],[35.646,33.7523],[35.6463,33.7538],[35.6449,33.7539]]]},"properties":{"adm3_name":"Mazraat En-Nahr Aaley","adm2_name":"Aley","adm1_name":"Mount Lebanon"}},
{"type":"Feature","geometry":{"type":"Polygon","coordinates":[[[35.7664,33.8092],[35.7612,33.8101],[35.7563,33.8077],[35.7495,33.8013],[35.7345,33.7954],[35.7235,33.7952],[35.7219,33.788],[35.7119,33.7809],[35.7098,33.7745],[35.705,33.7692],[35.7074,33.7691],[35.7161,33.7652],[35.7271,33.768],[35.7364,33.772],[35.741,33.7704],[35.7419,33.7681],[35.7493,33.7709],[35.753,33.7736],[35.7595,33.7742],[35.763,33.7729],[35.7659,33.7737],[35.7727,33.7695],[35.7846,33.7692],[35.7909,33.7671],[35.7933,33.7672],[35.7977,33.7709],[35.803,33.7707],[35.8025,33.7723],[35.8057,33.7817],[35.8114,33.7873],[35.8118,33.7897],[35.8106,33.7921],[35.801,33.7893],[35.7857,33.7931],[35.7818,33.7916],[35.775,33.7946],[35.7752,33.7974],[35.7681,33.8038],[35.7664,33.8092]]]},"properties":{"adm3_name":"Aain Dara","adm2_name":"Aley","adm1_name":"Mount Lebanon"}},
{"type":"Feature","geometry":{"type":"Polygon","coordinates":[[[35.6768,33.7525],[35.6707,33.7513],[35.672,33.7483],[35.6691,33.7458],[35.6642,33.7457],[35.6684,33.7417],[35.6669,33.7392],[35.6707,33.7364],[35.6739,33.7343],[35.6781,33.7362],[35.6792,33.7386],[35.6859,33.7434],[35.6875,33.7489],[35.6808,33.7527],[35.6768,33.7525]]]},"properties":{"adm3_name":"Mrayjat Aaley","adm2_name":"Aley","adm1_name":"Mount Lebanon"}},
{"type":"Feature","geometry":{"type":"Polygon","coordinates":[[[35.803,33.7707],[35.7977,33.7709],[35.7933,33.7672],[35.7909,33.7671],[35.7846,33.7692],[35.7727,33.7695],[35.7659,33.7737],[35.763,33.7729],[35.7595,33.7742],[35.753,33.7736],[35.7493,33.7709],[35.7419,33.7681],[35.741,33.7704],[35.7364,33.772],[35.7271,33.768],[35.7161,33.7652],[35.7074,33.7691],[35.7053,33.7655],[35.7086,33.7612],[35.7034,33.7548],[35.7066,33.7541],[35.7174,33.746],[35.7215,33.7474],[35.724,33.7463],[35.7322,33.7468],[35.7428,33.7454],[35.7494,33.7425],[35.7507,33.7434],[35.7561,33.7399],[35.7647,33.7383],[35.7703,33.736],[35.7792,33.7449],[35.7808,33.7407],[35.7858,33.7469],[35.7913,33.7504],[35.7938,33.7523],[35.7988,33.7613],[35.8004,33.767],[35.803,33.7707]]]},"properties":{"adm3_name":"Bmahray","adm2_name":"Aley","adm1_name":"Mount Lebanon"}},
{"type":"Feature","geometry":{"type":"Polygon","coordinates":[[[35.9407,34.0703],[35.9353,34.0699],[35.9316,34.0651],[35.9228,34.0602],[35.9166,34.0579],[35.9068,34.0565],[35.9063,34.0601],[35.9013,34.0602],[35.8975,34.0631],[35.8941,34.0589],[35.8951,34.0541],[35.8976,34.0485],[35.9014,34.0371],[35.9038,34.0388],[35.9088,34.0389],[35.9131,34.0432],[35.9169,34.0443],[35.9221,34.0483],[35.9253,34.0494],[35.927,34.0524],[35.9327,34.0558],[35.9374,34.0556],[35.94,34.0574],[35.9411,34.0683],[35.9407,34.0703]]]},"properties":{"adm3_name":"Litige","adm2_name":"Kesrwane","adm1_name":"Mount Lebanon"}},
{"type":"Feature","geometry":{"type":"Polygon","coordinates":[[[35.8737,34.0377],[35.8463,34.0171],[35.8457,34.012],[35.8493,34.0119],[35.8523,34.0101],[35.8555,34.0088],[35.8626,34.0095],[35.8789,34.0004],[35.8863,34.0011],[35.8916,34.0032],[35.8992,33.9999],[35.9038,33.9989],[35.9096,33.9945],[35.9146,34.0022],[35.9227,34.009],[35.9172,34.0108],[35.9119,34.0144],[35.9122,34.0187],[35.9103,34.0208],[35.8986,34.0223],[35.8978,34.0249],[35.8932,34.03],[35.888,34.0306],[35.8826,34.0343],[35.8796,34.0349],[35.876,34.0383],[35.8737,34.0377]]]},"properties":{"adm3_name":"Litige","adm2_name":"Kesrwane","adm1_name":"Mount Lebanon"}},
{"type":"Feature","geometry":{"type":"Polygon","coordinates":[[[35.6911,33.9827],[35.6904,33.9823],[35.6881,33.9812],[35.686,33.9795],[35.6891,33.9782],[35.6897,33.9737],[35.6933,33.9765],[35.6911,33.9827]]]},"properties":{"adm3_name":"Litige","adm2_name":"Kesrwane","adm1_name":"Mount Lebanon"}},
{"type":"Feature","geometry":{"type":"Polygon","coordinates":[[[35.6276,33.9832],[35.6225,33.9859],[35.6169,33.9873],[35.6135,33.986],[35.612,33.9806],[35.6185,33.9753],[35.6244,33.9728],[35.6292,33.973],[35.6308,33.9757],[35.6276,33.9832]]]},"properties":{"adm3_name":"Jounieh Sarba","adm2_name":"Kesrwane","adm1_name":"Mount Lebanon"}},
{"type":"Feature","geometry":{"type":"Polygon","coordinates":[[[35.6292,33.973],[35.6244,33.9728],[35.6185,33.9753],[35.612,33.9806],[35.6096,33.9762],[35.6061,33.9729],[35.6005,33.9703],[35.6012,33.9661],[35.6048,33.9646],[35.606,33.969],[35.6094,33.9671],[35.6129,33.9683],[35.6175,33.966],[35.6188,33.9627],[35.6256,33.9598],[35.6305,33.9608],[35.6344,33.9621],[35.6365,33.9651],[35.6355,33.9658],[35.6288,33.9665],[35.6292,33.973]]]},"properties":{"adm3_name":"Zouk Mkayel","adm2_name":"Kesrwane","adm1_name":"Mount Lebanon"}},
{"type":"Feature","geometry":{"type":"Polygon","coordinates":[[[35.6276,33.9832],[35.6308,33.9757],[35.6292,33.973],[35.6288,33.9665],[35.6355,33.9658],[35.6422,33.9786],[35.6451,33.9802],[35.6454,33.9805],[35.6408,33.9833],[35.6371,33.984],[35.6343,33.9862],[35.6276,33.9832]]]},"properties":{"adm3_name":"Jounie Ghadir","adm2_name":"Kesrwane","adm1_name":"Mount Lebanon"}},
{"type":"Feature","geometry":{"type":"Polygon","coordinates":[[[35.6305,33.9608],[35.6256,33.9598],[35.6188,33.9627],[35.6175,33.966],[35.6129,33.9683],[35.6094,33.9671],[35.606,33.969],[35.6048,33.9646],[35.6012,33.9661],[35.5998,33.9613],[35.5964,33.9575],[35.5996,33.9552],[35.6031,33.9547],[35.6063,33.9513],[35.6056,33.9486],[35.6097,33.9471],[35.6122,33.9448],[35.6157,33.9468],[35.6205,33.9471],[35.6214,33.9458],[35.6227,33.9451],[35.6248,33.9462],[35.6254,33.9545],[35.6305,33.9606],[35.6305,33.9608]]]},"properties":{"adm3_name":"Zouk Mousbeh","adm2_name":"Kesrwane","adm1_name":"Mount Lebanon"}},
{"type":"Feature","geometry":{"type":"Polygon","coordinates":[[[35.6457,33.981],[35.6453,33.9834],[35.6474,33.9866],[35.6507,33.9951],[35.648,33.9965],[35.6468,34.0002],[35.644,34.0006],[35.6417,33.996],[35.6385,33.994],[35.6375,33.9892],[35.6343,33.9862],[35.6371,33.984],[35.6408,33.9833],[35.6454,33.9805],[35.6457,33.981]]]},"properties":{"adm3_name":"Jounie Haret Sakhr","adm2_name":"Kesrwane","adm1_name":"Mount Lebanon"}},
{"type":"Feature","geometry":{"type":"Polygon","coordinates":[[[35.6487,34.0048],[35.6443,34.0048],[35.644,34.0006],[35.6468,34.0002],[35.648,33.9965],[35.6507,33.9951],[35.6474,33.9866],[35.6453,33.9834],[35.6457,33.981],[35.6546,33.9869],[35.6555,33.991],[35.6595,33.9933],[35.6635,33.9926],[35.6637,33.9953],[35.6606,33.9966],[35.6608,34.0004],[35.654,34.0017],[35.6487,34.0048]]]},"properties":{"adm3_name":"Sahel Aalma","adm2_name":"Kesrwane","adm1_name":"Mount Lebanon"}},
{"type":"Feature","geometry":{"type":"Polygon","coordinates":[[[35.6286,34.0301],[35.6287,34.0304],[35.6277,34.0308],[35.6232,34.0288],[35.6221,34.0254],[35.6235,34.0179],[35.6283,34.0147],[35.6317,34.0155],[35.6295,34.0238],[35.6286,34.0301]]]},"properties":{"adm3_name":"Ouata Sillam","adm2_name":"Kesrwane","adm1_name":"Mount Lebanon"}},
{"type":"Feature","geometry":{"type":"Polygon","coordinates":[[[35.6415,34.013],[35.6432,34.0146],[35.6378,34.0207],[35.6381,34.0235],[35.6362,34.0269],[35.6286,34.0301],[35.6295,34.0238],[35.6317,34.0155],[35.6339,34.013],[35.6415,34.013]]]},"properties":{"adm3_name":"Kfar Yassine","adm2_name":"Kesrwane","adm1_name":"Mount Lebanon"}},
{"type":"Feature","geometry":{"type":"Polygon","coordinates":[[[35.6287,34.0304],[35.6286,34.0301],[35.6362,34.0269],[35.64,34.0283],[35.6386,34.0335],[35.6287,34.0304]]]},"properties":{"adm3_name":"Tabarja","adm2_name":"Kesrwane","adm1_name":"Mount Lebanon"}},
{"type":"Feature","geometry":{"type":"Polygon","coordinates":[[[35.64,34.0283],[35.6362,34.0269],[35.6381,34.0235],[35.6378,34.0207],[35.6432,34.0146],[35.6415,34.013],[35.6422,34.0124],[35.6528,34.0169],[35.6553,34.0191],[35.6547,34.0214],[35.658,34.0237],[35.6581,34.0284],[35.654,34.0333],[35.6508,34.032],[35.6483,34.0316],[35.645,34.0287],[35.64,34.0283]]]},"properties":{"adm3_name":"Adma Oua Dafine","adm2_name":"Kesrwane","adm1_name":"Mount Lebanon"}},
{"type":"Feature","geometry":{"type":"Polygon","coordinates":[[[35.6541,34.0363],[35.6533,34.0385],[35.6453,34.0422],[35.6414,34.0405],[35.6359,34.0433],[35.6306,34.0449],[35.6281,34.0407],[35.6248,34.0376],[35.6248,34.0321],[35.6277,34.0308],[35.6287,34.0304],[35.6386,34.0335],[35.64,34.0283],[35.645,34.0287],[35.6483,34.0316],[35.6508,34.032],[35.6541,34.0363]]]},"properties":{"adm3_name":"Safra Kesrouane","adm2_name":"Kesrwane","adm1_name":"Mount Lebanon"}},
{"type":"Feature","geometry":{"type":"Polygon","coordinates":[[[35.6352,34.0509],[35.6306,34.0449],[35.6359,34.0433],[35.6414,34.0405],[35.6453,34.0422],[35.6533,34.0385],[35.6541,34.0363],[35.6574,34.0389],[35.6536,34.0422],[35.6559,34.0446],[35.6534,34.0456],[35.655,34.0487],[35.649,34.0508],[35.6465,34.048],[35.641,34.0504],[35.6385,34.0493],[35.6352,34.0509]]]},"properties":{"adm3_name":"Bouar","adm2_name":"Kesrwane","adm1_name":"Mount Lebanon"}},
{"type":"Feature","geometry":{"type":"Polygon","coordinates":[[[35.642,34.0587],[35.6353,34.0542],[35.6352,34.0509],[35.6385,34.0493],[35.641,34.0504],[35.6465,34.048],[35.649,34.0508],[35.655,34.0487],[35.6609,34.0483],[35.6629,34.0518],[35.6593,34.0549],[35.6533,34.053],[35.65,34.0541],[35.6454,34.0538],[35.642,34.0587]]]},"properties":{"adm3_name":"Aaqaibeh Kesrouane","adm2_name":"Kesrwane","adm1_name":"Mount Lebanon"}},
{"type":"Feature","geometry":{"type":"Polygon","coordinates":[[[35.6422,34.0652],[35.642,34.0587],[35.6454,34.0538],[35.65,34.0541],[35.6533,34.053],[35.6593,34.0549],[35.6584,34.0571],[35.654,34.0576],[35.6515,34.0599],[35.6507,34.0611],[35.6462,34.0613],[35.6422,34.0652]]]},"properties":{"adm3_name":"Bqaq Ed-Dine","adm2_name":"Kesrwane","adm1_name":"Mount Lebanon"}},
{"type":"Feature","geometry":{"type":"Polygon","coordinates":[[[35.6736,34.0781],[35.6684,34.0763],[35.6644,34.0734],[35.6624,34.0742],[35.6577,34.0709],[35.6564,34.0659],[35.6539,34.0651],[35.6507,34.0611],[35.6515,34.0599],[35.6534,34.0635],[35.6569,34.0658],[35.6581,34.0704],[35.6605,34.0726],[35.6658,34.073],[35.6669,34.074],[35.6752,34.0765],[35.6736,34.0781]]]},"properties":{"adm3_name":"Kharayeb Nahr Ibrahim","adm2_name":"Kesrwane","adm1_name":"Mount Lebanon"}},
{"type":"Feature","geometry":{"type":"Polygon","coordinates":[[[35.686,33.9795],[35.6798,33.9745],[35.6749,33.972],[35.6679,33.9705],[35.6704,33.9656],[35.6659,33.9638],[35.6688,33.9619],[35.675,33.9634],[35.6767,33.9578],[35.682,33.9535],[35.6831,33.9512],[35.6806,33.9488],[35.6829,33.9426],[35.687,33.9444],[35.6913,33.9468],[35.6963,33.9478],[35.6925,33.9526],[35.6944,33.9579],[35.6979,33.9658],[35.7034,33.9697],[35.7059,33.9713],[35.6958,33.9726],[35.6933,33.9765],[35.6897,33.9737],[35.6891,33.9782],[35.686,33.9795]]]},"properties":{"adm3_name":"Aajaltoun","adm2_name":"Kesrwane","adm1_name":"Mount Lebanon"}},
{"type":"Feature","geometry":{"type":"Polygon","coordinates":[[[35.6575,33.9515],[35.6533,33.9493],[35.6583,33.9478],[35.6595,33.9418],[35.6647,33.9404],[35.6698,33.9423],[35.678,33.9424],[35.6829,33.9426],[35.6806,33.9488],[35.6831,33.9512],[35.682,33.9535],[35.6767,33.9578],[35.675,33.9634],[35.6688,33.9619],[35.668,33.958],[35.6622,33.9557],[35.6614,33.9518],[35.6575,33.9515]]]},"properties":{"adm3_name":"Balloune","adm2_name":"Kesrwane","adm1_name":"Mount Lebanon"}},
{"type":"Feature","geometry":{"type":"Polygon","coordinates":[[[35.6595,33.9699],[35.6582,33.9663],[35.6553,33.9634],[35.6491,33.9604],[35.6504,33.9552],[35.6554,33.9548],[35.6575,33.9515],[35.6614,33.9518],[35.6622,33.9557],[35.668,33.958],[35.6688,33.9619],[35.6659,33.9638],[35.6704,33.9656],[35.6679,33.9705],[35.6632,33.9689],[35.6595,33.9699]]]},"properties":{"adm3_name":"Shayleh Kesrouane","adm2_name":"Kesrwane","adm1_name":"Mount Lebanon"}},
{"type":"Feature","geometry":{"type":"Polygon","coordinates":[[[35.6944,33.9579],[35.6925,33.9526],[35.6963,33.9478],[35.7016,33.949],[35.7066,33.9556],[35.7033,33.9561],[35.6944,33.9579]]]},"properties":{"adm3_name":"Daraiya Kesrouane","adm2_name":"Kesrwane","adm1_name":"Mount Lebanon"}},
{"type":"Feature","geometry":{"type":"Polygon","coordinates":[[[35.6403,33.9647],[35.64,33.9567],[35.6469,33.9547],[35.6504,33.9552],[35.6491,33.9604],[35.6553,33.9634],[35.6582,33.9663],[35.6595,33.9699],[35.6453,33.97],[35.6432,33.9664],[35.6403,33.9647]]]},"properties":{"adm3_name":"Aain Er-Rihane","adm2_name":"Kesrwane","adm1_name":"Mount Lebanon"}},
{"type":"Feature","geometry":{"type":"Polygon","coordinates":[[[35.6403,33.9547],[35.6406,33.9526],[35.6327,33.9506],[35.6297,33.9463],[35.6331,33.9452],[35.6395,33.9433],[35.6464,33.9428],[35.6548,33.9411],[35.6595,33.9418],[35.6583,33.9478],[35.6533,33.9493],[35.6575,33.9515],[35.6554,33.9548],[35.6504,33.9552],[35.6469,33.9547],[35.64,33.9567],[35.6403,33.9547]]]},"properties":{"adm3_name":"Jaaita","adm2_name":"Kesrwane","adm1_name":"Mount Lebanon"}},
{"type":"Feature","geometry":{"type":"Polygon","coordinates":[[[35.6365,33.9651],[35.6344,33.9621],[35.6305,33.9608],[35.6305,33.9606],[35.6312,33.955],[35.6403,33.9547],[35.64,33.9567],[35.6403,33.9647],[35.6365,33.9651]]]},"properties":{"adm3_name":"Aintoura Kesrouane","adm2_name":"Kesrwane","adm1_name":"Mount Lebanon"}},
{"type":"Feature","geometry":{"type":"Polygon","coordinates":[[[35.6403,33.9547],[35.6312,33.955],[35.6305,33.9606],[35.6254,33.9545],[35.6248,33.9462],[35.6297,33.9463],[35.6327,33.9506],[35.6406,33.9526],[35.6403,33.9547]]]},"properties":{"adm3_name":"Mazraat Er-Ras","adm2_name":"Kesrwane","adm1_name":"Mount Lebanon"}},
{"type":"Feature","geometry":{"type":"Polygon","coordinates":[[[35.6861,34.02],[35.6832,34.0202],[35.6765,34.0227],[35.6754,34.0259],[35.6711,34.0273],[35.6688,34.0285],[35.6619,34.0248],[35.658,34.0237],[35.6547,34.0214],[35.6553,34.0191],[35.6528,34.0169],[35.6422,34.0124],[35.6444,34.009],[35.6443,34.0048],[35.6487,34.0048],[35.6571,34.0057],[35.6618,34.0091],[35.6736,34.0107],[35.6793,34.0163],[35.684,34.0159],[35.6886,34.0171],[35.6861,34.02]]]},"properties":{"adm3_name":"Ghazir","adm2_name":"Kesrwane","adm1_name":"Mount Lebanon"}},
{"type":"Feature","geometry":{"type":"Polygon","coordinates":[[[35.6559,34.0446],[35.6536,34.0422],[35.6574,34.0389],[35.6541,34.0363],[35.6508,34.032],[35.654,34.0333],[35.6581,34.0284],[35.658,34.0237],[35.6619,34.0248],[35.6688,34.0285],[35.6711,34.0273],[35.6729,34.0292],[35.6781,34.0279],[35.6794,34.0375],[35.6811,34.0385],[35.6788,34.0411],[35.6725,34.0444],[35.6689,34.0445],[35.6603,34.0441],[35.6559,34.0446]]]},"properties":{"adm3_name":"Bourj El-Ftouh","adm2_name":"Kesrwane","adm1_name":"Mount Lebanon"}},
{"type":"Feature","geometry":{"type":"Polygon","coordinates":[[[35.6736,34.0107],[35.6618,34.0091],[35.6571,34.0057],[35.6487,34.0048],[35.654,34.0017],[35.6608,34.0004],[35.6661,34.0003],[35.6689,33.9981],[35.673,34.0008],[35.6789,34.0047],[35.6821,34.0071],[35.6805,34.0099],[35.6736,34.0107]]]},"properties":{"adm3_name":"Chnanaair","adm2_name":"Kesrwane","adm1_name":"Mount Lebanon"}},
{"type":"Feature","geometry":{"type":"Polygon","coordinates":[[[35.6897,34.0226],[35.6861,34.02],[35.6886,34.0171],[35.684,34.0159],[35.6912,34.0136],[35.6917,34.0191],[35.6954,34.0223],[35.6921,34.0239],[35.6897,34.0226]]]},"properties":{"adm3_name":"Jdaidet Ghazir","adm2_name":"Kesrwane","adm1_name":"Mount Lebanon"}},
{"type":"Feature","geometry":{"type":"Polygon","coordinates":[[[35.673,34.0008],[35.6689,33.9981],[35.6661,34.0003],[35.6608,34.0004],[35.6606,33.9966],[35.6637,33.9953],[35.6679,33.9935],[35.6628,33.9843],[35.6665,33.9835],[35.6695,33.9802],[35.6666,33.9749],[35.669,33.9748],[35.6749,33.972],[35.6798,33.9745],[35.686,33.9795],[35.6881,33.9812],[35.6838,33.9821],[35.6791,33.9844],[35.6781,33.9889],[35.686,33.9911],[35.6893,33.9913],[35.6927,33.9934],[35.6905,33.9962],[35.6873,33.9972],[35.6829,33.994],[35.6796,33.9952],[35.6765,33.999],[35.673,34.0008]]]},"properties":{"adm3_name":"Ghosta","adm2_name":"Kesrwane","adm1_name":"Mount Lebanon"}},
{"type":"Feature","geometry":{"type":"Polygon","coordinates":[[[35.6789,34.0047],[35.673,34.0008],[35.6765,33.999],[35.6796,33.9952],[35.6829,33.994],[35.6873,33.9972],[35.6905,33.9962],[35.6931,33.9959],[35.6942,34.0002],[35.6909,33.9997],[35.6867,34.002],[35.682,34.0019],[35.6789,34.0047]]]},"properties":{"adm3_name":"Maarab","adm2_name":"Kesrwane","adm1_name":"Mount Lebanon"}},
{"type":"Feature","geometry":{"type":"Polygon","coordinates":[[[35.6912,34.0136],[35.684,34.0159],[35.6793,34.0163],[35.6736,34.0107],[35.6805,34.0099],[35.6821,34.0071],[35.6789,34.0047],[35.682,34.0019],[35.6867,34.002],[35.6909,33.9997],[35.6942,34.0002],[35.7028,34.0011],[35.7017,34.0043],[35.7077,34.0079],[35.7034,34.0079],[35.6993,34.0119],[35.6932,34.015],[35.6912,34.0136]]]},"properties":{"adm3_name":"Dlebta","adm2_name":"Kesrwane","adm1_name":"Mount Lebanon"}},
{"type":"Feature","geometry":{"type":"Polygon","coordinates":[[[35.6637,33.9953],[35.6635,33.9926],[35.6593,33.9887],[35.6546,33.9869],[35.6581,33.9839],[35.6628,33.9843],[35.6679,33.9935],[35.6637,33.9953]]]},"properties":{"adm3_name":"Batha","adm2_name":"Kesrwane","adm1_name":"Mount Lebanon"}},
{"type":"Feature","geometry":{"type":"Polygon","coordinates":[[[35.6954,34.0223],[35.6917,34.0191],[35.6912,34.0136],[35.6932,34.015],[35.6993,34.0119],[35.7038,34.0149],[35.709,34.0196],[35.7069,34.0216],[35.7089,34.0251],[35.6998,34.0247],[35.6954,34.0223]]]},"properties":{"adm3_name":"Aaramoun Kesrouane","adm2_name":"Kesrwane","adm1_name":"Mount Lebanon"}},
{"type":"Feature","geometry":{"type":"Polygon","coordinates":[[[35.6942,34.0477],[35.6909,34.0456],[35.6844,34.0438],[35.6811,34.0385],[35.6794,34.0375],[35.6781,34.0279],[35.6729,34.0292],[35.6711,34.0273],[35.6754,34.0259],[35.6765,34.0227],[35.6832,34.0202],[35.6861,34.02],[35.6897,34.0226],[35.6947,34.0285],[35.7027,34.0344],[35.7005,34.0383],[35.6982,34.0391],[35.6973,34.0438],[35.6951,34.0471],[35.6942,34.0477]]]},"properties":{"adm3_name":"Kfour Kesrouane","adm2_name":"Kesrwane","adm1_name":"Mount Lebanon"}},
{"type":"Feature","geometry":{"type":"MultiPolygon","coordinates":[[[[35.6892,34.0553],[35.6839,34.0556],[35.6785,34.0536],[35.6793,34.0499],[35.6748,34.0499],[35.6684,34.0467],[35.6689,34.0445],[35.6725,34.0444],[35.6788,34.0411],[35.6811,34.0385],[35.6844,34.0438],[35.6909,34.0456],[35.6942,34.0477],[35.6951,34.0503],[35.6997,34.0501],[35.6892,34.0553]]],[[[35.697,34.0602],[35.6944,34.0609],[35.6959,34.0576],[35.6931,34.0559],[35.7009,34.0556],[35.7013,34.0536],[35.7101,34.0534],[35.7045,34.0572],[35.7033,34.0591],[35.697,34.0602]]]]},"properties":{"adm3_name":"Ghidras","adm2_name":"Kesrwane","adm1_name":"Mount Lebanon"}},
{"type":"Feature","geometry":{"type":"Polygon","coordinates":[[[35.7027,34.0344],[35.6947,34.0285],[35.6897,34.0226],[35.6921,34.0239],[35.6954,34.0223],[35.6998,34.0247],[35.7089,34.0251],[35.7113,34.0254],[35.7123,34.0298],[35.7141,34.0299],[35.7157,34.0338],[35.7027,34.0344]]]},"properties":{"adm3_name":"Harharaya","adm2_name":"Kesrwane","adm1_name":"Mount Lebanon"}},
{"type":"Feature","geometry":{"type":"Polygon","coordinates":[[[35.6546,33.9869],[35.6593,33.9887],[35.6635,33.9926],[35.6595,33.9933],[35.6555,33.991],[35.6546,33.9869]]]},"properties":{"adm3_name":"Deir Baqlouch","adm2_name":"Kesrwane","adm1_name":"Mount Lebanon"}},
{"type":"Feature","geometry":{"type":"Polygon","coordinates":[[[35.6893,33.9913],[35.686,33.9911],[35.6781,33.9889],[35.6791,33.9844],[35.6838,33.9821],[35.6881,33.9812],[35.6904,33.9823],[35.6892,33.9855],[35.6912,33.989],[35.6893,33.9913]]]},"properties":{"adm3_name":"Bzoummar","adm2_name":"Kesrwane","adm1_name":"Mount Lebanon"}},
{"type":"Feature","geometry":{"type":"Polygon","coordinates":[[[35.6581,33.9839],[35.6546,33.9869],[35.6457,33.981],[35.6454,33.9805],[35.6451,33.9802],[35.6471,33.9779],[35.6581,33.9839]]]},"properties":{"adm3_name":"Harissa Kesrouane","adm2_name":"Kesrwane","adm1_name":"Mount Lebanon"}},
{"type":"Feature","geometry":{"type":"Polygon","coordinates":[[[35.6584,34.0571],[35.6593,34.0549],[35.6629,34.0518],[35.6609,34.0483],[35.655,34.0487],[35.6534,34.0456],[35.6559,34.0446],[35.6603,34.0441],[35.6689,34.0445],[35.6684,34.0467],[35.6748,34.0499],[35.6793,34.0499],[35.6785,34.0536],[35.6839,34.0556],[35.6892,34.0553],[35.6931,34.0559],[35.6959,34.0576],[35.6944,34.0609],[35.6923,34.0611],[35.6848,34.0581],[35.6772,34.0573],[35.6737,34.058],[35.6584,34.0571]]]},"properties":{"adm3_name":"Nammoura Kesrouane","adm2_name":"Kesrwane","adm1_name":"Mount Lebanon"}},
{"type":"Feature","geometry":{"type":"Polygon","coordinates":[[[35.6951,34.0471],[35.6973,34.0438],[35.6982,34.0391],[35.7005,34.0383],[35.7027,34.0344],[35.7157,34.0338],[35.7176,34.0371],[35.7163,34.039],[35.7188,34.0415],[35.7127,34.0442],[35.703,34.0432],[35.6992,34.0467],[35.6951,34.0471]]]},"properties":{"adm3_name":"Ghineh","adm2_name":"Kesrwane","adm1_name":"Mount Lebanon"}},
{"type":"Feature","geometry":{"type":"Polygon","coordinates":[[[35.6931,34.0559],[35.6892,34.0553],[35.6997,34.0501],[35.7097,34.0454],[35.7135,34.0458],[35.7186,34.0505],[35.7169,34.0519],[35.7101,34.0534],[35.7013,34.0536],[35.7009,34.0556],[35.6931,34.0559]]]},"properties":{"adm3_name":"Hsayn","adm2_name":"Kesrwane","adm1_name":"Mount Lebanon"}},
{"type":"Feature","geometry":{"type":"Polygon","coordinates":[[[35.6628,33.9843],[35.6581,33.9839],[35.6471,33.9779],[35.6451,33.9802],[35.6422,33.9786],[35.6355,33.9658],[35.6365,33.9651],[35.6403,33.9647],[35.6432,33.9664],[35.6453,33.97],[35.6595,33.9699],[35.6632,33.9689],[35.6679,33.9705],[35.6749,33.972],[35.669,33.9748],[35.6666,33.9749],[35.6695,33.9802],[35.6665,33.9835],[35.6628,33.9843]]]},"properties":{"adm3_name":"Daraaoun","adm2_name":"Kesrwane","adm1_name":"Mount Lebanon"}},
{"type":"Feature","geometry":{"type":"Polygon","coordinates":[[[35.7141,34.0299],[35.7123,34.0298],[35.7113,34.0254],[35.7089,34.0251],[35.7069,34.0216],[35.709,34.0196],[35.7099,34.0185],[35.721,34.0192],[35.7305,34.0221],[35.735,34.0208],[35.7357,34.0247],[35.7287,34.0275],[35.7221,34.029],[35.7141,34.0299]]]},"properties":{"adm3_name":"Hayata","adm2_name":"Kesrwane","adm1_name":"Mount Lebanon"}},
{"type":"Feature","geometry":{"type":"Polygon","coordinates":[[[35.7244,34.0431],[35.7188,34.0415],[35.7163,34.039],[35.7176,34.0371],[35.7157,34.0338],[35.7141,34.0299],[35.7221,34.029],[35.7287,34.0275],[35.7357,34.0247],[35.7379,34.0281],[35.7385,34.0316],[35.7352,34.0338],[35.7328,34.0403],[35.7269,34.0431],[35.7244,34.0431]]]},"properties":{"adm3_name":"Chahtoul","adm2_name":"Kesrwane","adm1_name":"Mount Lebanon"}},
{"type":"Feature","geometry":{"type":"Polygon","coordinates":[[[35.6906,34.0764],[35.6936,34.0724],[35.6912,34.0711],[35.6888,34.0662],[35.6947,34.066],[35.6987,34.0643],[35.7006,34.0657],[35.7047,34.0657],[35.7071,34.0692],[35.7036,34.0707],[35.6986,34.075],[35.6906,34.0764]]]},"properties":{"adm3_name":"Zaaitreh","adm2_name":"Kesrwane","adm1_name":"Mount Lebanon"}},
{"type":"Feature","geometry":{"type":"Polygon","coordinates":[[[35.6997,34.0501],[35.6951,34.0503],[35.6942,34.0477],[35.6951,34.0471],[35.6992,34.0467],[35.703,34.0432],[35.7127,34.0442],[35.7188,34.0415],[35.7244,34.0431],[35.7254,34.045],[35.7186,34.0505],[35.7135,34.0458],[35.7097,34.0454],[35.6997,34.0501]]]},"properties":{"adm3_name":"Jouret E-Tourmos","adm2_name":"Kesrwane","adm1_name":"Mount Lebanon"}},
{"type":"Feature","geometry":{"type":"Polygon","coordinates":[[[35.6752,34.0765],[35.6669,34.074],[35.6658,34.073],[35.6605,34.0726],[35.6581,34.0704],[35.6569,34.0658],[35.6661,34.0607],[35.6729,34.0609],[35.6775,34.0629],[35.6888,34.0662],[35.6912,34.0711],[35.6936,34.0724],[35.6906,34.0764],[35.6794,34.0775],[35.6752,34.0765]]]},"properties":{"adm3_name":"Maaysra Kesrouane","adm2_name":"Kesrwane","adm1_name":"Mount Lebanon"}},
{"type":"Feature","geometry":{"type":"Polygon","coordinates":[[[35.7269,34.0431],[35.7328,34.0403],[35.7352,34.0338],[35.7385,34.0316],[35.7379,34.0281],[35.7417,34.0296],[35.7421,34.0375],[35.7435,34.04],[35.7386,34.0428],[35.732,34.0443],[35.7269,34.0431]]]},"properties":{"adm3_name":"Jouret Mhad","adm2_name":"Kesrwane","adm1_name":"Mount Lebanon"}},
{"type":"Feature","geometry":{"type":"Polygon","coordinates":[[[35.7071,34.0692],[35.7047,34.0657],[35.7006,34.0657],[35.6987,34.0643],[35.6947,34.066],[35.697,34.0602],[35.7033,34.0591],[35.7045,34.0572],[35.707,34.0565],[35.7112,34.0578],[35.7087,34.0582],[35.7088,34.0619],[35.7114,34.0623],[35.7124,34.0674],[35.7071,34.0692]]]},"properties":{"adm3_name":"Aazra ouel Aazr","adm2_name":"Kesrwane","adm1_name":"Mount Lebanon"}},
{"type":"Feature","geometry":{"type":"Polygon","coordinates":[[[35.724,34.0639],[35.722,34.0604],[35.7166,34.0584],[35.7112,34.0578],[35.707,34.0565],[35.7045,34.0572],[35.7101,34.0534],[35.7169,34.0519],[35.7186,34.0505],[35.7254,34.045],[35.7274,34.047],[35.7333,34.0493],[35.7322,34.0594],[35.73,34.0629],[35.724,34.0639]]]},"properties":{"adm3_name":"Ghbaleh Kesrouane","adm2_name":"Kesrwane","adm1_name":"Mount Lebanon"}},
{"type":"Feature","geometry":{"type":"Polygon","coordinates":[[[35.7124,34.0674],[35.7114,34.0623],[35.7088,34.0619],[35.7087,34.0582],[35.7112,34.0578],[35.7166,34.0584],[35.722,34.0604],[35.724,34.0639],[35.719,34.0694],[35.7151,34.0698],[35.7124,34.0674]]]},"properties":{"adm3_name":"Jouret Bedrane","adm2_name":"Kesrwane","adm1_name":"Mount Lebanon"}},
{"type":"Feature","geometry":{"type":"Polygon","coordinates":[[[35.6986,34.075],[35.7036,34.0707],[35.7071,34.0692],[35.7124,34.0674],[35.7151,34.0698],[35.719,34.0694],[35.7198,34.0704],[35.7153,34.0743],[35.7056,34.0761],[35.7033,34.0772],[35.6986,34.075]]]},"properties":{"adm3_name":"Mradiyeh","adm2_name":"Kesrwane","adm1_name":"Mount Lebanon"}},
{"type":"Feature","geometry":{"type":"Polygon","coordinates":[[[35.6841,34.0825],[35.6811,34.0825],[35.6788,34.0799],[35.6736,34.0781],[35.6752,34.0765],[35.6794,34.0775],[35.6906,34.0764],[35.6986,34.075],[35.7033,34.0772],[35.7056,34.0761],[35.7153,34.0743],[35.7198,34.0704],[35.721,34.0722],[35.7167,34.0763],[35.7094,34.081],[35.7067,34.0823],[35.6934,34.0852],[35.6887,34.0829],[35.6841,34.0825]]]},"properties":{"adm3_name":"Bizhel","adm2_name":"Kesrwane","adm1_name":"Mount Lebanon"}},
{"type":"Feature","geometry":{"type":"Polygon","coordinates":[[[35.7797,34.0554],[35.7797,34.0592],[35.7841,34.0662],[35.7843,34.0699],[35.7806,34.0671],[35.7735,34.0657],[35.7704,34.0639],[35.7623,34.0654],[35.7598,34.0678],[35.7543,34.062],[35.7475,34.0619],[35.7445,34.0555],[35.7322,34.0594],[35.7333,34.0493],[35.7274,34.047],[35.7254,34.045],[35.7244,34.0431],[35.7269,34.0431],[35.732,34.0443],[35.7386,34.0428],[35.7435,34.04],[35.7488,34.0423],[35.7516,34.0448],[35.7611,34.0492],[35.7662,34.0516],[35.7709,34.0521],[35.7797,34.0554]]]},"properties":{"adm3_name":"Nahr Ed-Dahab","adm2_name":"Kesrwane","adm1_name":"Mount Lebanon"}},
{"type":"Feature","geometry":{"type":"Polygon","coordinates":[[[35.7094,34.081],[35.7167,34.0763],[35.721,34.0722],[35.7198,34.0704],[35.719,34.0694],[35.724,34.0639],[35.73,34.0629],[35.7322,34.0594],[35.7445,34.0555],[35.7475,34.0619],[35.7543,34.062],[35.7598,34.0678],[35.7611,34.0767],[35.7588,34.0774],[35.7456,34.0747],[35.7368,34.0755],[35.7334,34.0751],[35.7257,34.0765],[35.7248,34.0776],[35.7171,34.0785],[35.7084,34.0818],[35.7094,34.081]]]},"properties":{"adm3_name":"Yahchouch","adm2_name":"Kesrwane","adm1_name":"Mount Lebanon"}},
{"type":"Feature","geometry":{"type":"Polygon","coordinates":[[[35.6947,34.066],[35.6888,34.0662],[35.6775,34.0629],[35.6729,34.0609],[35.6661,34.0607],[35.6569,34.0658],[35.6534,34.0635],[35.6515,34.0599],[35.654,34.0576],[35.6584,34.0571],[35.6737,34.058],[35.6772,34.0573],[35.6848,34.0581],[35.6923,34.0611],[35.6944,34.0609],[35.697,34.0602],[35.6947,34.066]]]},"properties":{"adm3_name":"Zaitoun","adm2_name":"Kesrwane","adm1_name":"Mount Lebanon"}},
{"type":"Feature","geometry":{"type":"Polygon","coordinates":[[[35.721,34.0192],[35.7099,34.0185],[35.709,34.0196],[35.7038,34.0149],[35.6993,34.0119],[35.7034,34.0079],[35.7077,34.0079],[35.7224,34.0147],[35.7198,34.0161],[35.721,34.0192]]]},"properties":{"adm3_name":"Ighbeh","adm2_name":"Kesrwane","adm1_name":"Mount Lebanon"}},
{"type":"Feature","geometry":{"type":"Polygon","coordinates":[[[35.6911,33.9827],[35.6933,33.9765],[35.6958,33.9726],[35.7059,33.9713],[35.711,33.974],[35.708,33.9765],[35.709,33.9787],[35.7147,33.979],[35.7148,33.9831],[35.7091,33.9821],[35.705,33.9795],[35.6986,33.9843],[35.6952,33.9845],[35.6911,33.9827]]]},"properties":{"adm3_name":"Rayfoun","adm2_name":"Kesrwane","adm1_name":"Mount Lebanon"}},
{"type":"Feature","geometry":{"type":"Polygon","coordinates":[[[35.7418,33.9823],[35.7341,33.9787],[35.7325,33.9809],[35.7281,33.9814],[35.728,33.9834],[35.7193,33.9834],[35.7192,33.9852],[35.7148,33.9831],[35.7147,33.979],[35.709,33.9787],[35.708,33.9765],[35.711,33.974],[35.7059,33.9713],[35.7034,33.9697],[35.7027,33.9659],[35.7062,33.9641],[35.7033,33.9561],[35.7066,33.9556],[35.7016,33.949],[35.7021,33.9489],[35.7053,33.9482],[35.7094,33.9503],[35.7114,33.9533],[35.7158,33.9531],[35.7213,33.9544],[35.7236,33.9612],[35.7284,33.9671],[35.7274,33.9697],[35.7311,33.9767],[35.7418,33.9823]]]},"properties":{"adm3_name":"Qleiaat Kesrouane","adm2_name":"Kesrwane","adm1_name":"Mount Lebanon"}},
{"type":"Feature","geometry":{"type":"Polygon","coordinates":[[[35.7034,33.9697],[35.6979,33.9658],[35.6944,33.9579],[35.7033,33.9561],[35.7062,33.9641],[35.7027,33.9659],[35.7034,33.9697]]]},"properties":{"adm3_name":"Mazraat Mrah El-Mir","adm2_name":"Kesrwane","adm1_name":"Mount Lebanon"}},
{"type":"Feature","geometry":{"type":"Polygon","coordinates":[[[35.7028,34.0011],[35.6942,34.0002],[35.6931,33.9959],[35.6905,33.9962],[35.6927,33.9934],[35.6893,33.9913],[35.6912,33.989],[35.6892,33.9855],[35.6904,33.9823],[35.6911,33.9827],[35.6952,33.9845],[35.6986,33.9843],[35.705,33.9795],[35.7091,33.9821],[35.7148,33.9831],[35.7192,33.9852],[35.7187,33.9881],[35.7212,33.9908],[35.7254,33.9924],[35.7266,33.9961],[35.7293,33.9977],[35.7239,33.9985],[35.723,34.0021],[35.713,34.0017],[35.7109,33.9997],[35.7041,33.9994],[35.7028,34.0011]]]},"properties":{"adm3_name":"Aachqout","adm2_name":"Kesrwane","adm1_name":"Mount Lebanon"}},
{"type":"Feature","geometry":{"type":"Polygon","coordinates":[[[35.7603,34.0077],[35.7583,34.0094],[35.7521,34.0085],[35.7468,34.0106],[35.7438,34.0119],[35.7401,34.0077],[35.7438,34.0045],[35.7384,34.0017],[35.7347,33.9982],[35.7293,33.9977],[35.7266,33.9961],[35.7254,33.9924],[35.7212,33.9908],[35.7187,33.9881],[35.7192,33.9852],[35.7193,33.9834],[35.728,33.9834],[35.7281,33.9814],[35.7325,33.9809],[35.7341,33.9787],[35.7418,33.9823],[35.7474,33.9853],[35.749,33.988],[35.754,33.9922],[35.7556,33.9961],[35.7608,33.998],[35.7628,33.9998],[35.7641,34.0044],[35.7603,34.0077]]]},"properties":{"adm3_name":"Faytroun","adm2_name":"Kesrwane","adm1_name":"Mount Lebanon"}},
{"type":"Feature","geometry":{"type":"Polygon","coordinates":[[[35.7468,34.0106],[35.7464,34.0146],[35.7382,34.0141],[35.7358,34.0125],[35.729,34.0129],[35.7207,34.0046],[35.723,34.0021],[35.7239,33.9985],[35.7293,33.9977],[35.7347,33.9982],[35.7384,34.0017],[35.7438,34.0045],[35.7401,34.0077],[35.7438,34.0119],[35.7468,34.0106]]]},"properties":{"adm3_name":"Beqaata Aachqout","adm2_name":"Kesrwane","adm1_name":"Mount Lebanon"}},
{"type":"Feature","geometry":{"type":"Polygon","coordinates":[[[35.7382,34.0141],[35.7401,34.0169],[35.7467,34.0204],[35.7417,34.0296],[35.7379,34.0281],[35.7357,34.0247],[35.735,34.0208],[35.7305,34.0221],[35.721,34.0192],[35.7198,34.0161],[35.7224,34.0147],[35.7077,34.0079],[35.7017,34.0043],[35.7028,34.0011],[35.7041,33.9994],[35.7109,33.9997],[35.713,34.0017],[35.723,34.0021],[35.7207,34.0046],[35.729,34.0129],[35.7358,34.0125],[35.7382,34.0141]]]},"properties":{"adm3_name":"Raachine","adm2_name":"Kesrwane","adm1_name":"Mount Lebanon"}},
{"type":"Feature","geometry":{"type":"Polygon","coordinates":[[[35.8457,34.012],[35.8417,34.0099],[35.8356,34.0093],[35.8266,34.0068],[35.8192,34.0077],[35.8115,34.0074],[35.8104,34.0119],[35.8063,34.0106],[35.7998,34.0116],[35.7948,34.0112],[35.7921,34.0096],[35.7866,34.0105],[35.7849,34.0096],[35.7753,34.0096],[35.7695,34.0089],[35.7641,34.0044],[35.7628,33.9998],[35.7608,33.998],[35.7556,33.9961],[35.754,33.9922],[35.749,33.988],[35.7474,33.9853],[35.7418,33.9823],[35.7311,33.9767],[35.7274,33.9697],[35.7284,33.9671],[35.7236,33.9612],[35.7213,33.9544],[35.7248,33.9545],[35.7286,33.9572],[35.7381,33.9608],[35.7464,33.9658],[35.7495,33.971],[35.7615,33.9747],[35.7693,33.9805],[35.7732,33.9809],[35.7778,33.9779],[35.7827,33.983],[35.7848,33.9812],[35.7886,33.983],[35.7944,33.9825],[35.7977,33.9802],[35.8029,33.9795],[35.8104,33.9806],[35.8127,33.9794],[35.8178,33.9798],[35.821,33.982],[35.8207,33.9858],[35.8229,33.9919],[35.8219,33.9951],[35.8272,33.9949],[35.8293,33.9923],[35.828,33.9882],[35.832,33.9839],[35.8353,33.9831],[35.8408,33.9837],[35.8445,33.9888],[35.843,33.9922],[35.8386,33.996],[35.837,33.999],[35.8413,34.0012],[35.8428,34.0056],[35.8459,34.0047],[35.8523,34.0101],[35.8493,34.0119],[35.8457,34.012]]]},"properties":{"adm3_name":"Kfar Dibiane","adm2_name":"Kesrwane","adm1_name":"Mount Lebanon"}},
{"type":"Feature","geometry":{"type":"Polygon","coordinates":[[[35.7615,33.9747],[35.7495,33.971],[35.7464,33.9658],[35.7548,33.9618],[35.7556,33.9606],[35.7624,33.9544],[35.7673,33.9546],[35.7679,33.9565],[35.7764,33.9601],[35.7734,33.9664],[35.7608,33.9726],[35.7615,33.9747]]]},"properties":{"adm3_name":"Beqaata Kanaan","adm2_name":"Kesrwane","adm1_name":"Mount Lebanon"}},
{"type":"Feature","geometry":{"type":"MultiPolygon","coordinates":[[[[35.7548,33.9618],[35.7464,33.9658],[35.7381,33.9608],[35.7424,33.9594],[35.748,33.961],[35.7548,33.9618]]],[[[35.7715,33.9546],[35.7764,33.9601],[35.7679,33.9565],[35.7715,33.9546]]]]},"properties":{"adm3_name":"Kfar Tay Kesrouane","adm2_name":"Kesrwane","adm1_name":"Mount Lebanon"}},
{"type":"Feature","geometry":{"type":"Polygon","coordinates":[[[35.7977,33.9802],[35.7944,33.9825],[35.7886,33.983],[35.7848,33.9812],[35.7827,33.983],[35.7778,33.9779],[35.7732,33.9809],[35.7693,33.9805],[35.7615,33.9747],[35.7608,33.9726],[35.7734,33.9664],[35.7765,33.9652],[35.7829,33.9663],[35.7885,33.9657],[35.7943,33.9698],[35.799,33.9702],[35.8044,33.9688],[35.8067,33.9724],[35.8044,33.9727],[35.7962,33.9765],[35.7977,33.9802]]]},"properties":{"adm3_name":"Bqaatouta","adm2_name":"Kesrwane","adm1_name":"Mount Lebanon"}},
{"type":"Feature","geometry":{"type":"Polygon","coordinates":[[[35.7693,34.0269],[35.7617,34.0265],[35.7599,34.0306],[35.7639,34.0351],[35.7644,34.0412],[35.763,34.0467],[35.7611,34.0492],[35.7516,34.0448],[35.7488,34.0423],[35.7435,34.04],[35.7421,34.0375],[35.7417,34.0296],[35.7467,34.0204],[35.7401,34.0169],[35.7382,34.0141],[35.7464,34.0146],[35.7468,34.0106],[35.7521,34.0085],[35.7583,34.0094],[35.7603,34.0077],[35.7623,34.0117],[35.762,34.0171],[35.765,34.0187],[35.7689,34.0239],[35.7693,34.0269]]]},"properties":{"adm3_name":"Ouata El-Jaouz","adm2_name":"Kesrwane","adm1_name":"Mount Lebanon"}},
{"type":"Feature","geometry":{"type":"Polygon","coordinates":[[[35.7797,34.0554],[35.7709,34.0521],[35.7688,34.0496],[35.7679,34.0458],[35.7707,34.0462],[35.7751,34.0442],[35.7781,34.0413],[35.7741,34.039],[35.7708,34.0354],[35.7704,34.0326],[35.7709,34.029],[35.7693,34.0269],[35.7689,34.0239],[35.765,34.0187],[35.762,34.0171],[35.7623,34.0117],[35.7603,34.0077],[35.7641,34.0044],[35.7695,34.0089],[35.7753,34.0096],[35.7849,34.0096],[35.7866,34.0105],[35.783,34.0156],[35.7825,34.0199],[35.7852,34.0233],[35.7892,34.0243],[35.7893,34.0263],[35.7857,34.0301],[35.7831,34.0396],[35.7875,34.0431],[35.7874,34.0448],[35.7938,34.0474],[35.7899,34.0523],[35.7854,34.0553],[35.7797,34.0554]]]},"properties":{"adm3_name":"Mayrouba","adm2_name":"Kesrwane","adm1_name":"Mount Lebanon"}},
{"type":"Feature","geometry":{"type":"Polygon","coordinates":[[[35.7709,34.0521],[35.7662,34.0516],[35.7611,34.0492],[35.763,34.0467],[35.7644,34.0412],[35.7639,34.0351],[35.7599,34.0306],[35.7617,34.0265],[35.7693,34.0269],[35.7709,34.029],[35.7704,34.0326],[35.7669,34.0317],[35.7656,34.0343],[35.7679,34.0397],[35.7679,34.0458],[35.7688,34.0496],[35.7709,34.0521]]]},"properties":{"adm3_name":"Aain Ed-Delbeh Kesrouane","adm2_name":"Kesrwane","adm1_name":"Mount Lebanon"}},
{"type":"Feature","geometry":{"type":"Polygon","coordinates":[[[35.7704,34.0326],[35.7708,34.0354],[35.7741,34.039],[35.7781,34.0413],[35.7751,34.0442],[35.7707,34.0462],[35.7679,34.0458],[35.7679,34.0397],[35.7656,34.0343],[35.7669,34.0317],[35.7704,34.0326]]]},"properties":{"adm3_name":"Mghayer","adm2_name":"Kesrwane","adm1_name":"Mount Lebanon"}},
{"type":"Feature","geometry":{"type":"Polygon","coordinates":[[[35.8069,34.0467],[35.8012,34.048],[35.7951,34.0454],[35.7891,34.0413],[35.7875,34.0431],[35.7831,34.0396],[35.7857,34.0301],[35.7893,34.0263],[35.7892,34.0243],[35.7852,34.0233],[35.7825,34.0199],[35.783,34.0156],[35.7866,34.0105],[35.7921,34.0096],[35.7948,34.0112],[35.7998,34.0116],[35.8018,34.0129],[35.8067,34.0212],[35.813,34.0196],[35.816,34.02],[35.8162,34.0228],[35.8187,34.0242],[35.8244,34.0247],[35.8281,34.0303],[35.8282,34.0342],[35.8244,34.042],[35.8258,34.0438],[35.824,34.0472],[35.8194,34.048],[35.8069,34.0467]]]},"properties":{"adm3_name":"Hrajel","adm2_name":"Kesrwane","adm1_name":"Mount Lebanon"}},
{"type":"Feature","geometry":{"type":"Polygon","coordinates":[[[35.8162,34.0228],[35.816,34.02],[35.813,34.0196],[35.8067,34.0212],[35.8018,34.0129],[35.7998,34.0116],[35.8063,34.0106],[35.8104,34.0119],[35.8115,34.0074],[35.8192,34.0077],[35.8266,34.0068],[35.8356,34.0093],[35.8417,34.0099],[35.8457,34.012],[35.8463,34.0171],[35.8464,34.0198],[35.8489,34.0279],[35.8444,34.0368],[35.8412,34.037],[35.8397,34.0396],[35.8451,34.0432],[35.841,34.0453],[35.8324,34.0438],[35.835,34.0402],[35.8333,34.0302],[35.831,34.0258],[35.8238,34.0217],[35.8162,34.0228]]]},"properties":{"adm3_name":"Faraya","adm2_name":"Kesrwane","adm1_name":"Mount Lebanon"}},
{"type":"Feature","geometry":{"type":"Polygon","coordinates":[[[35.7903,34.0823],[35.7808,34.0806],[35.7756,34.0816],[35.768,34.0785],[35.7611,34.0767],[35.7598,34.0678],[35.7623,34.0654],[35.7704,34.0639],[35.7735,34.0657],[35.7806,34.0671],[35.7843,34.0699],[35.7881,34.0715],[35.7922,34.0757],[35.7921,34.0793],[35.7903,34.0823]]]},"properties":{"adm3_name":"Chouane","adm2_name":"Kesrwane","adm1_name":"Mount Lebanon"}},
{"type":"Feature","geometry":{"type":"Polygon","coordinates":[[[35.8523,34.0101],[35.8459,34.0047],[35.8428,34.0056],[35.8413,34.0012],[35.837,33.999],[35.8386,33.996],[35.843,33.9922],[35.8445,33.9888],[35.8408,33.9837],[35.8353,33.9831],[35.832,33.9839],[35.828,33.9882],[35.8293,33.9923],[35.8272,33.9949],[35.8219,33.9951],[35.8229,33.9919],[35.8207,33.9858],[35.821,33.982],[35.8178,33.9798],[35.8215,33.9794],[35.8281,33.9767],[35.8294,33.9727],[35.8333,33.9679],[35.8465,33.9634],[35.8782,33.9496],[35.902,33.9663],[35.901,33.9746],[35.902,33.9781],[35.9022,33.9862],[35.9064,33.9924],[35.9096,33.9945],[35.9038,33.9989],[35.8992,33.9999],[35.8916,34.0032],[35.8863,34.0011],[35.8789,34.0004],[35.8626,34.0095],[35.8555,34.0088],[35.8523,34.0101]]]},"properties":{"adm3_name":"Mchaa Kfar Dibiane","adm2_name":"Kesrwane","adm1_name":"Mount Lebanon"}},
{"type":"Feature","geometry":{"type":"Polygon","coordinates":[[[35.824,34.0472],[35.8258,34.0438],[35.8244,34.042],[35.8282,34.0342],[35.8281,34.0303],[35.8244,34.0247],[35.8187,34.0242],[35.8162,34.0228],[35.8238,34.0217],[35.831,34.0258],[35.8333,34.0302],[35.835,34.0402],[35.8324,34.0438],[35.841,34.0453],[35.8451,34.0432],[35.8397,34.0396],[35.8412,34.037],[35.8444,34.0368],[35.8489,34.0279],[35.8464,34.0198],[35.8463,34.0171],[35.8737,34.0377],[35.8688,34.0405],[35.865,34.0414],[35.8634,34.0455],[35.8677,34.0508],[35.8657,34.0565],[35.8616,34.0548],[35.8581,34.0512],[35.8498,34.0463],[35.842,34.0476],[35.8342,34.0508],[35.824,34.0472]]]},"properties":{"adm3_name":"Mchaa Faraya","adm2_name":"Kesrwane","adm1_name":"Mount Lebanon"}},
{"type":"Feature","geometry":{"type":"Polygon","coordinates":[[[35.9407,34.0703],[35.9411,34.0683],[35.94,34.0574],[35.9374,34.0556],[35.9327,34.0558],[35.927,34.0524],[35.9253,34.0494],[35.9221,34.0483],[35.9169,34.0443],[35.9131,34.0432],[35.9088,34.0389],[35.9038,34.0388],[35.9014,34.0371],[35.8976,34.0485],[35.8951,34.0541],[35.8941,34.0589],[35.8883,34.059],[35.8803,34.0559],[35.8758,34.0552],[35.8762,34.0596],[35.8663,34.0583],[35.8623,34.0588],[35.8595,34.0608],[35.8563,34.0588],[35.8544,34.0553],[35.8494,34.0519],[35.8448,34.0509],[35.84,34.0516],[35.8336,34.0546],[35.8318,34.0543],[35.8252,34.0527],[35.8217,34.0506],[35.8196,34.0514],[35.8127,34.05],[35.8069,34.0467],[35.8194,34.048],[35.824,34.0472],[35.8342,34.0508],[35.842,34.0476],[35.8498,34.0463],[35.8581,34.0512],[35.8616,34.0548],[35.8657,34.0565],[35.8677,34.0508],[35.8634,34.0455],[35.865,34.0414],[35.8688,34.0405],[35.8737,34.0377],[35.876,34.0383],[35.8796,34.0349],[35.8826,34.0343],[35.888,34.0306],[35.8932,34.03],[35.8978,34.0249],[35.8986,34.0223],[35.9103,34.0208],[35.9122,34.0187],[35.9119,34.0144],[35.9172,34.0108],[35.9227,34.009],[35.9261,34.0071],[35.929,34.0094],[35.9432,34.0141],[35.9507,34.0265],[35.9625,34.0392],[35.9646,34.0426],[35.958,34.0531],[35.9576,34.055],[35.9516,34.0602],[35.9491,34.0651],[35.9407,34.0703]]]},"properties":{"adm3_name":"Mchaa El Ftouh","adm2_name":"Kesrwane","adm1_name":"Mount Lebanon"}},
{"type":"Feature","geometry":{"type":"Polygon","coordinates":[[[35.7598,34.124],[35.7536,34.1232],[35.7572,34.1212],[35.7597,34.123],[35.7598,34.124]]]},"properties":{"adm3_name":"Litige","adm2_name":"Jbeil","adm1_name":"Mount Lebanon"}},
{"type":"Feature","geometry":{"type":"Polygon","coordinates":[[[35.764,34.097],[35.7586,34.0986],[35.7603,34.0961],[35.764,34.097]]]},"properties":{"adm3_name":"Litige","adm2_name":"Jbeil","adm1_name":"Mount Lebanon"}},
{"type":"Feature","geometry":{"type":"Polygon","coordinates":[[[35.8503,34.0829],[35.8473,34.0813],[35.8497,34.0821],[35.8503,34.0829]]]},"properties":{"adm3_name":"Litige","adm2_name":"Jbeil","adm1_name":"Mount Lebanon"}},
{"type":"Feature","geometry":{"type":"Polygon","coordinates":[[[35.8368,34.0821],[35.8315,34.0788],[35.835,34.0755],[35.8342,34.08],[35.8368,34.0821]]]},"properties":{"adm3_name":"Litige","adm2_name":"Jbeil","adm1_name":"Mount Lebanon"}},
{"type":"Feature","geometry":{"type":"Polygon","coordinates":[[[35.8787,34.0827],[35.8757,34.0813],[35.8721,34.0743],[35.8777,34.0751],[35.8818,34.0727],[35.8836,34.0736],[35.8806,34.0749],[35.8793,34.0783],[35.8812,34.0804],[35.8787,34.0827]]]},"properties":{"adm3_name":"Litige","adm2_name":"Jbeil","adm1_name":"Mount Lebanon"}},
{"type":"Feature","geometry":{"type":"Polygon","coordinates":[[[35.8664,34.0807],[35.8652,34.0789],[35.8674,34.0762],[35.8664,34.0807]]]},"properties":{"adm3_name":"Litige","adm2_name":"Jbeil","adm1_name":"Mount Lebanon"}},
{"type":"Feature","geometry":{"type":"Polygon","coordinates":[[[35.8721,34.0743],[35.867,34.0758],[35.8654,34.0715],[35.8602,34.0688],[35.8573,34.0633],[35.8595,34.0608],[35.8623,34.0588],[35.8663,34.0583],[35.8762,34.0596],[35.8801,34.0707],[35.8818,34.0727],[35.8777,34.0751],[35.8721,34.0743]]]},"properties":{"adm3_name":"Litige","adm2_name":"Jbeil","adm1_name":"Mount Lebanon"}},
{"type":"Feature","geometry":{"type":"Polygon","coordinates":[[[35.9394,34.075],[35.9407,34.0703],[35.9491,34.0651],[35.9465,34.0712],[35.9394,34.075]]]},"properties":{"adm3_name":"Litige","adm2_name":"Kesrwane","adm1_name":"Mount Lebanon"}},
{"type":"Feature","geometry":{"type":"Polygon","coordinates":[[[35.8377,34.0655],[35.836,34.0705],[35.834,34.0684],[35.8377,34.0655]]]},"properties":{"adm3_name":"Litige","adm2_name":"Jbeil","adm1_name":"Mount Lebanon"}},
{"type":"Feature","geometry":{"type":"Polygon","coordinates":[[[35.6787,34.1256],[35.6795,34.1276],[35.6711,34.1286],[35.6623,34.1337],[35.6523,34.1315],[35.649,34.133],[35.6444,34.1325],[35.6411,34.1301],[35.6435,34.1246],[35.6413,34.1222],[35.6434,34.1185],[35.6481,34.1153],[35.6488,34.1129],[35.657,34.1142],[35.6601,34.116],[35.6628,34.1228],[35.6679,34.122],[35.6687,34.1264],[35.6787,34.1256]]]},"properties":{"adm3_name":"Jbayl","adm2_name":"Jbeil","adm1_name":"Mount Lebanon"}},
{"type":"Feature","geometry":{"type":"Polygon","coordinates":[[[35.6608,34.1067],[35.6589,34.1088],[35.653,34.1085],[35.65,34.1074],[35.6507,34.1017],[35.6605,34.1013],[35.6656,34.1019],[35.6608,34.1067]]]},"properties":{"adm3_name":"Mastita","adm2_name":"Jbeil","adm1_name":"Mount Lebanon"}},
{"type":"Feature","geometry":{"type":"Polygon","coordinates":[[[35.6608,34.1067],[35.6642,34.1064],[35.6604,34.1142],[35.657,34.1142],[35.6488,34.1129],[35.65,34.1074],[35.653,34.1085],[35.6589,34.1088],[35.6608,34.1067]]]},"properties":{"adm3_name":"Qartaboun","adm2_name":"Jbeil","adm1_name":"Mount Lebanon"}},
{"type":"Feature","geometry":{"type":"Polygon","coordinates":[[[35.6679,34.122],[35.6628,34.1228],[35.6601,34.116],[35.657,34.1142],[35.6604,34.1142],[35.6642,34.1064],[35.6608,34.1067],[35.6656,34.1019],[35.6719,34.1016],[35.6729,34.1002],[35.681,34.1008],[35.6823,34.0983],[35.686,34.0983],[35.6945,34.0982],[35.6985,34.0996],[35.7037,34.0981],[35.7076,34.0996],[35.7036,34.0999],[35.7012,34.1017],[35.6997,34.109],[35.6856,34.1133],[35.6855,34.1178],[35.6832,34.1173],[35.6789,34.1201],[35.6723,34.1204],[35.6679,34.122]]]},"properties":{"adm3_name":"Blat Jbeil","adm2_name":"Jbeil","adm1_name":"Mount Lebanon"}},
{"type":"Feature","geometry":{"type":"Polygon","coordinates":[[[35.6596,34.1471],[35.6573,34.1424],[35.6554,34.141],[35.649,34.133],[35.6523,34.1315],[35.6623,34.1337],[35.667,34.1335],[35.6717,34.1348],[35.6849,34.1337],[35.6906,34.1369],[35.6885,34.1402],[35.6856,34.1405],[35.6795,34.1391],[35.6739,34.1442],[35.6698,34.1462],[35.6707,34.1492],[35.6677,34.1516],[35.6621,34.1494],[35.6596,34.1471]]]},"properties":{"adm3_name":"Eddeh Jbayl","adm2_name":"Jbeil","adm1_name":"Mount Lebanon"}},
{"type":"Feature","geometry":{"type":"Polygon","coordinates":[[[35.6355,34.161],[35.6316,34.1668],[35.6334,34.1611],[35.6309,34.158],[35.6297,34.1527],[35.6266,34.1498],[35.6266,34.1465],[35.6287,34.1416],[35.6332,34.1387],[35.6385,34.137],[35.6418,34.1339],[35.6411,34.1301],[35.6444,34.1325],[35.649,34.133],[35.6554,34.141],[35.6573,34.1424],[35.6596,34.1471],[35.6567,34.1483],[35.657,34.1521],[35.6528,34.1514],[35.6494,34.1549],[35.6545,34.1558],[35.6483,34.1556],[35.6436,34.1569],[35.6374,34.1554],[35.6337,34.1572],[35.6355,34.161]]]},"properties":{"adm3_name":"Aamchit","adm2_name":"Jbeil","adm1_name":"Mount Lebanon"}},
{"type":"Feature","geometry":{"type":"Polygon","coordinates":[[[35.686,34.0983],[35.6823,34.0983],[35.681,34.1008],[35.6729,34.1002],[35.6719,34.1016],[35.6656,34.1019],[35.6605,34.1013],[35.6507,34.1017],[35.6494,34.099],[35.6509,34.0969],[35.6489,34.0934],[35.6496,34.0879],[35.6471,34.0789],[35.6429,34.0731],[35.6495,34.0712],[35.6523,34.0742],[35.6577,34.0709],[35.6624,34.0742],[35.6644,34.0734],[35.6684,34.0763],[35.6736,34.0781],[35.6788,34.0799],[35.6811,34.0825],[35.6841,34.0825],[35.6855,34.0867],[35.687,34.0907],[35.685,34.0929],[35.6897,34.0952],[35.686,34.0983]]]},"properties":{"adm3_name":"Halate","adm2_name":"Jbeil","adm1_name":"Mount Lebanon"}},
{"type":"Feature","geometry":{"type":"Polygon","coordinates":[[[35.666,34.1728],[35.6538,34.1668],[35.6507,34.1611],[35.6479,34.1595],[35.6337,34.1572],[35.6374,34.1554],[35.6436,34.1569],[35.6483,34.1556],[35.6545,34.1558],[35.6617,34.1577],[35.6673,34.1642],[35.6718,34.171],[35.6702,34.1728],[35.666,34.1728]]]},"properties":{"adm3_name":"Hasrayel","adm2_name":"Jbeil","adm1_name":"Mount Lebanon"}},
{"type":"Feature","geometry":{"type":"Polygon","coordinates":[[[35.6344,34.1725],[35.6303,34.1758],[35.6316,34.1668],[35.6355,34.161],[35.6432,34.1637],[35.644,34.1671],[35.6417,34.1677],[35.6344,34.1725]]]},"properties":{"adm3_name":"Rihanet Jbayl","adm2_name":"Jbeil","adm1_name":"Mount Lebanon"}},
{"type":"Feature","geometry":{"type":"Polygon","coordinates":[[[35.644,34.1671],[35.6432,34.1637],[35.6355,34.161],[35.6337,34.1572],[35.6479,34.1595],[35.6507,34.1611],[35.6538,34.1668],[35.644,34.1671]]]},"properties":{"adm3_name":"Jeoddayel Jbayl","adm2_name":"Jbeil","adm1_name":"Mount Lebanon"}},
{"type":"Feature","geometry":{"type":"Polygon","coordinates":[[[35.6577,34.0709],[35.6523,34.0742],[35.6495,34.0712],[35.6429,34.0731],[35.6417,34.0688],[35.6422,34.0652],[35.6462,34.0613],[35.6507,34.0611],[35.6539,34.0651],[35.6564,34.0659],[35.6577,34.0709]]]},"properties":{"adm3_name":"Nahr Ibrahim","adm2_name":"Jbeil","adm1_name":"Mount Lebanon"}},
{"type":"Feature","geometry":{"type":"Polygon","coordinates":[[[35.6348,34.187],[35.6324,34.1833],[35.6303,34.1758],[35.6344,34.1725],[35.64,34.1726],[35.6417,34.1708],[35.6452,34.1719],[35.6487,34.1701],[35.652,34.171],[35.6534,34.1776],[35.6549,34.1792],[35.6546,34.1834],[35.6496,34.1839],[35.6454,34.1857],[35.6405,34.1906],[35.6362,34.1909],[35.6348,34.187]]]},"properties":{"adm3_name":"Mounsef","adm2_name":"Jbeil","adm1_name":"Mount Lebanon"}},
{"type":"Feature","geometry":{"type":"Polygon","coordinates":[[[35.6587,34.1948],[35.6552,34.1959],[35.6492,34.2002],[35.6467,34.201],[35.6417,34.2072],[35.6384,34.2047],[35.6358,34.2003],[35.6363,34.1978],[35.6324,34.1924],[35.6348,34.187],[35.6362,34.1909],[35.6405,34.1906],[35.6454,34.1857],[35.6496,34.1839],[35.6509,34.1859],[35.6554,34.1853],[35.6557,34.1916],[35.6539,34.1947],[35.6587,34.1948]]]},"properties":{"adm3_name":"Berbara Jbayl","adm2_name":"Jbeil","adm1_name":"Mount Lebanon"}},
{"type":"Feature","geometry":{"type":"Polygon","coordinates":[[[35.6613,34.2029],[35.6568,34.2039],[35.6521,34.2038],[35.6435,34.2078],[35.6417,34.2072],[35.6467,34.201],[35.6492,34.2002],[35.6552,34.1959],[35.6587,34.1948],[35.6633,34.1931],[35.662,34.198],[35.6638,34.2001],[35.6613,34.2029]]]},"properties":{"adm3_name":"Kfar Kiddeh","adm2_name":"Jbeil","adm1_name":"Mount Lebanon"}},
{"type":"Feature","geometry":{"type":"Polygon","coordinates":[[[35.8528,34.1471],[35.8449,34.1471],[35.8388,34.1444],[35.834,34.144],[35.8272,34.1444],[35.8234,34.1436],[35.8186,34.1405],[35.8099,34.1383],[35.8056,34.1356],[35.8009,34.1356],[35.7968,34.1339],[35.7928,34.135],[35.7778,34.1276],[35.7715,34.1226],[35.767,34.1217],[35.7624,34.1228],[35.7665,34.1184],[35.7701,34.1153],[35.7733,34.1141],[35.7795,34.1149],[35.781,34.1129],[35.7858,34.1139],[35.7898,34.117],[35.7935,34.1206],[35.8001,34.1194],[35.8033,34.1132],[35.8117,34.1147],[35.8182,34.1177],[35.8222,34.1161],[35.8275,34.1179],[35.8322,34.1206],[35.8346,34.1202],[35.8386,34.1226],[35.8422,34.1212],[35.8442,34.1215],[35.8481,34.1288],[35.8471,34.1311],[35.8493,34.1346],[35.8535,34.136],[35.8616,34.1359],[35.8644,34.1389],[35.8589,34.1418],[35.8541,34.143],[35.8528,34.1471]]]},"properties":{"adm3_name":"Ehmej","adm2_name":"Jbeil","adm1_name":"Mount Lebanon"}},
{"type":"Feature","geometry":{"type":"Polygon","coordinates":[[[35.8222,34.1161],[35.8182,34.1177],[35.8117,34.1147],[35.8033,34.1132],[35.7961,34.1121],[35.7913,34.1144],[35.7898,34.117],[35.7858,34.1139],[35.781,34.1129],[35.7795,34.1149],[35.7733,34.1141],[35.7701,34.1153],[35.7659,34.1106],[35.7621,34.1098],[35.7629,34.1058],[35.7669,34.1073],[35.7706,34.1072],[35.7756,34.1047],[35.7813,34.103],[35.7873,34.103],[35.79,34.1045],[35.7977,34.106],[35.805,34.1086],[35.8117,34.1126],[35.8159,34.113],[35.8222,34.1161]]]},"properties":{"adm3_name":"Aalmat Ech-Chamliyeh","adm2_name":"Jbeil","adm1_name":"Mount Lebanon"}},
{"type":"Feature","geometry":{"type":"Polygon","coordinates":[[[35.8033,34.1132],[35.8001,34.1194],[35.7935,34.1206],[35.7898,34.117],[35.7913,34.1144],[35.7961,34.1121],[35.8033,34.1132]]]},"properties":{"adm3_name":"Mazraat El-Maaden","adm2_name":"Jbeil","adm1_name":"Mount Lebanon"}},
{"type":"Feature","geometry":{"type":"Polygon","coordinates":[[[35.8403,34.1194],[35.8422,34.1212],[35.8386,34.1226],[35.8346,34.1202],[35.8322,34.1206],[35.8275,34.1179],[35.8222,34.1161],[35.8159,34.113],[35.8117,34.1126],[35.805,34.1086],[35.7977,34.106],[35.79,34.1045],[35.7873,34.103],[35.7813,34.103],[35.7756,34.1047],[35.7706,34.1072],[35.7669,34.1073],[35.7629,34.1058],[35.7625,34.1052],[35.7693,34.0993],[35.7742,34.0965],[35.7777,34.0919],[35.7829,34.0933],[35.7871,34.0933],[35.7905,34.0927],[35.7937,34.0944],[35.8078,34.1],[35.8122,34.101],[35.8162,34.1041],[35.8191,34.1021],[35.8165,34.0987],[35.8194,34.0966],[35.825,34.0989],[35.8274,34.0985],[35.8327,34.1027],[35.8343,34.1063],[35.8381,34.1091],[35.8403,34.1194]]]},"properties":{"adm3_name":"Aalmat Ej-Jnoubiyeh","adm2_name":"Jbeil","adm1_name":"Mount Lebanon"}},
{"type":"Feature","geometry":{"type":"Polygon","coordinates":[[[35.7701,34.1153],[35.7665,34.1184],[35.7615,34.1153],[35.7555,34.1137],[35.7515,34.1114],[35.7512,34.1078],[35.7448,34.1047],[35.7408,34.1057],[35.7363,34.1037],[35.7377,34.1022],[35.7451,34.1009],[35.7562,34.1058],[35.7575,34.1045],[35.7625,34.1052],[35.7629,34.1058],[35.7621,34.1098],[35.7659,34.1106],[35.7701,34.1153]]]},"properties":{"adm3_name":"Tourzaiya","adm2_name":"Jbeil","adm1_name":"Mount Lebanon"}},
{"type":"Feature","geometry":{"type":"Polygon","coordinates":[[[35.7625,34.1052],[35.7575,34.1045],[35.7562,34.1058],[35.7451,34.1009],[35.7377,34.1022],[35.7361,34.1],[35.7456,34.0993],[35.7497,34.1018],[35.7546,34.1034],[35.7574,34.0994],[35.7586,34.0986],[35.764,34.097],[35.7652,34.0958],[35.7664,34.0951],[35.766,34.0972],[35.7693,34.0993],[35.7625,34.1052]]]},"properties":{"adm3_name":"Ferhet","adm2_name":"Jbeil","adm1_name":"Mount Lebanon"}},
{"type":"Feature","geometry":{"type":"Polygon","coordinates":[[[35.7509,34.1593],[35.7511,34.1577],[35.7456,34.1554],[35.7406,34.1542],[35.7442,34.1486],[35.7492,34.1469],[35.7484,34.1434],[35.7503,34.1411],[35.7511,34.1354],[35.7526,34.1324],[35.7568,34.1305],[35.7599,34.127],[35.7598,34.124],[35.7597,34.123],[35.7624,34.1228],[35.767,34.1217],[35.7715,34.1226],[35.7778,34.1276],[35.7928,34.135],[35.7968,34.1339],[35.8009,34.1356],[35.8056,34.1356],[35.8099,34.1383],[35.8043,34.1394],[35.7998,34.1421],[35.7998,34.1467],[35.7931,34.148],[35.7886,34.1507],[35.7879,34.1533],[35.7768,34.1542],[35.7688,34.1537],[35.7633,34.1548],[35.7622,34.1611],[35.7542,34.1587],[35.7509,34.1593]]]},"properties":{"adm3_name":"Michmich Jbayl","adm2_name":"Jbeil","adm1_name":"Mount Lebanon"}},
{"type":"Feature","geometry":{"type":"Polygon","coordinates":[[[35.6897,34.0952],[35.685,34.0929],[35.687,34.0907],[35.6855,34.0867],[35.6908,34.089],[35.7008,34.0901],[35.6981,34.0925],[35.6897,34.0952]]]},"properties":{"adm3_name":"Aalita","adm2_name":"Jbeil","adm1_name":"Mount Lebanon"}},
{"type":"Feature","geometry":{"type":"Polygon","coordinates":[[[35.7871,34.0933],[35.7829,34.0933],[35.7777,34.0919],[35.7742,34.0965],[35.7693,34.0993],[35.766,34.0972],[35.7664,34.0951],[35.7723,34.0906],[35.7771,34.0899],[35.7807,34.0926],[35.7854,34.0912],[35.7871,34.0933]]]},"properties":{"adm3_name":"Souanet Jbayl","adm2_name":"Jbeil","adm1_name":"Mount Lebanon"}},
{"type":"Feature","geometry":{"type":"Polygon","coordinates":[[[35.7664,34.0951],[35.7652,34.0958],[35.7599,34.0935],[35.757,34.0911],[35.7501,34.0891],[35.7499,34.0873],[35.7569,34.0859],[35.7651,34.09],[35.7705,34.0896],[35.7723,34.0906],[35.7664,34.0951]]]},"properties":{"adm3_name":"Aain Ed-Delbeh Jbayl","adm2_name":"Jbeil","adm1_name":"Mount Lebanon"}},
{"type":"Feature","geometry":{"type":"Polygon","coordinates":[[[35.8078,34.0874],[35.7982,34.0878],[35.796,34.0945],[35.7937,34.0944],[35.7905,34.0927],[35.7871,34.0933],[35.7854,34.0912],[35.7807,34.0926],[35.7771,34.0899],[35.7756,34.0816],[35.7808,34.0806],[35.7903,34.0823],[35.7944,34.0831],[35.802,34.0793],[35.8034,34.0834],[35.8078,34.0874]]]},"properties":{"adm3_name":"Frat","adm2_name":"Jbeil","adm1_name":"Mount Lebanon"}},
{"type":"Feature","geometry":{"type":"Polygon","coordinates":[[[35.7624,34.1228],[35.7597,34.123],[35.7572,34.1212],[35.7536,34.1232],[35.7516,34.1219],[35.7465,34.1223],[35.7439,34.1183],[35.7463,34.1161],[35.7436,34.1128],[35.7408,34.1128],[35.7385,34.1106],[35.7306,34.109],[35.7336,34.1071],[35.7325,34.1042],[35.7363,34.1037],[35.7408,34.1057],[35.7448,34.1047],[35.7512,34.1078],[35.7515,34.1114],[35.7555,34.1137],[35.7615,34.1153],[35.7665,34.1184],[35.7624,34.1228]]]},"properties":{"adm3_name":"Kfar Baal","adm2_name":"Jbeil","adm1_name":"Mount Lebanon"}},
{"type":"Feature","geometry":{"type":"Polygon","coordinates":[[[35.738,34.1467],[35.7346,34.1441],[35.7402,34.1368],[35.7354,34.1386],[35.7252,34.137],[35.7318,34.1341],[35.7294,34.1293],[35.7314,34.1277],[35.7293,34.1253],[35.7383,34.1196],[35.7439,34.1183],[35.7465,34.1223],[35.7516,34.1219],[35.7536,34.1232],[35.7598,34.124],[35.7599,34.127],[35.7568,34.1305],[35.7526,34.1324],[35.7511,34.1354],[35.7503,34.1411],[35.7484,34.1434],[35.7492,34.1469],[35.7409,34.1445],[35.738,34.1467]]]},"properties":{"adm3_name":"Hjoula","adm2_name":"Jbeil","adm1_name":"Mount Lebanon"}},
{"type":"Feature","geometry":{"type":"Polygon","coordinates":[[[35.7771,34.0899],[35.7723,34.0906],[35.7705,34.0896],[35.7651,34.09],[35.7569,34.0859],[35.7586,34.084],[35.7588,34.0774],[35.7611,34.0767],[35.768,34.0785],[35.7756,34.0816],[35.7771,34.0899]]]},"properties":{"adm3_name":"Aain Jrain","adm2_name":"Jbeil","adm1_name":"Mount Lebanon"}},
{"type":"Feature","geometry":{"type":"Polygon","coordinates":[[[35.7574,34.0994],[35.7546,34.1034],[35.7497,34.1018],[35.7456,34.0993],[35.7361,34.1],[35.7274,34.0977],[35.7221,34.0986],[35.7214,34.0986],[35.7273,34.0946],[35.7233,34.0889],[35.7283,34.0896],[35.7301,34.0884],[35.7334,34.0868],[35.7411,34.0858],[35.7499,34.0873],[35.7501,34.0891],[35.7493,34.0929],[35.7471,34.096],[35.7515,34.0973],[35.7548,34.1004],[35.7574,34.0994]]]},"properties":{"adm3_name":"Hsoun","adm2_name":"Jbeil","adm1_name":"Mount Lebanon"}},
{"type":"Feature","geometry":{"type":"Polygon","coordinates":[[[35.7569,34.0859],[35.7499,34.0873],[35.7411,34.0858],[35.7372,34.0849],[35.7379,34.0823],[35.7427,34.079],[35.7368,34.0755],[35.7456,34.0747],[35.7588,34.0774],[35.7586,34.084],[35.7569,34.0859]]]},"properties":{"adm3_name":"Mchaneh","adm2_name":"Jbeil","adm1_name":"Mount Lebanon"}},
{"type":"Feature","geometry":{"type":"Polygon","coordinates":[[[35.7617,34.1735],[35.7601,34.1703],[35.7618,34.1673],[35.7602,34.1657],[35.7622,34.1611],[35.7633,34.1548],[35.7688,34.1537],[35.7768,34.1542],[35.7879,34.1533],[35.7814,34.1596],[35.7793,34.1652],[35.7839,34.1659],[35.7902,34.1649],[35.7902,34.1681],[35.7885,34.1714],[35.7819,34.1759],[35.7764,34.1749],[35.7693,34.1758],[35.7676,34.1771],[35.7619,34.176],[35.7617,34.1735]]]},"properties":{"adm3_name":"Lehfed","adm2_name":"Jbeil","adm1_name":"Mount Lebanon"}},
{"type":"Feature","geometry":{"type":"Polygon","coordinates":[[[35.7356,34.1576],[35.7337,34.1554],[35.7345,34.1515],[35.7325,34.1502],[35.738,34.1467],[35.7409,34.1445],[35.7492,34.1469],[35.7442,34.1486],[35.7406,34.1542],[35.7456,34.1554],[35.7407,34.1572],[35.7356,34.1576]]]},"properties":{"adm3_name":"Habil","adm2_name":"Jbeil","adm1_name":"Mount Lebanon"}},
{"type":"Feature","geometry":{"type":"Polygon","coordinates":[[[35.72,34.1114],[35.7099,34.1063],[35.7153,34.107],[35.7203,34.1065],[35.7239,34.1041],[35.7221,34.0986],[35.7274,34.0977],[35.7361,34.1],[35.7377,34.1022],[35.7363,34.1037],[35.7325,34.1042],[35.7336,34.1071],[35.7306,34.109],[35.7279,34.1089],[35.72,34.1114]]]},"properties":{"adm3_name":"Jouret El-Qattine","adm2_name":"Jbeil","adm1_name":"Mount Lebanon"}},
{"type":"Feature","geometry":{"type":"Polygon","coordinates":[[[35.725,34.1585],[35.7284,34.1528],[35.7257,34.1511],[35.7171,34.1525],[35.7134,34.1511],[35.7216,34.1466],[35.7177,34.1453],[35.7178,34.1433],[35.7127,34.1413],[35.7105,34.1374],[35.7252,34.137],[35.7354,34.1386],[35.7402,34.1368],[35.7346,34.1441],[35.738,34.1467],[35.7325,34.1502],[35.7345,34.1515],[35.7337,34.1554],[35.7356,34.1576],[35.7287,34.1594],[35.725,34.1585]]]},"properties":{"adm3_name":"Birket Hjoula","adm2_name":"Jbeil","adm1_name":"Mount Lebanon"}},
{"type":"Feature","geometry":{"type":"Polygon","coordinates":[[[35.7411,34.0858],[35.7334,34.0868],[35.7301,34.0884],[35.7238,34.0856],[35.7264,34.0823],[35.7162,34.0806],[35.7155,34.0817],[35.7084,34.0818],[35.7171,34.0785],[35.7248,34.0776],[35.7257,34.0765],[35.7334,34.0751],[35.7368,34.0755],[35.7427,34.079],[35.7379,34.0823],[35.7372,34.0849],[35.7411,34.0858]]]},"properties":{"adm3_name":"Adonis Jbayl","adm2_name":"Jbeil","adm1_name":"Mount Lebanon"}},
{"type":"Feature","geometry":{"type":"Polygon","coordinates":[[[35.7103,34.1207],[35.7082,34.1177],[35.7117,34.1151],[35.72,34.1114],[35.7279,34.1089],[35.7306,34.109],[35.7385,34.1106],[35.7408,34.1128],[35.7436,34.1128],[35.7463,34.1161],[35.7439,34.1183],[35.7383,34.1196],[35.7293,34.1253],[35.7231,34.1257],[35.7172,34.1274],[35.7147,34.1211],[35.7103,34.1207]]]},"properties":{"adm3_name":"Ras Osta","adm2_name":"Jbeil","adm1_name":"Mount Lebanon"}},
{"type":"Feature","geometry":{"type":"Polygon","coordinates":[[[35.7252,34.137],[35.7105,34.1374],[35.7115,34.135],[35.706,34.1345],[35.7006,34.135],[35.6989,34.1311],[35.6933,34.1305],[35.6972,34.1268],[35.7061,34.1243],[35.7103,34.1207],[35.7147,34.1211],[35.7172,34.1274],[35.7231,34.1257],[35.7293,34.1253],[35.7314,34.1277],[35.7294,34.1293],[35.7318,34.1341],[35.7252,34.137]]]},"properties":{"adm3_name":"Bichtlida","adm2_name":"Jbeil","adm1_name":"Mount Lebanon"}},
{"type":"Feature","geometry":{"type":"Polygon","coordinates":[[[35.709,34.1061],[35.6997,34.109],[35.7012,34.1017],[35.7036,34.0999],[35.7076,34.0996],[35.7112,34.1012],[35.7214,34.0986],[35.7221,34.0986],[35.7239,34.1041],[35.7203,34.1065],[35.7153,34.107],[35.7099,34.1063],[35.709,34.1061]]]},"properties":{"adm3_name":"Bchille Jbayl","adm2_name":"Jbeil","adm1_name":"Mount Lebanon"}},
{"type":"Feature","geometry":{"type":"Polygon","coordinates":[[[35.7214,34.0986],[35.7112,34.1012],[35.7076,34.0996],[35.7037,34.0981],[35.6985,34.0996],[35.6945,34.0982],[35.686,34.0983],[35.6897,34.0952],[35.6981,34.0925],[35.7008,34.0901],[35.7076,34.0914],[35.7133,34.0901],[35.7233,34.0889],[35.7273,34.0946],[35.7214,34.0986]]]},"properties":{"adm3_name":"Zibdine Jbayl","adm2_name":"Jbeil","adm1_name":"Mount Lebanon"}},
{"type":"Feature","geometry":{"type":"Polygon","coordinates":[[[35.7262,34.1717],[35.7264,34.1708],[35.7276,34.1674],[35.7334,34.1626],[35.741,34.162],[35.7449,34.1588],[35.7509,34.1593],[35.7542,34.1587],[35.7622,34.1611],[35.7602,34.1657],[35.7618,34.1673],[35.7601,34.1703],[35.7547,34.1744],[35.7476,34.1754],[35.7347,34.1758],[35.7262,34.1717]]]},"properties":{"adm3_name":"Haqel","adm2_name":"Jbeil","adm1_name":"Mount Lebanon"}},
{"type":"Feature","geometry":{"type":"Polygon","coordinates":[[[35.7361,34.1829],[35.7323,34.1788],[35.7347,34.1758],[35.7476,34.1754],[35.7547,34.1744],[35.7601,34.1703],[35.7617,34.1735],[35.7584,34.1756],[35.755,34.181],[35.746,34.1818],[35.7393,34.1834],[35.7361,34.1829]]]},"properties":{"adm3_name":"Kharbet Jbayl","adm2_name":"Jbeil","adm1_name":"Mount Lebanon"}},
{"type":"Feature","geometry":{"type":"Polygon","coordinates":[[[35.7904,34.1862],[35.7845,34.1841],[35.789,34.1795],[35.7895,34.1753],[35.7988,34.1736],[35.8013,34.1764],[35.8039,34.1737],[35.8081,34.1724],[35.8124,34.1753],[35.8136,34.1788],[35.8114,34.182],[35.8004,34.1824],[35.7951,34.1813],[35.7914,34.1824],[35.7904,34.1862]]]},"properties":{"adm3_name":"Qottara Jbayl","adm2_name":"Jbeil","adm1_name":"Mount Lebanon"}},
{"type":"Feature","geometry":{"type":"Polygon","coordinates":[[[35.7103,34.1207],[35.7061,34.1243],[35.7035,34.1223],[35.6996,34.1221],[35.6978,34.1199],[35.6945,34.1203],[35.6927,34.1203],[35.6921,34.1187],[35.7005,34.1153],[35.7038,34.1156],[35.7108,34.1134],[35.7117,34.1151],[35.7082,34.1177],[35.7103,34.1207]]]},"properties":{"adm3_name":"Brayj Jbayl","adm2_name":"Jbeil","adm1_name":"Mount Lebanon"}},
{"type":"Feature","geometry":{"type":"Polygon","coordinates":[[[35.7117,34.1151],[35.7108,34.1134],[35.7038,34.1156],[35.7005,34.1153],[35.7024,34.114],[35.7071,34.1072],[35.709,34.1061],[35.7099,34.1063],[35.72,34.1114],[35.7117,34.1151]]]},"properties":{"adm3_name":"Sebrine","adm2_name":"Jbeil","adm1_name":"Mount Lebanon"}},
{"type":"Feature","geometry":{"type":"Polygon","coordinates":[[[35.7117,34.1698],[35.7116,34.1674],[35.7127,34.1646],[35.7171,34.1645],[35.7189,34.1589],[35.725,34.1585],[35.7287,34.1594],[35.7356,34.1576],[35.7407,34.1572],[35.7456,34.1554],[35.7511,34.1577],[35.7509,34.1593],[35.7449,34.1588],[35.741,34.162],[35.7334,34.1626],[35.7276,34.1674],[35.7264,34.1708],[35.7208,34.1707],[35.7188,34.1718],[35.7126,34.1712],[35.7117,34.1698]]]},"properties":{"adm3_name":"Aabaydat","adm2_name":"Jbeil","adm1_name":"Mount Lebanon"}},
{"type":"Feature","geometry":{"type":"Polygon","coordinates":[[[35.773,34.1969],[35.7686,34.1923],[35.7634,34.1925],[35.7619,34.1875],[35.7554,34.1849],[35.7492,34.1843],[35.7477,34.1855],[35.746,34.1818],[35.755,34.181],[35.7584,34.1756],[35.7617,34.1735],[35.7619,34.176],[35.7676,34.1771],[35.7693,34.1758],[35.7764,34.1749],[35.7819,34.1759],[35.7885,34.1714],[35.7895,34.1753],[35.789,34.1795],[35.7845,34.1841],[35.7904,34.1862],[35.7929,34.1885],[35.7905,34.1893],[35.7884,34.1932],[35.781,34.1936],[35.773,34.1969]]]},"properties":{"adm3_name":"Mayfouq","adm2_name":"Jbeil","adm1_name":"Mount Lebanon"}},
{"type":"Feature","geometry":{"type":"Polygon","coordinates":[[[35.7055,34.1534],[35.6984,34.149],[35.7073,34.1445],[35.7148,34.1459],[35.7177,34.1453],[35.7216,34.1466],[35.7134,34.1511],[35.7083,34.1517],[35.7055,34.1534]]]},"properties":{"adm3_name":"Behdaydat","adm2_name":"Jbeil","adm1_name":"Mount Lebanon"}},
{"type":"Feature","geometry":{"type":"Polygon","coordinates":[[[35.7087,34.167],[35.711,34.1641],[35.7127,34.1646],[35.7116,34.1674],[35.7087,34.167]]]},"properties":{"adm3_name":"Ramout","adm2_name":"Jbeil","adm1_name":"Mount Lebanon"}},
{"type":"Feature","geometry":{"type":"Polygon","coordinates":[[[35.7127,34.1646],[35.711,34.1641],[35.7131,34.16],[35.7169,34.1591],[35.7189,34.1589],[35.7171,34.1645],[35.7127,34.1646]]]},"properties":{"adm3_name":"Saqiet El-Khayt","adm2_name":"Jbeil","adm1_name":"Mount Lebanon"}},
{"type":"Feature","geometry":{"type":"Polygon","coordinates":[[[35.7061,34.1243],[35.6972,34.1268],[35.6957,34.1266],[35.6945,34.1203],[35.6978,34.1199],[35.6996,34.1221],[35.7035,34.1223],[35.7061,34.1243]]]},"properties":{"adm3_name":"Kfar Qouas","adm2_name":"Jbeil","adm1_name":"Mount Lebanon"}},
{"type":"Feature","geometry":{"type":"Polygon","coordinates":[[[35.7233,34.0889],[35.7133,34.0901],[35.7076,34.0914],[35.7008,34.0901],[35.6908,34.089],[35.6855,34.0867],[35.6841,34.0825],[35.6887,34.0829],[35.6934,34.0852],[35.7067,34.0823],[35.7094,34.081],[35.7084,34.0818],[35.7155,34.0817],[35.7162,34.0806],[35.7264,34.0823],[35.7238,34.0856],[35.7301,34.0884],[35.7283,34.0896],[35.7233,34.0889]]]},"properties":{"adm3_name":"Fatre","adm2_name":"Jbeil","adm1_name":"Mount Lebanon"}},
{"type":"Feature","geometry":{"type":"Polygon","coordinates":[[[35.7189,34.1589],[35.7169,34.1591],[35.7035,34.1588],[35.6984,34.1585],[35.6952,34.1577],[35.6972,34.1557],[35.7055,34.1534],[35.7083,34.1517],[35.7134,34.1511],[35.7171,34.1525],[35.7257,34.1511],[35.7284,34.1528],[35.725,34.1585],[35.7189,34.1589]]]},"properties":{"adm3_name":"Kfoun","adm2_name":"Jbeil","adm1_name":"Mount Lebanon"}},
{"type":"Feature","geometry":{"type":"Polygon","coordinates":[[[35.6888,34.1515],[35.6863,34.1467],[35.6806,34.1445],[35.6856,34.1405],[35.6885,34.1402],[35.6906,34.1369],[35.6849,34.1337],[35.6909,34.1306],[35.6933,34.1305],[35.6989,34.1311],[35.7006,34.135],[35.706,34.1345],[35.7115,34.135],[35.7105,34.1374],[35.7127,34.1413],[35.7178,34.1433],[35.7177,34.1453],[35.7148,34.1459],[35.7073,34.1445],[35.6984,34.149],[35.6933,34.1494],[35.6888,34.1515]]]},"properties":{"adm3_name":"Bintaael","adm2_name":"Jbeil","adm1_name":"Mount Lebanon"}},
{"type":"Feature","geometry":{"type":"Polygon","coordinates":[[[35.711,34.1641],[35.7087,34.167],[35.7048,34.1665],[35.6991,34.163],[35.7029,34.1608],[35.7035,34.1588],[35.7169,34.1591],[35.7131,34.16],[35.711,34.1641]]]},"properties":{"adm3_name":"Beit Habbaq","adm2_name":"Jbeil","adm1_name":"Mount Lebanon"}},
{"type":"Feature","geometry":{"type":"Polygon","coordinates":[[[35.6843,34.1549],[35.6888,34.1515],[35.6933,34.1494],[35.6984,34.149],[35.7055,34.1534],[35.6972,34.1557],[35.6952,34.1577],[35.6923,34.1561],[35.6843,34.1549]]]},"properties":{"adm3_name":"Kafr","adm2_name":"Jbeil","adm1_name":"Mount Lebanon"}},
{"type":"Feature","geometry":{"type":"Polygon","coordinates":[[[35.6855,34.1178],[35.6856,34.1133],[35.6997,34.109],[35.709,34.1061],[35.7071,34.1072],[35.7024,34.114],[35.7005,34.1153],[35.6921,34.1187],[35.6856,34.1206],[35.6855,34.1178]]]},"properties":{"adm3_name":"Jlisseh","adm2_name":"Jbeil","adm1_name":"Mount Lebanon"}},
{"type":"Feature","geometry":{"type":"Polygon","coordinates":[[[35.7137,34.1943],[35.7095,34.1925],[35.7081,34.1887],[35.7016,34.1849],[35.6982,34.1847],[35.6973,34.179],[35.7035,34.1805],[35.7081,34.1763],[35.7193,34.1737],[35.7199,34.1724],[35.7262,34.1717],[35.7347,34.1758],[35.7323,34.1788],[35.7361,34.1829],[35.7325,34.1834],[35.7189,34.1933],[35.7137,34.1943]]]},"properties":{"adm3_name":"Bejjeh","adm2_name":"Jbeil","adm1_name":"Mount Lebanon"}},
{"type":"Feature","geometry":{"type":"Polygon","coordinates":[[[35.6877,34.1813],[35.6833,34.1779],[35.6849,34.1752],[35.6883,34.1759],[35.691,34.1745],[35.6929,34.1711],[35.6998,34.1707],[35.7023,34.1687],[35.7073,34.1687],[35.7117,34.1698],[35.7126,34.1712],[35.7188,34.1718],[35.7208,34.1707],[35.7264,34.1708],[35.7262,34.1717],[35.7199,34.1724],[35.7193,34.1737],[35.7081,34.1763],[35.7035,34.1805],[35.6973,34.179],[35.693,34.1782],[35.6877,34.1813]]]},"properties":{"adm3_name":"Ghalboun","adm2_name":"Jbeil","adm1_name":"Mount Lebanon"}},
{"type":"Feature","geometry":{"type":"Polygon","coordinates":[[[35.7117,34.1698],[35.7073,34.1687],[35.7023,34.1687],[35.6998,34.1707],[35.6929,34.1711],[35.6957,34.1681],[35.6929,34.1655],[35.6945,34.1629],[35.6981,34.1617],[35.6984,34.1585],[35.7035,34.1588],[35.7029,34.1608],[35.6991,34.163],[35.7048,34.1665],[35.7087,34.167],[35.7116,34.1674],[35.7117,34.1698]]]},"properties":{"adm3_name":"Chamate","adm2_name":"Jbeil","adm1_name":"Mount Lebanon"}},
{"type":"Feature","geometry":{"type":"Polygon","coordinates":[[[35.6793,34.1634],[35.6732,34.1599],[35.6762,34.1564],[35.6717,34.1539],[35.678,34.1549],[35.6843,34.1549],[35.6923,34.1561],[35.6952,34.1577],[35.6984,34.1585],[35.6981,34.1617],[35.6945,34.1629],[35.687,34.1615],[35.6842,34.163],[35.6793,34.1634]]]},"properties":{"adm3_name":"Hbaline","adm2_name":"Jbeil","adm1_name":"Mount Lebanon"}},
{"type":"Feature","geometry":{"type":"Polygon","coordinates":[[[35.6787,34.1256],[35.6687,34.1264],[35.6679,34.122],[35.6723,34.1204],[35.6789,34.1201],[35.6832,34.1173],[35.6855,34.1178],[35.6856,34.1206],[35.6921,34.1187],[35.6927,34.1203],[35.6871,34.1227],[35.6845,34.1223],[35.6787,34.1256]]]},"properties":{"adm3_name":"Bmehrayn","adm2_name":"Jbeil","adm1_name":"Mount Lebanon"}},
{"type":"Feature","geometry":{"type":"Polygon","coordinates":[[[35.6849,34.1337],[35.6717,34.1348],[35.667,34.1335],[35.6623,34.1337],[35.6711,34.1286],[35.6795,34.1276],[35.6787,34.1256],[35.6845,34.1223],[35.6871,34.1227],[35.6927,34.1203],[35.6945,34.1203],[35.6957,34.1266],[35.6972,34.1268],[35.6933,34.1305],[35.6909,34.1306],[35.6849,34.1337]]]},"properties":{"adm3_name":"Hboub","adm2_name":"Jbeil","adm1_name":"Mount Lebanon"}},
{"type":"Feature","geometry":{"type":"Polygon","coordinates":[[[35.6718,34.171],[35.6673,34.1642],[35.6721,34.1634],[35.6793,34.1634],[35.6842,34.163],[35.687,34.1615],[35.6945,34.1629],[35.6929,34.1655],[35.6957,34.1681],[35.6929,34.1711],[35.691,34.1745],[35.6883,34.1759],[35.6849,34.1752],[35.6781,34.1721],[35.6718,34.171]]]},"properties":{"adm3_name":"Hsarat","adm2_name":"Jbeil","adm1_name":"Mount Lebanon"}},
{"type":"Feature","geometry":{"type":"Polygon","coordinates":[[[35.6843,34.1549],[35.678,34.1549],[35.6717,34.1539],[35.6677,34.1516],[35.6707,34.1492],[35.6698,34.1462],[35.6739,34.1442],[35.6795,34.1391],[35.6856,34.1405],[35.6806,34.1445],[35.6863,34.1467],[35.6888,34.1515],[35.6843,34.1549]]]},"properties":{"adm3_name":"Kfar Mashoun","adm2_name":"Jbeil","adm1_name":"Mount Lebanon"}},
{"type":"Feature","geometry":{"type":"Polygon","coordinates":[[[35.7066,34.1939],[35.7027,34.1942],[35.6944,34.1924],[35.6899,34.1956],[35.6893,34.1918],[35.6906,34.1877],[35.688,34.1872],[35.6889,34.183],[35.6877,34.1813],[35.693,34.1782],[35.6973,34.179],[35.6982,34.1847],[35.7016,34.1849],[35.7081,34.1887],[35.7095,34.1925],[35.7137,34.1943],[35.7066,34.1939]]]},"properties":{"adm3_name":"Aain Kfaa","adm2_name":"Jbeil","adm1_name":"Mount Lebanon"}},
{"type":"Feature","geometry":{"type":"Polygon","coordinates":[[[35.6793,34.1634],[35.6721,34.1634],[35.6673,34.1642],[35.6617,34.1577],[35.6545,34.1558],[35.6494,34.1549],[35.6528,34.1514],[35.657,34.1521],[35.6567,34.1483],[35.6596,34.1471],[35.6621,34.1494],[35.6677,34.1516],[35.6717,34.1539],[35.6762,34.1564],[35.6732,34.1599],[35.6793,34.1634]]]},"properties":{"adm3_name":"Ghofrine","adm2_name":"Jbeil","adm1_name":"Mount Lebanon"}},
{"type":"Feature","geometry":{"type":"Polygon","coordinates":[[[35.6733,34.2031],[35.6732,34.1943],[35.6715,34.1909],[35.6742,34.1872],[35.6758,34.1855],[35.68,34.1854],[35.6803,34.1807],[35.6833,34.1779],[35.6877,34.1813],[35.6889,34.183],[35.688,34.1872],[35.6906,34.1877],[35.6893,34.1918],[35.6899,34.1956],[35.6874,34.1993],[35.682,34.2035],[35.6771,34.2044],[35.6733,34.2031]]]},"properties":{"adm3_name":"Maad","adm2_name":"Jbeil","adm1_name":"Mount Lebanon"}},
{"type":"Feature","geometry":{"type":"Polygon","coordinates":[[[35.6546,34.1834],[35.6549,34.1792],[35.6575,34.1773],[35.6616,34.1792],[35.6615,34.1756],[35.666,34.1728],[35.6702,34.1728],[35.6718,34.171],[35.6781,34.1721],[35.6849,34.1752],[35.6833,34.1779],[35.6803,34.1807],[35.68,34.1854],[35.6758,34.1855],[35.6742,34.1872],[35.6723,34.1855],[35.669,34.186],[35.6629,34.183],[35.6577,34.1825],[35.6546,34.1834]]]},"properties":{"adm3_name":"Gharzouz","adm2_name":"Jbeil","adm1_name":"Mount Lebanon"}},
{"type":"Feature","geometry":{"type":"Polygon","coordinates":[[[35.666,34.1728],[35.6615,34.1756],[35.6616,34.1792],[35.6575,34.1773],[35.6549,34.1792],[35.6534,34.1776],[35.652,34.171],[35.6487,34.1701],[35.6452,34.1719],[35.6417,34.1708],[35.64,34.1726],[35.6344,34.1725],[35.6417,34.1677],[35.644,34.1671],[35.6538,34.1668],[35.666,34.1728]]]},"properties":{"adm3_name":"Chikhane","adm2_name":"Jbeil","adm1_name":"Mount Lebanon"}},
{"type":"Feature","geometry":{"type":"Polygon","coordinates":[[[35.6613,34.2029],[35.6638,34.2001],[35.662,34.198],[35.6633,34.1931],[35.6715,34.1909],[35.6732,34.1943],[35.6733,34.2031],[35.6683,34.2025],[35.6613,34.2029]]]},"properties":{"adm3_name":"Chmout","adm2_name":"Jbeil","adm1_name":"Mount Lebanon"}},
{"type":"Feature","geometry":{"type":"Polygon","coordinates":[[[35.6633,34.1931],[35.6587,34.1948],[35.6539,34.1947],[35.6557,34.1916],[35.6554,34.1853],[35.6509,34.1859],[35.6496,34.1839],[35.6546,34.1834],[35.6577,34.1825],[35.6629,34.183],[35.669,34.186],[35.6723,34.1855],[35.6742,34.1872],[35.6715,34.1909],[35.6633,34.1931]]]},"properties":{"adm3_name":"Bekhaaz","adm2_name":"Jbeil","adm1_name":"Mount Lebanon"}},
{"type":"Feature","geometry":{"type":"Polygon","coordinates":[[[35.6759,34.2107],[35.6713,34.2101],[35.6688,34.2087],[35.6657,34.2098],[35.6622,34.209],[35.6524,34.2093],[35.648,34.2107],[35.6435,34.2078],[35.6521,34.2038],[35.6568,34.2039],[35.6613,34.2029],[35.6683,34.2025],[35.6733,34.2031],[35.6771,34.2044],[35.682,34.2035],[35.68,34.2053],[35.6816,34.2099],[35.6759,34.2107]]]},"properties":{"adm3_name":"Fghal","adm2_name":"Jbeil","adm1_name":"Mount Lebanon"}},
{"type":"Feature","geometry":{"type":"Polygon","coordinates":[[[35.7586,34.0986],[35.7574,34.0994],[35.7548,34.1004],[35.7515,34.0973],[35.7471,34.096],[35.7493,34.0929],[35.7501,34.0891],[35.757,34.0911],[35.7599,34.0935],[35.7652,34.0958],[35.764,34.097],[35.7603,34.0961],[35.7586,34.0986]]]},"properties":{"adm3_name":"Bayzoun","adm2_name":"Jbeil","adm1_name":"Mount Lebanon"}},
{"type":"Feature","geometry":{"type":"Polygon","coordinates":[[[35.8403,34.1194],[35.8381,34.1091],[35.8343,34.1063],[35.8327,34.1027],[35.8274,34.0985],[35.825,34.0989],[35.8194,34.0966],[35.8193,34.0933],[35.8173,34.0896],[35.813,34.0877],[35.8137,34.0835],[35.8176,34.0803],[35.8171,34.0773],[35.8219,34.0771],[35.8311,34.0842],[35.8347,34.0821],[35.8387,34.0832],[35.8436,34.0812],[35.8503,34.0829],[35.8536,34.0851],[35.8572,34.0886],[35.8584,34.0896],[35.852,34.0944],[35.8524,34.0969],[35.8494,34.1006],[35.8502,34.1059],[35.846,34.1088],[35.8411,34.1098],[35.8421,34.1163],[35.8403,34.1194]]]},"properties":{"adm3_name":"Qartaba","adm2_name":"Jbeil","adm1_name":"Mount Lebanon"}},
{"type":"Feature","geometry":{"type":"Polygon","coordinates":[[[35.8524,34.0969],[35.852,34.0944],[35.8584,34.0896],[35.8654,34.0952],[35.87,34.096],[35.8694,34.0972],[35.8629,34.0971],[35.8597,34.1017],[35.8524,34.0969]]]},"properties":{"adm3_name":"Mar Sarkis","adm2_name":"Jbeil","adm1_name":"Mount Lebanon"}},
{"type":"Feature","geometry":{"type":"Polygon","coordinates":[[[35.8572,34.0886],[35.8536,34.0851],[35.8616,34.0788],[35.8648,34.0826],[35.862,34.0836],[35.8599,34.0888],[35.8572,34.0886]]]},"properties":{"adm3_name":"Aain El-Ghouaybeh","adm2_name":"Jbeil","adm1_name":"Mount Lebanon"}},
{"type":"Feature","geometry":{"type":"Polygon","coordinates":[[[35.8616,34.1359],[35.8535,34.136],[35.8516,34.1328],[35.849,34.1317],[35.8481,34.1288],[35.8442,34.1215],[35.8422,34.1212],[35.8403,34.1194],[35.8421,34.1163],[35.8411,34.1098],[35.846,34.1088],[35.8502,34.1059],[35.8494,34.1006],[35.8524,34.0969],[35.8597,34.1017],[35.8629,34.0971],[35.8694,34.0972],[35.8696,34.0984],[35.8663,34.0996],[35.8668,34.1069],[35.8699,34.1092],[35.8739,34.1104],[35.8743,34.1112],[35.8726,34.1125],[35.8738,34.1205],[35.8732,34.1222],[35.875,34.1263],[35.8703,34.1292],[35.8633,34.125],[35.8574,34.1237],[35.8507,34.1252],[35.8609,34.1342],[35.8616,34.1359]]]},"properties":{"adm3_name":"Mazraat Es Siyad","adm2_name":"Jbeil","adm1_name":"Mount Lebanon"}},
{"type":"Feature","geometry":{"type":"Polygon","coordinates":[[[35.87,34.096],[35.8654,34.0952],[35.8584,34.0896],[35.8572,34.0886],[35.8599,34.0888],[35.8655,34.0883],[35.8696,34.089],[35.8745,34.0885],[35.8818,34.0909],[35.878,34.0925],[35.875,34.0965],[35.87,34.096]]]},"properties":{"adm3_name":"Hdeine","adm2_name":"Jbeil","adm1_name":"Mount Lebanon"}},
{"type":"Feature","geometry":{"type":"Polygon","coordinates":[[[35.8503,34.0829],[35.8436,34.0812],[35.8387,34.0832],[35.8347,34.0821],[35.8311,34.0842],[35.8219,34.0771],[35.8242,34.075],[35.8261,34.0778],[35.8315,34.0788],[35.8368,34.0821],[35.8424,34.0801],[35.8473,34.0813],[35.8503,34.0829]]]},"properties":{"adm3_name":"Janneh","adm2_name":"Jbeil","adm1_name":"Mount Lebanon"}},
{"type":"Feature","geometry":{"type":"Polygon","coordinates":[[[35.8536,34.0851],[35.8503,34.0829],[35.8497,34.0821],[35.8473,34.0813],[35.8424,34.0801],[35.8368,34.0821],[35.8342,34.08],[35.835,34.0755],[35.8341,34.0718],[35.836,34.0705],[35.8377,34.0655],[35.8373,34.0632],[35.8406,34.0623],[35.8376,34.0567],[35.8318,34.0543],[35.8336,34.0546],[35.84,34.0516],[35.8448,34.0509],[35.8494,34.0519],[35.8544,34.0553],[35.8563,34.0588],[35.8595,34.0608],[35.8573,34.0633],[35.8602,34.0688],[35.8654,34.0715],[35.867,34.0758],[35.8674,34.0762],[35.8652,34.0789],[35.8616,34.0788],[35.8536,34.0851]]]},"properties":{"adm3_name":"Lassa","adm2_name":"Jbeil","adm1_name":"Mount Lebanon"}},
{"type":"Feature","geometry":{"type":"Polygon","coordinates":[[[35.8745,34.0885],[35.8696,34.089],[35.8655,34.0883],[35.8599,34.0888],[35.862,34.0836],[35.8648,34.0826],[35.8616,34.0788],[35.8652,34.0789],[35.8664,34.0807],[35.8689,34.0826],[35.878,34.0835],[35.8787,34.0827],[35.8778,34.0868],[35.8745,34.0885]]]},"properties":{"adm3_name":"Seraaiita","adm2_name":"Jbeil","adm1_name":"Mount Lebanon"}},
{"type":"Feature","geometry":{"type":"Polygon","coordinates":[[[35.8787,34.0827],[35.878,34.0835],[35.8689,34.0826],[35.8664,34.0807],[35.8674,34.0762],[35.867,34.0758],[35.8721,34.0743],[35.8757,34.0813],[35.8787,34.0827]]]},"properties":{"adm3_name":"Ghabat","adm2_name":"Jbeil","adm1_name":"Mount Lebanon"}},
{"type":"Feature","geometry":{"type":"Polygon","coordinates":[[[35.8743,34.1112],[35.8739,34.1104],[35.8695,34.1036],[35.8696,34.0984],[35.8694,34.0972],[35.87,34.096],[35.875,34.0965],[35.8776,34.099],[35.8835,34.1016],[35.8857,34.1047],[35.8907,34.1065],[35.8848,34.1139],[35.8848,34.1189],[35.8806,34.1212],[35.8811,34.1158],[35.8795,34.1135],[35.8743,34.1112]]]},"properties":{"adm3_name":"Mghayreh Jbeil","adm2_name":"Jbeil","adm1_name":"Mount Lebanon"}},
{"type":"Feature","geometry":{"type":"Polygon","coordinates":[[[35.8696,34.0984],[35.8695,34.1036],[35.8739,34.1104],[35.8699,34.1092],[35.8668,34.1069],[35.8663,34.0996],[35.8696,34.0984]]]},"properties":{"adm3_name":"Tadmor","adm2_name":"Jbeil","adm1_name":"Mount Lebanon"}},
{"type":"Feature","geometry":{"type":"Polygon","coordinates":[[[35.8907,34.1065],[35.8857,34.1047],[35.8835,34.1016],[35.8776,34.099],[35.875,34.0965],[35.878,34.0925],[35.8818,34.0909],[35.882,34.0874],[35.8867,34.0917],[35.8852,34.0938],[35.8894,34.0987],[35.8892,34.1002],[35.8935,34.1048],[35.8907,34.1065]]]},"properties":{"adm3_name":"Yanouh Jbayl","adm2_name":"Jbeil","adm1_name":"Mount Lebanon"}},
{"type":"Feature","geometry":{"type":"Polygon","coordinates":[[[35.8078,34.0874],[35.8034,34.0834],[35.802,34.0793],[35.7944,34.0831],[35.7903,34.0823],[35.7921,34.0793],[35.7922,34.0757],[35.7988,34.0761],[35.8012,34.0719],[35.8056,34.072],[35.8096,34.0695],[35.8192,34.0697],[35.8269,34.0718],[35.8242,34.075],[35.8219,34.0771],[35.8171,34.0773],[35.8176,34.0803],[35.8137,34.0835],[35.8078,34.0874]]]},"properties":{"adm3_name":"Qorqraiya","adm2_name":"Jbeil","adm1_name":"Mount Lebanon"}},
{"type":"Feature","geometry":{"type":"Polygon","coordinates":[[[35.8194,34.0966],[35.8165,34.0987],[35.8191,34.1021],[35.8162,34.1041],[35.8122,34.101],[35.8078,34.1],[35.7937,34.0944],[35.796,34.0945],[35.7982,34.0878],[35.8078,34.0874],[35.8137,34.0835],[35.813,34.0877],[35.8173,34.0896],[35.8193,34.0933],[35.8194,34.0966]]]},"properties":{"adm3_name":"Boulhos","adm2_name":"Jbeil","adm1_name":"Mount Lebanon"}},
{"type":"Feature","geometry":{"type":"Polygon","coordinates":[[[35.8935,34.1048],[35.8892,34.1002],[35.8894,34.0987],[35.8852,34.0938],[35.8867,34.0917],[35.882,34.0874],[35.8825,34.083],[35.8871,34.0749],[35.8891,34.0719],[35.8986,34.0713],[35.9046,34.0642],[35.9075,34.0667],[35.9128,34.0685],[35.9249,34.069],[35.9322,34.0703],[35.9353,34.0699],[35.9407,34.0703],[35.9394,34.075],[35.9354,34.0764],[35.9331,34.0787],[35.9316,34.0827],[35.9291,34.0852],[35.9252,34.0866],[35.9229,34.0922],[35.9167,34.099],[35.9168,34.1058],[35.9122,34.1061],[35.9067,34.11],[35.9002,34.1089],[35.8935,34.1048]]]},"properties":{"adm3_name":"Majdel El-Aqoura","adm2_name":"Jbeil","adm1_name":"Mount Lebanon"}},
{"type":"Feature","geometry":{"type":"Polygon","coordinates":[[[35.8644,34.1389],[35.8616,34.1359],[35.8609,34.1342],[35.8507,34.1252],[35.8574,34.1237],[35.8633,34.125],[35.8703,34.1292],[35.8704,34.1323],[35.8758,34.1385],[35.8727,34.1437],[35.8703,34.1391],[35.8644,34.1389]]]},"properties":{"adm3_name":"Laqlouq","adm2_name":"Jbeil","adm1_name":"Mount Lebanon"}},
{"type":"Feature","geometry":{"type":"Polygon","coordinates":[[[35.8836,34.0736],[35.8818,34.0727],[35.8801,34.0707],[35.8762,34.0596],[35.8758,34.0552],[35.8803,34.0559],[35.8883,34.059],[35.8941,34.0589],[35.8975,34.0631],[35.9013,34.0602],[35.9063,34.0601],[35.9068,34.0565],[35.9166,34.0579],[35.9228,34.0602],[35.9316,34.0651],[35.9353,34.0699],[35.9322,34.0703],[35.9249,34.069],[35.9128,34.0685],[35.9075,34.0667],[35.9046,34.0642],[35.8986,34.0713],[35.8891,34.0719],[35.8871,34.0749],[35.8836,34.0736]]]},"properties":{"adm3_name":"Afqa Jbayl","adm2_name":"Jbeil","adm1_name":"Mount Lebanon"}},
{"type":"Feature","geometry":{"type":"Polygon","coordinates":[[[35.8315,34.0788],[35.8261,34.0778],[35.8242,34.075],[35.8269,34.0718],[35.8192,34.0697],[35.8096,34.0695],[35.8056,34.072],[35.8012,34.0719],[35.7988,34.0761],[35.7922,34.0757],[35.7881,34.0715],[35.7843,34.0699],[35.7841,34.0662],[35.7797,34.0592],[35.7797,34.0554],[35.7854,34.0553],[35.7899,34.0523],[35.7938,34.0474],[35.7874,34.0448],[35.7875,34.0431],[35.7891,34.0413],[35.7951,34.0454],[35.8012,34.048],[35.8069,34.0467],[35.8127,34.05],[35.8196,34.0514],[35.8217,34.0506],[35.8252,34.0527],[35.8318,34.0543],[35.8376,34.0567],[35.8406,34.0623],[35.8373,34.0632],[35.8377,34.0655],[35.834,34.0684],[35.836,34.0705],[35.8341,34.0718],[35.835,34.0755],[35.8315,34.0788]]]},"properties":{"adm3_name":"Qahmez","adm2_name":"Jbeil","adm1_name":"Mount Lebanon"}},
{"type":"Feature","geometry":{"type":"Polygon","coordinates":[[[35.8598,34.1563],[35.8593,34.154],[35.8646,34.1523],[35.8663,34.1485],[35.8727,34.1437],[35.8758,34.1385],[35.8704,34.1323],[35.8703,34.1292],[35.875,34.1263],[35.8732,34.1222],[35.8738,34.1205],[35.8726,34.1125],[35.8743,34.1112],[35.8795,34.1135],[35.8811,34.1158],[35.8806,34.1212],[35.8848,34.1189],[35.8848,34.1139],[35.8907,34.1065],[35.8935,34.1048],[35.9002,34.1089],[35.9067,34.11],[35.9122,34.1061],[35.9168,34.1058],[35.9167,34.099],[35.9229,34.0922],[35.9252,34.0866],[35.9291,34.0852],[35.9316,34.0827],[35.9331,34.0787],[35.9354,34.0764],[35.9394,34.075],[35.9465,34.0712],[35.9491,34.0651],[35.9516,34.0602],[35.9576,34.055],[35.958,34.0531],[35.9646,34.0426],[35.9681,34.0385],[35.9746,34.0477],[35.9774,34.0575],[35.9842,34.0858],[35.9904,34.0876],[35.9962,34.0872],[36.003,34.0879],[36.0021,34.0928],[36.0042,34.0979],[36.0058,34.1059],[36.0058,34.1102],[36.0103,34.1194],[36.0137,34.1226],[36.0149,34.1266],[36.0143,34.1316],[36.0127,34.1355],[36.0141,34.1398],[36.0101,34.1464],[36.0043,34.1488],[35.9992,34.1492],[35.991,34.1515],[35.9875,34.1541],[35.982,34.1534],[35.978,34.1547],[35.9769,34.1575],[35.97,34.1587],[35.9643,34.1617],[35.9606,34.1591],[35.958,34.1602],[35.9558,34.1637],[35.9506,34.1664],[35.9379,34.165],[35.9338,34.1601],[35.9324,34.1565],[35.929,34.1572],[35.9255,34.1554],[35.9185,34.1559],[35.9125,34.1555],[35.9099,34.1566],[35.9084,34.1533],[35.9026,34.1492],[35.9001,34.1502],[35.8916,34.1497],[35.8866,34.1523],[35.8793,34.1524],[35.8807,34.1555],[35.8746,34.1563],[35.8666,34.1592],[35.8681,34.1644],[35.8648,34.165],[35.8598,34.1563]]]},"properties":{"adm3_name":"Aaqoura","adm2_name":"Jbeil","adm1_name":"Mount Lebanon"}},
{"type":"Feature","geometry":{"type":"Polygon","coordinates":[[[35.8866,34.1523],[35.8916,34.1497],[35.9001,34.1502],[35.9026,34.1492],[35.9084,34.1533],[35.9099,34.1566],[35.9009,34.1525],[35.8934,34.1538],[35.8897,34.1518],[35.8866,34.1523]]]},"properties":{"adm3_name":"Aarab El-Lahib","adm2_name":"Jbeil","adm1_name":"Mount Lebanon"}},
{"type":"Feature","geometry":{"type":"Polygon","coordinates":[[[35.7902,34.1649],[35.7839,34.1659],[35.7793,34.1652],[35.7814,34.1596],[35.7879,34.1533],[35.7886,34.1507],[35.7931,34.148],[35.7998,34.1467],[35.7998,34.1421],[35.8043,34.1394],[35.8099,34.1383],[35.8186,34.1405],[35.8234,34.1436],[35.8272,34.1444],[35.8275,34.1463],[35.8217,34.1492],[35.8165,34.1556],[35.8119,34.1572],[35.8038,34.1574],[35.8049,34.1628],[35.8011,34.1621],[35.7965,34.164],[35.7902,34.1649]]]},"properties":{"adm3_name":"Saqi Richmaya","adm2_name":"Jbeil","adm1_name":"Mount Lebanon"}},
{"type":"Feature","geometry":{"type":"Polygon","coordinates":[[[35.8598,34.1563],[35.8567,34.1562],[35.8509,34.158],[35.8456,34.1617],[35.8296,34.1675],[35.8244,34.1739],[35.8211,34.1757],[35.8152,34.1772],[35.8136,34.1788],[35.8124,34.1753],[35.8081,34.1724],[35.8039,34.1737],[35.8013,34.1764],[35.7988,34.1736],[35.7895,34.1753],[35.7885,34.1714],[35.7902,34.1681],[35.7902,34.1649],[35.7965,34.164],[35.8011,34.1621],[35.8049,34.1628],[35.8038,34.1574],[35.8119,34.1572],[35.8165,34.1556],[35.8217,34.1492],[35.8275,34.1463],[35.8272,34.1444],[35.834,34.144],[35.8388,34.1444],[35.8449,34.1471],[35.8528,34.1471],[35.8567,34.1501],[35.8593,34.154],[35.8598,34.1563]]]},"properties":{"adm3_name":"Jaj","adm2_name":"Jbeil","adm1_name":"Mount Lebanon"}},
{"type":"Feature","geometry":{"type":"Polygon","coordinates":[[[35.8149,34.192],[35.8116,34.1943],[35.808,34.1942],[35.8091,34.1873],[35.8114,34.182],[35.8136,34.1788],[35.8152,34.1772],[35.8211,34.1757],[35.8244,34.1739],[35.8296,34.1675],[35.8456,34.1617],[35.8509,34.158],[35.8567,34.1562],[35.8598,34.1563],[35.8648,34.165],[35.867,34.171],[35.8664,34.1754],[35.8637,34.1749],[35.8557,34.1786],[35.8497,34.1832],[35.8399,34.187],[35.8394,34.1909],[35.8272,34.1893],[35.8236,34.1896],[35.8209,34.1878],[35.8151,34.1908],[35.8149,34.192]]]},"properties":{"adm3_name":"Tartij","adm2_name":"Jbeil","adm1_name":"Mount Lebanon"}},
{"type":"Feature","geometry":{"type":"Polygon","coordinates":[[[35.8481,34.1288],[35.849,34.1317],[35.8516,34.1328],[35.8535,34.136],[35.8493,34.1346],[35.8471,34.1311],[35.8481,34.1288]]]},"properties":{"adm3_name":"Hema Mar Maroun Aannaya","adm2_name":"Jbeil","adm1_name":"Mount Lebanon"}},
{"type":"Feature","geometry":{"type":"Polygon","coordinates":[[[35.8593,34.154],[35.8567,34.1501],[35.8528,34.1471],[35.8541,34.143],[35.8589,34.1418],[35.8644,34.1389],[35.8703,34.1391],[35.8727,34.1437],[35.8663,34.1485],[35.8646,34.1523],[35.8593,34.154]]]},"properties":{"adm3_name":"Hema Er-Rehban","adm2_name":"Jbeil","adm1_name":"Mount Lebanon"}},
{"type":"Feature","geometry":{"type":"Polygon","coordinates":[[[35.8818,34.0909],[35.8745,34.0885],[35.8778,34.0868],[35.8787,34.0827],[35.8812,34.0804],[35.8793,34.0783],[35.8806,34.0749],[35.8836,34.0736],[35.8871,34.0749],[35.8825,34.083],[35.882,34.0874],[35.8818,34.0909]]]},"properties":{"adm3_name":"Aarasta","adm2_name":"Jbeil","adm1_name":"Mount Lebanon"}},
{"type":"Feature","geometry":{"type":"Polygon","coordinates":[[[35.8532,34.4447],[35.8539,34.4393],[35.8528,34.4356],[35.8489,34.4348],[35.8474,34.4309],[35.8451,34.4312],[35.8391,34.4275],[35.8369,34.4275],[35.83,34.4195],[35.8388,34.4071],[35.8451,34.3973],[35.8477,34.3922],[35.8514,34.3885],[35.8574,34.3922],[35.8614,34.3932],[35.8664,34.3922],[35.8716,34.4009],[35.8741,34.4014],[35.8747,34.4023],[35.8711,34.4036],[35.8689,34.4063],[35.8637,34.4074],[35.858,34.4153],[35.8526,34.4239],[35.8557,34.4266],[35.8613,34.4299],[35.8609,34.433],[35.8649,34.4354],[35.8615,34.4399],[35.8634,34.4433],[35.8625,34.4463],[35.8592,34.4499],[35.8532,34.4447]]]},"properties":{"adm3_name":"Trablous Ez-Zeitoun","adm2_name":"Tripoli","adm1_name":"North"}},
{"type":"Feature","geometry":{"type":"Polygon","coordinates":[[[35.8389,34.4357],[35.8373,34.4331],[35.8385,34.4297],[35.8369,34.4275],[35.8391,34.4275],[35.8451,34.4312],[35.8449,34.4324],[35.8427,34.4338],[35.8389,34.4357]]]},"properties":{"adm3_name":"Trablous El-Haddadine, El-Hadid, El-Mharta","adm2_name":"Tripoli","adm1_name":"North"}},
{"type":"Feature","geometry":{"type":"Polygon","coordinates":[[[35.8482,34.4421],[35.8455,34.4425],[35.8407,34.4402],[35.8325,34.4381],[35.8373,34.4331],[35.8389,34.4357],[35.8419,34.4367],[35.8428,34.4397],[35.8473,34.4409],[35.8482,34.4421]]]},"properties":{"adm3_name":"Trablous Et-Tell","adm2_name":"Tripoli","adm1_name":"North"}},
{"type":"Feature","geometry":{"type":"Polygon","coordinates":[[[35.8419,34.4367],[35.8389,34.4357],[35.8427,34.4338],[35.8438,34.4353],[35.8419,34.4367]]]},"properties":{"adm3_name":"Trablous En-Nouri","adm2_name":"Tripoli","adm1_name":"North"}},
{"type":"Feature","geometry":{"type":"Polygon","coordinates":[[[35.8438,34.4353],[35.8427,34.4338],[35.8449,34.4324],[35.8454,34.4335],[35.8448,34.4359],[35.8438,34.4353]]]},"properties":{"adm3_name":"Trablous El Mhatra","adm2_name":"Tripoli","adm1_name":"North"}},
{"type":"Feature","geometry":{"type":"Polygon","coordinates":[[[35.8419,34.4367],[35.8438,34.4353],[35.8448,34.4359],[35.8448,34.4368],[35.8419,34.4367]]]},"properties":{"adm3_name":"Trablous Er-Remmaneh","adm2_name":"Tripoli","adm1_name":"North"}},
{"type":"Feature","geometry":{"type":"Polygon","coordinates":[[[35.8466,34.4376],[35.8454,34.4335],[35.8449,34.4324],[35.8451,34.4312],[35.8474,34.4309],[35.8489,34.4348],[35.8482,34.437],[35.8466,34.4376]]]},"properties":{"adm3_name":"Trablous Es-Souayqa","adm2_name":"Tripoli","adm1_name":"North"}},
{"type":"Feature","geometry":{"type":"Polygon","coordinates":[[[35.8448,34.4368],[35.8448,34.4359],[35.8454,34.4335],[35.8466,34.4376],[35.8448,34.4368]]]},"properties":{"adm3_name":"Trablous El Hadid","adm2_name":"Tripoli","adm1_name":"North"}},
{"type":"Feature","geometry":{"type":"Polygon","coordinates":[[[35.8517,34.4434],[35.8482,34.437],[35.8489,34.4348],[35.8528,34.4356],[35.8539,34.4393],[35.8532,34.4447],[35.8517,34.4434]]]},"properties":{"adm3_name":"Trablous El-Qobbe","adm2_name":"Tripoli","adm1_name":"North"}},
{"type":"Feature","geometry":{"type":"Polygon","coordinates":[[[35.8473,34.4409],[35.8428,34.4397],[35.8419,34.4367],[35.8448,34.4368],[35.8466,34.4376],[35.8473,34.4409]]]},"properties":{"adm3_name":"Trablous Ez-Zahrieh","adm2_name":"Tripoli","adm1_name":"North"}},
{"type":"Feature","geometry":{"type":"Polygon","coordinates":[[[35.8482,34.4421],[35.8473,34.4409],[35.8466,34.4376],[35.8482,34.437],[35.8517,34.4434],[35.8482,34.4421]]]},"properties":{"adm3_name":"Trablous et Tabbaneh","adm2_name":"Tripoli","adm1_name":"North"}},
{"type":"Feature","geometry":{"type":"Polygon","coordinates":[[[35.8563,34.4563],[35.8464,34.4564],[35.8436,34.4585],[35.8391,34.4576],[35.8356,34.4535],[35.8315,34.4523],[35.8308,34.4496],[35.8318,34.4454],[35.8277,34.4421],[35.8242,34.4411],[35.8225,34.4385],[35.8179,34.4354],[35.8186,34.4269],[35.8203,34.4253],[35.8205,34.4193],[35.8245,34.4185],[35.83,34.4195],[35.8369,34.4275],[35.8385,34.4297],[35.8373,34.4331],[35.8325,34.4381],[35.8407,34.4402],[35.8455,34.4425],[35.8482,34.4421],[35.8517,34.4434],[35.8532,34.4447],[35.8592,34.4499],[35.8563,34.4563]]]},"properties":{"adm3_name":"Trablous jardins","adm2_name":"Tripoli","adm1_name":"North"}},
{"type":"Feature","geometry":{"type":"Polygon","coordinates":[[[35.8209,34.4511],[35.8173,34.4528],[35.8152,34.4506],[35.8156,34.445],[35.8209,34.4511]]]},"properties":{"adm3_name":"Mina N:1","adm2_name":"Tripoli","adm1_name":"North"}},
{"type":"Feature","geometry":{"type":"Polygon","coordinates":[[[35.8156,34.445],[35.8152,34.4506],[35.8173,34.4528],[35.8145,34.4541],[35.8117,34.4501],[35.8071,34.4488],[35.8102,34.4476],[35.8135,34.4446],[35.8156,34.445]]]},"properties":{"adm3_name":"Mina N:2","adm2_name":"Tripoli","adm1_name":"North"}},
{"type":"Feature","geometry":{"type":"Polygon","coordinates":[[[35.8071,34.4488],[35.8117,34.4501],[35.8145,34.4541],[35.811,34.4559],[35.8071,34.4536],[35.8057,34.451],[35.8071,34.4488]]]},"properties":{"adm3_name":"Mina N:3","adm2_name":"Tripoli","adm1_name":"North"}},
{"type":"Feature","geometry":{"type":"Polygon","coordinates":[[[35.8315,34.4523],[35.8209,34.4511],[35.8156,34.445],[35.8135,34.4446],[35.8099,34.4377],[35.8122,34.4348],[35.8155,34.4275],[35.8186,34.4269],[35.8179,34.4354],[35.8225,34.4385],[35.8242,34.4411],[35.8277,34.4421],[35.8318,34.4454],[35.8308,34.4496],[35.8315,34.4523]]]},"properties":{"adm3_name":"Mina Jardin","adm2_name":"Tripoli","adm1_name":"North"}},
{"type":"Feature","geometry":{"type":"Polygon","coordinates":[[[35.8057,34.3937],[35.8019,34.3994],[35.7997,34.3988],[35.7909,34.3915],[35.7872,34.3903],[35.7769,34.3849],[35.7744,34.383],[35.7702,34.3831],[35.771,34.3802],[35.7764,34.3737],[35.779,34.3717],[35.7781,34.373],[35.7828,34.3766],[35.7852,34.3803],[35.7938,34.3841],[35.7985,34.3893],[35.8057,34.3937]]]},"properties":{"adm3_name":"Qalamoun","adm2_name":"Tripoli","adm1_name":"North"}},
{"type":"Feature","geometry":{"type":"Polygon","coordinates":[[[35.8168,34.3208],[35.8155,34.3144],[35.8108,34.3163],[35.8039,34.3123],[35.8008,34.3122],[35.7976,34.3101],[35.7928,34.3102],[35.7904,34.3074],[35.7866,34.3051],[35.7835,34.305],[35.7812,34.3],[35.7785,34.299],[35.7756,34.2944],[35.7786,34.2925],[35.7843,34.2932],[35.7887,34.292],[35.7939,34.2922],[35.7923,34.2885],[35.7893,34.2865],[35.7921,34.2847],[35.8001,34.2817],[35.8038,34.2821],[35.8058,34.2803],[35.8078,34.2821],[35.8092,34.2863],[35.8197,34.2866],[35.8267,34.2855],[35.8303,34.2897],[35.8228,34.2991],[35.8199,34.3084],[35.8213,34.3141],[35.823,34.3172],[35.8228,34.3204],[35.8191,34.3194],[35.8168,34.3208]]]},"properties":{"adm3_name":"Amioun","adm2_name":"El Koura","adm1_name":"North"}},
{"type":"Feature","geometry":{"type":"Polygon","coordinates":[[[35.8335,34.3295],[35.8294,34.328],[35.829,34.3245],[35.8235,34.3248],[35.8228,34.3204],[35.823,34.3172],[35.8213,34.3141],[35.8199,34.3084],[35.8248,34.308],[35.8251,34.3062],[35.8291,34.3038],[35.8304,34.3002],[35.8338,34.2969],[35.8364,34.2972],[35.8381,34.2913],[35.8443,34.2961],[35.8422,34.3],[35.843,34.3165],[35.8463,34.3172],[35.8435,34.3223],[35.842,34.3224],[35.8342,34.3281],[35.8335,34.3295]]]},"properties":{"adm3_name":"Kfar Aaqqa","adm2_name":"El Koura","adm1_name":"North"}},
{"type":"Feature","geometry":{"type":"Polygon","coordinates":[[[35.8381,34.2913],[35.8364,34.2972],[35.8338,34.2969],[35.8304,34.3002],[35.8291,34.3038],[35.8251,34.3062],[35.8248,34.308],[35.8199,34.3084],[35.8228,34.2991],[35.8303,34.2897],[35.8348,34.2852],[35.8365,34.2864],[35.8355,34.2871],[35.8381,34.2913]]]},"properties":{"adm3_name":"Kfar Saroun El-Koura","adm2_name":"El Koura","adm1_name":"North"}},
{"type":"Feature","geometry":{"type":"Polygon","coordinates":[[[35.7766,34.3222],[35.777,34.3201],[35.7744,34.317],[35.776,34.3152],[35.7847,34.3143],[35.7891,34.3153],[35.7904,34.3074],[35.7928,34.3102],[35.7976,34.3101],[35.8008,34.3122],[35.8039,34.3123],[35.8108,34.3163],[35.8155,34.3144],[35.8168,34.3208],[35.8112,34.3248],[35.8102,34.3271],[35.8064,34.3289],[35.8049,34.3325],[35.8004,34.336],[35.7988,34.3349],[35.798,34.3299],[35.7946,34.3282],[35.7908,34.3232],[35.7773,34.3226],[35.7766,34.3222]]]},"properties":{"adm3_name":"Bechmizzine","adm2_name":"El Koura","adm1_name":"North"}},
{"type":"Feature","geometry":{"type":"Polygon","coordinates":[[[35.8073,34.3514],[35.8047,34.348],[35.8048,34.3446],[35.7998,34.3435],[35.7987,34.3372],[35.8004,34.336],[35.8049,34.3325],[35.8064,34.3289],[35.8102,34.3271],[35.8112,34.3248],[35.8168,34.3208],[35.8191,34.3194],[35.8228,34.3204],[35.8235,34.3248],[35.829,34.3245],[35.8294,34.328],[35.8335,34.3295],[35.8291,34.3349],[35.8268,34.339],[35.8228,34.3422],[35.8201,34.3399],[35.8139,34.3444],[35.8073,34.3514]]]},"properties":{"adm3_name":"Bterram","adm2_name":"El Koura","adm1_name":"North"}},
{"type":"Feature","geometry":{"type":"Polygon","coordinates":[[[35.8348,34.2852],[35.8303,34.2897],[35.8267,34.2855],[35.8197,34.2866],[35.8092,34.2863],[35.8078,34.2821],[35.8058,34.2803],[35.8089,34.2752],[35.8099,34.268],[35.8132,34.2649],[35.8109,34.2608],[35.8116,34.2607],[35.822,34.264],[35.8261,34.2646],[35.8259,34.2687],[35.8273,34.2722],[35.8269,34.2745],[35.8306,34.283],[35.8345,34.2835],[35.8348,34.2852]]]},"properties":{"adm3_name":"Bziza","adm2_name":"El Koura","adm1_name":"North"}},
{"type":"Feature","geometry":{"type":"Polygon","coordinates":[[[35.7587,34.3261],[35.7604,34.3249],[35.7639,34.3187],[35.7576,34.3189],[35.7538,34.3158],[35.7538,34.313],[35.7508,34.3125],[35.74,34.3164],[35.7352,34.3173],[35.7331,34.3158],[35.736,34.3133],[35.7367,34.309],[35.7351,34.306],[35.7299,34.3074],[35.731,34.3015],[35.7347,34.3019],[35.7418,34.2982],[35.7495,34.2929],[35.76,34.2922],[35.7655,34.2899],[35.7721,34.2947],[35.7756,34.2944],[35.7785,34.299],[35.7812,34.3],[35.7835,34.305],[35.7866,34.3051],[35.7904,34.3074],[35.7891,34.3153],[35.7847,34.3143],[35.776,34.3152],[35.7744,34.317],[35.777,34.3201],[35.7766,34.3222],[35.7734,34.3228],[35.7706,34.3255],[35.7667,34.3241],[35.7616,34.3269],[35.7587,34.3261]]]},"properties":{"adm3_name":"Kfar Hazir","adm2_name":"El Koura","adm1_name":"North"}},
{"type":"Feature","geometry":{"type":"Polygon","coordinates":[[[35.8365,34.3445],[35.8364,34.3392],[35.8349,34.3371],[35.8291,34.3349],[35.8335,34.3295],[35.8342,34.3281],[35.842,34.3224],[35.8435,34.3223],[35.8451,34.3256],[35.8515,34.3263],[35.8526,34.3276],[35.8605,34.3258],[35.8602,34.3307],[35.8553,34.3387],[35.8525,34.3397],[35.8511,34.3424],[35.8459,34.3435],[35.8429,34.3538],[35.8393,34.3456],[35.8365,34.3445]]]},"properties":{"adm3_name":"Bsarma","adm2_name":"El Koura","adm1_name":"North"}},
{"type":"Feature","geometry":{"type":"Polygon","coordinates":[[[35.7768,34.337],[35.7764,34.3338],[35.7788,34.3264],[35.7773,34.3226],[35.7908,34.3232],[35.7946,34.3282],[35.798,34.3299],[35.7988,34.3349],[35.8004,34.336],[35.7987,34.3372],[35.7954,34.3389],[35.7902,34.3365],[35.7793,34.3359],[35.7768,34.337]]]},"properties":{"adm3_name":"Aafsdiq","adm2_name":"El Koura","adm1_name":"North"}},
{"type":"Feature","geometry":{"type":"Polygon","coordinates":[[[35.7756,34.2944],[35.7721,34.2947],[35.7655,34.2899],[35.7644,34.288],[35.7723,34.281],[35.774,34.275],[35.7793,34.2754],[35.7859,34.2801],[35.7872,34.2843],[35.7893,34.2865],[35.7923,34.2885],[35.7939,34.2922],[35.7887,34.292],[35.7843,34.2932],[35.7786,34.2925],[35.7756,34.2944]]]},"properties":{"adm3_name":"Dar Chmizzine","adm2_name":"El Koura","adm1_name":"North"}},
{"type":"Feature","geometry":{"type":"Polygon","coordinates":[[[35.8058,34.2803],[35.8038,34.2821],[35.8001,34.2817],[35.7921,34.2847],[35.7893,34.2865],[35.7872,34.2843],[35.7859,34.2801],[35.7793,34.2754],[35.774,34.275],[35.7738,34.2738],[35.7753,34.2711],[35.7866,34.2667],[35.7911,34.2634],[35.7971,34.2645],[35.8039,34.2591],[35.8109,34.2608],[35.8132,34.2649],[35.8099,34.268],[35.8089,34.2752],[35.8058,34.2803]]]},"properties":{"adm3_name":"Dar Baaechtar","adm2_name":"El Koura","adm1_name":"North"}},
{"type":"Feature","geometry":{"type":"Polygon","coordinates":[[[35.8345,34.2835],[35.8306,34.283],[35.8269,34.2745],[35.8273,34.2722],[35.8335,34.2725],[35.8384,34.2708],[35.842,34.275],[35.8435,34.2749],[35.8419,34.28],[35.8386,34.2825],[35.8345,34.2835]]]},"properties":{"adm3_name":"Bhabbouch El-Koura","adm2_name":"El Koura","adm1_name":"North"}},
{"type":"Feature","geometry":{"type":"Polygon","coordinates":[[[35.8365,34.2864],[35.8348,34.2852],[35.8345,34.2835],[35.8386,34.2825],[35.8419,34.28],[35.8445,34.2806],[35.8486,34.2787],[35.8554,34.2784],[35.8518,34.2802],[35.8542,34.2847],[35.8507,34.287],[35.8461,34.2877],[35.8407,34.2858],[35.8365,34.2864]]]},"properties":{"adm3_name":"Ain Aakrine","adm2_name":"El Koura","adm1_name":"North"}},
{"type":"Feature","geometry":{"type":"Polygon","coordinates":[[[35.8605,34.3258],[35.8526,34.3276],[35.8515,34.3263],[35.8451,34.3256],[35.8435,34.3223],[35.8463,34.3172],[35.843,34.3165],[35.8422,34.3],[35.8443,34.2961],[35.8381,34.2913],[35.8355,34.2871],[35.8377,34.2873],[35.8431,34.2924],[35.8495,34.2945],[35.8514,34.2963],[35.8613,34.2989],[35.8663,34.299],[35.8669,34.3024],[35.8642,34.3065],[35.8626,34.3109],[35.8594,34.3138],[35.8611,34.3188],[35.86,34.3236],[35.8605,34.3258]]]},"properties":{"adm3_name":"Kousba","adm2_name":"El Koura","adm1_name":"North"}},
{"type":"Feature","geometry":{"type":"Polygon","coordinates":[[[35.8663,34.299],[35.8613,34.2989],[35.8514,34.2963],[35.8495,34.2945],[35.8431,34.2924],[35.8377,34.2873],[35.8355,34.2871],[35.8365,34.2864],[35.8407,34.2858],[35.8461,34.2877],[35.8507,34.287],[35.8542,34.2847],[35.8518,34.2802],[35.8554,34.2784],[35.859,34.2786],[35.8629,34.2811],[35.8714,34.2814],[35.8716,34.2869],[35.8723,34.2893],[35.8703,34.2933],[35.8714,34.2947],[35.8663,34.299]]]},"properties":{"adm3_name":"Rechdibbine","adm2_name":"El Koura","adm1_name":"North"}},
{"type":"Feature","geometry":{"type":"Polygon","coordinates":[[[35.8714,34.2814],[35.8629,34.2811],[35.859,34.2786],[35.8554,34.2784],[35.8486,34.2787],[35.8445,34.2806],[35.8419,34.28],[35.8435,34.2749],[35.8461,34.2699],[35.8523,34.2676],[35.8543,34.2651],[35.8576,34.2644],[35.8642,34.2729],[35.8689,34.2758],[35.8713,34.2786],[35.8714,34.2814]]]},"properties":{"adm3_name":"Bnehran","adm2_name":"El Koura","adm1_name":"North"}},
{"type":"Feature","geometry":{"type":"Polygon","coordinates":[[[35.8312,34.351],[35.8258,34.3472],[35.8256,34.3448],[35.8228,34.3422],[35.8268,34.339],[35.8291,34.3349],[35.8349,34.3371],[35.8364,34.3392],[35.8365,34.3445],[35.8372,34.3469],[35.8351,34.3509],[35.832,34.3521],[35.8312,34.351]]]},"properties":{"adm3_name":"Aaba","adm2_name":"El Koura","adm1_name":"North"}},
{"type":"Feature","geometry":{"type":"Polygon","coordinates":[[[35.8073,34.3514],[35.8139,34.3444],[35.8201,34.3399],[35.8228,34.3422],[35.8256,34.3448],[35.8258,34.3472],[35.8312,34.351],[35.8266,34.3533],[35.8189,34.3532],[35.8151,34.3562],[35.8127,34.3533],[35.8073,34.3514]]]},"properties":{"adm3_name":"Bdebba","adm2_name":"El Koura","adm1_name":"North"}},
{"type":"Feature","geometry":{"type":"Polygon","coordinates":[[[35.8015,34.3568],[35.7944,34.3568],[35.7916,34.3539],[35.7885,34.3545],[35.7806,34.3517],[35.7733,34.3508],[35.7627,34.3556],[35.76,34.3545],[35.7635,34.3501],[35.7669,34.3477],[35.7642,34.3453],[35.7732,34.3413],[35.7768,34.337],[35.7793,34.3359],[35.7902,34.3365],[35.7954,34.3389],[35.7987,34.3372],[35.7998,34.3435],[35.8048,34.3446],[35.8047,34.348],[35.8073,34.3514],[35.8043,34.3531],[35.8015,34.3568]]]},"properties":{"adm3_name":"Fiaa","adm2_name":"El Koura","adm1_name":"North"}},
{"type":"Feature","geometry":{"type":"Polygon","coordinates":[[[35.8116,34.2607],[35.8109,34.2608],[35.8039,34.2591],[35.7971,34.2645],[35.7911,34.2634],[35.7866,34.2667],[35.7805,34.265],[35.7757,34.2598],[35.7756,34.2557],[35.7781,34.2521],[35.7837,34.2492],[35.7943,34.2477],[35.7974,34.2489],[35.8066,34.2435],[35.8085,34.2495],[35.8117,34.2494],[35.814,34.2518],[35.8145,34.2548],[35.8116,34.2607]]]},"properties":{"adm3_name":"Majdel el-Koura","adm2_name":"El Koura","adm1_name":"North"}},
{"type":"Feature","geometry":{"type":"Polygon","coordinates":[[[35.7866,34.2667],[35.7753,34.2711],[35.7738,34.2738],[35.7713,34.2709],[35.7679,34.2698],[35.7616,34.2706],[35.7534,34.2626],[35.75,34.2654],[35.7497,34.2651],[35.7535,34.2625],[35.7574,34.2639],[35.7589,34.2646],[35.7591,34.2633],[35.763,34.2634],[35.7637,34.2605],[35.7684,34.2607],[35.7756,34.2557],[35.7757,34.2598],[35.7805,34.265],[35.7866,34.2667]]]},"properties":{"adm3_name":"Kaftoun","adm2_name":"El Koura","adm1_name":"North"}},
{"type":"Feature","geometry":{"type":"Polygon","coordinates":[[[35.7486,34.276],[35.7481,34.2747],[35.7534,34.2719],[35.751,34.2691],[35.75,34.2654],[35.7534,34.2626],[35.7616,34.2706],[35.7679,34.2698],[35.7713,34.2709],[35.7738,34.2738],[35.774,34.275],[35.7723,34.281],[35.7644,34.288],[35.7617,34.2887],[35.7545,34.2791],[35.7486,34.276]]]},"properties":{"adm3_name":"Btaaboura","adm2_name":"El Koura","adm1_name":"North"}},
{"type":"Feature","geometry":{"type":"Polygon","coordinates":[[[35.7655,34.2899],[35.76,34.2922],[35.7495,34.2929],[35.7418,34.2982],[35.7407,34.2934],[35.7352,34.2872],[35.7272,34.2889],[35.7236,34.2876],[35.725,34.2839],[35.7281,34.281],[35.7274,34.2762],[35.7311,34.2755],[35.7387,34.2763],[35.7387,34.279],[35.7421,34.281],[35.7445,34.2793],[35.7443,34.2755],[35.7486,34.276],[35.7545,34.2791],[35.7617,34.2887],[35.7644,34.288],[35.7655,34.2899]]]},"properties":{"adm3_name":"Kfar Hata El-Koura","adm2_name":"El Koura","adm1_name":"North"}},
{"type":"Feature","geometry":{"type":"Polygon","coordinates":[[[35.7486,34.276],[35.7443,34.2755],[35.7445,34.2793],[35.7421,34.281],[35.7387,34.279],[35.7387,34.2763],[35.7311,34.2755],[35.7274,34.2762],[35.7248,34.2743],[35.7299,34.2696],[35.7304,34.2663],[35.7328,34.265],[35.7403,34.264],[35.7424,34.265],[35.7464,34.2636],[35.7497,34.2651],[35.75,34.2654],[35.751,34.2691],[35.7534,34.2719],[35.7481,34.2747],[35.7486,34.276]]]},"properties":{"adm3_name":"Ijdaabrine","adm2_name":"El Koura","adm1_name":"North"}},
{"type":"Feature","geometry":{"type":"Polygon","coordinates":[[[35.8138,34.3768],[35.8093,34.3753],[35.804,34.3753],[35.7995,34.3731],[35.8007,34.368],[35.803,34.3628],[35.8034,34.3594],[35.8015,34.3568],[35.8043,34.3531],[35.8073,34.3514],[35.8127,34.3533],[35.8151,34.3562],[35.812,34.3608],[35.8162,34.3654],[35.8189,34.366],[35.8216,34.374],[35.8138,34.3768]]]},"properties":{"adm3_name":"Batroumine","adm2_name":"El Koura","adm1_name":"North"}},
{"type":"Feature","geometry":{"type":"Polygon","coordinates":[[[35.7466,34.3402],[35.7452,34.3353],[35.7474,34.3337],[35.752,34.3335],[35.7507,34.3285],[35.7587,34.3261],[35.7616,34.3269],[35.7667,34.3241],[35.7706,34.3255],[35.7734,34.3228],[35.7766,34.3222],[35.7773,34.3226],[35.7788,34.3264],[35.7764,34.3338],[35.7718,34.3358],[35.7706,34.3392],[35.7647,34.3418],[35.7545,34.343],[35.7466,34.3402]]]},"properties":{"adm3_name":"Badbhoun","adm2_name":"El Koura","adm1_name":"North"}},
{"type":"Feature","geometry":{"type":"Polygon","coordinates":[[[35.7496,34.3454],[35.746,34.345],[35.7444,34.3427],[35.7466,34.3402],[35.7545,34.343],[35.7647,34.3418],[35.7706,34.3392],[35.7718,34.3358],[35.7764,34.3338],[35.7768,34.337],[35.7732,34.3413],[35.7642,34.3453],[35.7669,34.3477],[35.7635,34.3501],[35.7603,34.3455],[35.7496,34.3454]]]},"properties":{"adm3_name":"Barghoun","adm2_name":"El Koura","adm1_name":"North"}},
{"type":"Feature","geometry":{"type":"Polygon","coordinates":[[[35.7418,34.2982],[35.7347,34.3019],[35.731,34.3015],[35.7263,34.2993],[35.7236,34.2968],[35.7254,34.2942],[35.729,34.293],[35.7272,34.2889],[35.7352,34.2872],[35.7407,34.2934],[35.7418,34.2982]]]},"properties":{"adm3_name":"Bednayel El-Koura","adm2_name":"El Koura","adm1_name":"North"}},
{"type":"Feature","geometry":{"type":"Polygon","coordinates":[[[35.8512,34.3688],[35.8447,34.3639],[35.8454,34.3621],[35.8426,34.357],[35.8429,34.3538],[35.8459,34.3435],[35.8511,34.3424],[35.8525,34.3397],[35.8553,34.3387],[35.8558,34.3434],[35.8535,34.3477],[35.8546,34.3523],[35.8557,34.3618],[35.8575,34.3649],[35.8534,34.3664],[35.8512,34.3688]]]},"properties":{"adm3_name":"Kfar Kahel","adm2_name":"El Koura","adm1_name":"North"}},
{"type":"Feature","geometry":{"type":"Polygon","coordinates":[[[35.8464,34.3749],[35.8439,34.3744],[35.8373,34.3682],[35.834,34.3658],[35.8303,34.3596],[35.8314,34.3567],[35.8302,34.3539],[35.832,34.3521],[35.8351,34.3509],[35.8372,34.3469],[35.8365,34.3445],[35.8393,34.3456],[35.8429,34.3538],[35.8426,34.357],[35.8454,34.3621],[35.8447,34.3639],[35.8512,34.3688],[35.8532,34.3769],[35.8464,34.3749]]]},"properties":{"adm3_name":"Btouratij","adm2_name":"El Koura","adm1_name":"North"}},
{"type":"Feature","geometry":{"type":"Polygon","coordinates":[[[35.7581,34.3625],[35.7584,34.3622],[35.7591,34.3591],[35.7627,34.3556],[35.7733,34.3508],[35.7806,34.3517],[35.7885,34.3545],[35.7916,34.3539],[35.7944,34.3568],[35.8015,34.3568],[35.8006,34.3608],[35.7963,34.3629],[35.7937,34.366],[35.7931,34.3694],[35.7915,34.361],[35.789,34.3587],[35.7845,34.359],[35.7808,34.3623],[35.7701,34.3705],[35.7658,34.3671],[35.762,34.3662],[35.7581,34.3625]]]},"properties":{"adm3_name":"Qalhat","adm2_name":"El Koura","adm1_name":"North"}},
{"type":"Feature","geometry":{"type":"Polygon","coordinates":[[[35.779,34.3717],[35.7764,34.3737],[35.7696,34.3724],[35.7701,34.3705],[35.7808,34.3623],[35.7845,34.359],[35.789,34.3587],[35.7915,34.361],[35.7931,34.3694],[35.7842,34.3698],[35.779,34.3717]]]},"properties":{"adm3_name":"Deir El-Balamand","adm2_name":"El Koura","adm1_name":"North"}},
{"type":"Feature","geometry":{"type":"Polygon","coordinates":[[[35.7627,34.3556],[35.7591,34.3591],[35.7584,34.3622],[35.7547,34.3596],[35.7513,34.3618],[35.7477,34.3607],[35.7449,34.3573],[35.7471,34.3552],[35.7469,34.3495],[35.7496,34.3454],[35.7603,34.3455],[35.7635,34.3501],[35.76,34.3545],[35.7627,34.3556]]]},"properties":{"adm3_name":"Zakroun","adm2_name":"El Koura","adm1_name":"North"}},
{"type":"Feature","geometry":{"type":"Polygon","coordinates":[[[35.7272,34.3111],[35.72,34.3069],[35.7166,34.303],[35.7113,34.3013],[35.7076,34.3012],[35.7057,34.2957],[35.7081,34.2929],[35.7152,34.2923],[35.7209,34.2881],[35.7236,34.2876],[35.7272,34.2889],[35.729,34.293],[35.7254,34.2942],[35.7236,34.2968],[35.7263,34.2993],[35.731,34.3015],[35.7299,34.3074],[35.7272,34.3111]]]},"properties":{"adm3_name":"Kafraya El-Koura","adm2_name":"El Koura","adm1_name":"North"}},
{"type":"Feature","geometry":{"type":"Polygon","coordinates":[[[35.8057,34.3937],[35.7985,34.3893],[35.7938,34.3841],[35.7852,34.3803],[35.7828,34.3766],[35.7781,34.373],[35.779,34.3717],[35.7842,34.3698],[35.7931,34.3694],[35.7937,34.366],[35.7963,34.3629],[35.8006,34.3608],[35.8015,34.3568],[35.8034,34.3594],[35.803,34.3628],[35.8007,34.368],[35.7995,34.3731],[35.804,34.3753],[35.8093,34.3753],[35.8138,34.3768],[35.817,34.379],[35.8205,34.3885],[35.8252,34.3927],[35.8317,34.3954],[35.8266,34.394],[35.8165,34.3963],[35.8122,34.3956],[35.8089,34.3929],[35.8057,34.3937]]]},"properties":{"adm3_name":"Deddeh","adm2_name":"El Koura","adm1_name":"North"}},
{"type":"Feature","geometry":{"type":"Polygon","coordinates":[[[35.7581,34.3625],[35.752,34.367],[35.7474,34.3659],[35.7399,34.3664],[35.7366,34.3654],[35.7344,34.3654],[35.7335,34.3614],[35.7302,34.3606],[35.7281,34.3572],[35.7303,34.3553],[35.7298,34.3515],[35.7266,34.3446],[35.7304,34.3399],[35.7277,34.3356],[35.7311,34.3396],[35.7344,34.3381],[35.738,34.3383],[35.7418,34.3422],[35.7444,34.3427],[35.746,34.345],[35.7496,34.3454],[35.7469,34.3495],[35.7471,34.3552],[35.7449,34.3573],[35.7477,34.3607],[35.7513,34.3618],[35.7547,34.3596],[35.7584,34.3622],[35.7581,34.3625]]]},"properties":{"adm3_name":"Enfeh","adm2_name":"El Koura","adm1_name":"North"}},
{"type":"Feature","geometry":{"type":"Polygon","coordinates":[[[35.7764,34.3737],[35.771,34.3802],[35.7702,34.3831],[35.7665,34.3815],[35.7516,34.379],[35.7482,34.3791],[35.7393,34.3777],[35.7358,34.3754],[35.7355,34.3679],[35.7366,34.3654],[35.7399,34.3664],[35.7474,34.3659],[35.752,34.367],[35.7581,34.3625],[35.762,34.3662],[35.7658,34.3671],[35.7701,34.3705],[35.7696,34.3724],[35.7764,34.3737]]]},"properties":{"adm3_name":"Hraiche","adm2_name":"El Koura","adm1_name":"North"}},
{"type":"Feature","geometry":{"type":"Polygon","coordinates":[[[35.8514,34.3885],[35.8477,34.3922],[35.8451,34.3973],[35.8388,34.4071],[35.83,34.4195],[35.8245,34.4185],[35.8205,34.4193],[35.8209,34.4146],[35.818,34.4095],[35.8126,34.4047],[35.7997,34.3988],[35.8019,34.3994],[35.8057,34.3937],[35.8089,34.3929],[35.8122,34.3956],[35.8165,34.3963],[35.8266,34.394],[35.8317,34.3954],[35.8351,34.3987],[35.8412,34.3939],[35.8448,34.3925],[35.8446,34.3887],[35.8425,34.3872],[35.8473,34.3841],[35.8476,34.3783],[35.8464,34.3749],[35.8532,34.3769],[35.8543,34.3778],[35.8533,34.3819],[35.8542,34.385],[35.8514,34.3885]]]},"properties":{"adm3_name":"Ras Masqa","adm2_name":"El Koura","adm1_name":"North"}},
{"type":"Feature","geometry":{"type":"Polygon","coordinates":[[[35.8425,34.3872],[35.8446,34.3887],[35.8448,34.3925],[35.8412,34.3939],[35.8351,34.3987],[35.8317,34.3954],[35.8252,34.3927],[35.8205,34.3885],[35.817,34.379],[35.8138,34.3768],[35.8216,34.374],[35.8264,34.3783],[35.8312,34.3807],[35.8373,34.3852],[35.8425,34.3872]]]},"properties":{"adm3_name":"Barsa","adm2_name":"El Koura","adm1_name":"North"}},
{"type":"Feature","geometry":{"type":"Polygon","coordinates":[[[35.8741,34.4014],[35.8716,34.4009],[35.8664,34.3922],[35.8614,34.3932],[35.8574,34.3922],[35.8514,34.3885],[35.8542,34.385],[35.8533,34.3819],[35.8543,34.3778],[35.8566,34.3775],[35.8622,34.372],[35.8646,34.3752],[35.8665,34.3841],[35.8692,34.3869],[35.8706,34.3917],[35.8695,34.394],[35.8741,34.4014]]]},"properties":{"adm3_name":"Bkeftine","adm2_name":"El Koura","adm1_name":"North"}},
{"type":"Feature","geometry":{"type":"Polygon","coordinates":[[[35.8464,34.3749],[35.8476,34.3783],[35.8473,34.3841],[35.8425,34.3872],[35.8373,34.3852],[35.8312,34.3807],[35.8264,34.3783],[35.8216,34.374],[35.8189,34.366],[35.8162,34.3654],[35.812,34.3608],[35.8151,34.3562],[35.8189,34.3532],[35.8266,34.3533],[35.8312,34.351],[35.832,34.3521],[35.8302,34.3539],[35.8314,34.3567],[35.8303,34.3596],[35.834,34.3658],[35.8373,34.3682],[35.8439,34.3744],[35.8464,34.3749]]]},"properties":{"adm3_name":"Nakhleh","adm2_name":"El Koura","adm1_name":"North"}},
{"type":"Feature","geometry":{"type":"Polygon","coordinates":[[[35.8543,34.3778],[35.8532,34.3769],[35.8512,34.3688],[35.8534,34.3664],[35.8575,34.3649],[35.8614,34.3701],[35.8622,34.372],[35.8566,34.3775],[35.8543,34.3778]]]},"properties":{"adm3_name":"Bqaiaa El-Koura","adm2_name":"El Koura","adm1_name":"North"}},
{"type":"Feature","geometry":{"type":"Polygon","coordinates":[[[35.8267,34.2612],[35.8258,34.2591],[35.8272,34.2558],[35.8324,34.2517],[35.8337,34.249],[35.8349,34.2484],[35.8428,34.249],[35.8469,34.2511],[35.856,34.2505],[35.8556,34.2523],[35.8526,34.2556],[35.8486,34.257],[35.838,34.2558],[35.8335,34.2598],[35.8267,34.2612]]]},"properties":{"adm3_name":"Zgharta El-Mtaouile","adm2_name":"El Koura","adm1_name":"North"}},
{"type":"Feature","geometry":{"type":"Polygon","coordinates":[[[35.8796,34.4005],[35.8789,34.3963],[35.8801,34.393],[35.8836,34.3913],[35.8861,34.392],[35.8891,34.394],[35.8947,34.3897],[35.895,34.3877],[35.8989,34.3878],[35.9043,34.3905],[35.9001,34.3931],[35.8987,34.3974],[35.9007,34.4],[35.8974,34.4047],[35.893,34.4042],[35.8877,34.4048],[35.8868,34.4024],[35.8796,34.4005]]]},"properties":{"adm3_name":"Zgharta","adm2_name":"Zgharta","adm1_name":"North"}},
{"type":"Feature","geometry":{"type":"Polygon","coordinates":[[[35.8846,34.4176],[35.8839,34.4152],[35.8801,34.4095],[35.8726,34.4063],[35.869,34.408],[35.8634,34.4081],[35.8616,34.4131],[35.8579,34.4161],[35.8574,34.4181],[35.8535,34.4233],[35.8557,34.4266],[35.8526,34.4239],[35.858,34.4153],[35.8637,34.4074],[35.8689,34.4063],[35.8711,34.4036],[35.8747,34.4023],[35.8787,34.4],[35.8796,34.4005],[35.8868,34.4024],[35.8877,34.4048],[35.893,34.4042],[35.8974,34.4047],[35.8957,34.4053],[35.8988,34.4117],[35.8967,34.415],[35.8908,34.4169],[35.8846,34.4176]]]},"properties":{"adm3_name":"Aardat","adm2_name":"Zgharta","adm1_name":"North"}},
{"type":"Feature","geometry":{"type":"Polygon","coordinates":[[[35.8988,34.4117],[35.8957,34.4053],[35.8974,34.4047],[35.9007,34.4],[35.8987,34.3974],[35.9001,34.3931],[35.9043,34.3905],[35.9127,34.3843],[35.9132,34.3878],[35.9153,34.3899],[35.9196,34.3891],[35.9176,34.393],[35.9184,34.3963],[35.9144,34.3981],[35.9144,34.4002],[35.9086,34.4005],[35.9061,34.4062],[35.9095,34.409],[35.9051,34.4109],[35.8988,34.4117]]]},"properties":{"adm3_name":"Kfardlaqous","adm2_name":"Zgharta","adm1_name":"North"}},
{"type":"Feature","geometry":{"type":"Polygon","coordinates":[[[35.9264,34.4085],[35.9221,34.4043],[35.9144,34.4002],[35.9144,34.3981],[35.9184,34.3963],[35.9176,34.393],[35.9196,34.3891],[35.9196,34.3889],[35.9239,34.3881],[35.9257,34.3932],[35.9242,34.3976],[35.9275,34.3993],[35.9318,34.3988],[35.9398,34.4035],[35.9368,34.4077],[35.9296,34.409],[35.9264,34.4085]]]},"properties":{"adm3_name":"Rachaaine","adm2_name":"Zgharta","adm1_name":"North"}},
{"type":"Feature","geometry":{"type":"Polygon","coordinates":[[[35.895,34.3877],[35.8947,34.3897],[35.8927,34.3881],[35.8945,34.3834],[35.8921,34.3786],[35.8887,34.3781],[35.8886,34.3778],[35.8929,34.377],[35.8963,34.379],[35.8962,34.3866],[35.895,34.3877]]]},"properties":{"adm3_name":"Qarah Bach","adm2_name":"Zgharta","adm1_name":"North"}},
{"type":"Feature","geometry":{"type":"Polygon","coordinates":[[[35.9043,34.3905],[35.8989,34.3878],[35.895,34.3877],[35.8962,34.3866],[35.8963,34.379],[35.8961,34.373],[35.9019,34.373],[35.9043,34.3714],[35.9032,34.3745],[35.9072,34.3753],[35.909,34.378],[35.9127,34.3843],[35.9043,34.3905]]]},"properties":{"adm3_name":"Kfarhata Zgharta","adm2_name":"Zgharta","adm1_name":"North"}},
{"type":"Feature","geometry":{"type":"Polygon","coordinates":[[[35.9281,34.4327],[35.9238,34.4287],[35.9222,34.4332],[35.9149,34.4341],[35.9113,34.4301],[35.9084,34.4214],[35.9087,34.4179],[35.9061,34.416],[35.9051,34.4109],[35.9095,34.409],[35.9061,34.4062],[35.9086,34.4005],[35.9144,34.4002],[35.9221,34.4043],[35.9264,34.4085],[35.9286,34.4125],[35.9259,34.4133],[35.9259,34.4173],[35.9283,34.4177],[35.9264,34.4231],[35.9288,34.4261],[35.9287,34.4298],[35.9281,34.4327]]]},"properties":{"adm3_name":"Arde","adm2_name":"Zgharta","adm1_name":"North"}},
{"type":"Feature","geometry":{"type":"Polygon","coordinates":[[[35.8947,34.3897],[35.8891,34.394],[35.8861,34.392],[35.8864,34.3849],[35.8889,34.3807],[35.8887,34.3781],[35.8921,34.3786],[35.8945,34.3834],[35.8927,34.3881],[35.8947,34.3897]]]},"properties":{"adm3_name":"Asnoun","adm2_name":"Zgharta","adm1_name":"North"}},
{"type":"Feature","geometry":{"type":"Polygon","coordinates":[[[35.8861,34.392],[35.8836,34.3913],[35.8801,34.393],[35.8787,34.3879],[35.876,34.3882],[35.8771,34.3808],[35.8804,34.3782],[35.883,34.3783],[35.8864,34.3849],[35.8861,34.392]]]},"properties":{"adm3_name":"Mazraat Ajbeaa","adm2_name":"Zgharta","adm1_name":"North"}},
{"type":"Feature","geometry":{"type":"Polygon","coordinates":[[[35.892,34.4545],[35.8889,34.4517],[35.8757,34.444],[35.8732,34.4416],[35.873,34.4364],[35.8697,34.4352],[35.8649,34.4354],[35.8609,34.433],[35.8613,34.4299],[35.8557,34.4266],[35.8535,34.4233],[35.8574,34.4181],[35.8579,34.4161],[35.8616,34.4131],[35.8634,34.4081],[35.869,34.408],[35.8726,34.4063],[35.8801,34.4095],[35.8839,34.4152],[35.8846,34.4176],[35.8884,34.4238],[35.8837,34.4282],[35.8903,34.431],[35.8919,34.4379],[35.8937,34.4409],[35.8994,34.4411],[35.9011,34.4428],[35.9021,34.4481],[35.8959,34.4493],[35.8931,34.4513],[35.892,34.4545]]]},"properties":{"adm3_name":"Mejdlaiya Zgharta","adm2_name":"Zgharta","adm1_name":"North"}},
{"type":"Feature","geometry":{"type":"Polygon","coordinates":[[[35.9196,34.3889],[35.9196,34.3891],[35.9153,34.3899],[35.9132,34.3878],[35.9127,34.3843],[35.909,34.378],[35.9195,34.3719],[35.919,34.3704],[35.923,34.3713],[35.9233,34.3744],[35.9197,34.3765],[35.923,34.3793],[35.9196,34.3889]]]},"properties":{"adm3_name":"Hariq Zgharta","adm2_name":"Zgharta","adm1_name":"North"}},
{"type":"Feature","geometry":{"type":"Polygon","coordinates":[[[35.9011,34.4428],[35.8994,34.4411],[35.8937,34.4409],[35.8919,34.4379],[35.8903,34.431],[35.8837,34.4282],[35.8884,34.4238],[35.8846,34.4176],[35.8908,34.4169],[35.8967,34.415],[35.8988,34.4117],[35.9051,34.4109],[35.9061,34.416],[35.9087,34.4179],[35.9084,34.4214],[35.9113,34.4301],[35.9149,34.4341],[35.916,34.438],[35.9132,34.4416],[35.9098,34.4425],[35.9011,34.4428]]]},"properties":{"adm3_name":"Aalma","adm2_name":"Zgharta","adm1_name":"North"}},
{"type":"Feature","geometry":{"type":"Polygon","coordinates":[[[35.8963,34.379],[35.8929,34.377],[35.8886,34.3778],[35.8885,34.3731],[35.8961,34.373],[35.8963,34.379]]]},"properties":{"adm3_name":"Mazraat Jnaid","adm2_name":"Zgharta","adm1_name":"North"}},
{"type":"Feature","geometry":{"type":"Polygon","coordinates":[[[35.8961,34.373],[35.8885,34.3731],[35.8892,34.3672],[35.8851,34.3624],[35.8819,34.3606],[35.8788,34.3545],[35.8864,34.3536],[35.8901,34.3529],[35.8934,34.357],[35.8934,34.3604],[35.8968,34.3601],[35.8993,34.3666],[35.9008,34.3671],[35.9013,34.3679],[35.9043,34.3714],[35.9019,34.373],[35.8961,34.373]]]},"properties":{"adm3_name":"Deir Jdeide","adm2_name":"Zgharta","adm1_name":"North"}},
{"type":"Feature","geometry":{"type":"Polygon","coordinates":[[[35.909,34.378],[35.9072,34.3753],[35.9032,34.3745],[35.9043,34.3714],[35.9113,34.3671],[35.9152,34.3623],[35.914,34.3642],[35.919,34.3704],[35.9195,34.3719],[35.909,34.378]]]},"properties":{"adm3_name":"Khaldiyeh","adm2_name":"Zgharta","adm1_name":"North"}},
{"type":"Feature","geometry":{"type":"Polygon","coordinates":[[[35.9043,34.3714],[35.9013,34.3679],[35.9026,34.367],[35.904,34.3614],[35.9074,34.3562],[35.9104,34.3534],[35.9102,34.3456],[35.9158,34.3404],[35.9222,34.3428],[35.9175,34.3454],[35.9187,34.3467],[35.9196,34.3545],[35.9221,34.3569],[35.9152,34.3623],[35.9113,34.3671],[35.9043,34.3714]]]},"properties":{"adm3_name":"Iaal","adm2_name":"Zgharta","adm1_name":"North"}},
{"type":"Feature","geometry":{"type":"Polygon","coordinates":[[[35.8747,34.4023],[35.8741,34.4014],[35.8695,34.394],[35.8706,34.3917],[35.8692,34.3869],[35.8665,34.3841],[35.8646,34.3752],[35.8622,34.372],[35.8614,34.3701],[35.868,34.3706],[35.869,34.3682],[35.8738,34.3688],[35.8768,34.3714],[35.8783,34.3766],[35.8804,34.3782],[35.8771,34.3808],[35.876,34.3882],[35.8749,34.3957],[35.8786,34.3978],[35.8787,34.4],[35.8747,34.4023]]]},"properties":{"adm3_name":"Kfarhoura","adm2_name":"Zgharta","adm1_name":"North"}},
{"type":"Feature","geometry":{"type":"Polygon","coordinates":[[[35.8864,34.3849],[35.883,34.3783],[35.8804,34.3782],[35.8783,34.3766],[35.8768,34.3714],[35.8738,34.3688],[35.869,34.3682],[35.8735,34.3663],[35.8733,34.3615],[35.8819,34.3606],[35.8851,34.3624],[35.8892,34.3672],[35.8885,34.3731],[35.8886,34.3778],[35.8887,34.3781],[35.8889,34.3807],[35.8864,34.3849]]]},"properties":{"adm3_name":"Kfarzaina","adm2_name":"Zgharta","adm1_name":"North"}},
{"type":"Feature","geometry":{"type":"Polygon","coordinates":[[[35.869,34.3682],[35.868,34.3706],[35.8614,34.3701],[35.8575,34.3649],[35.8557,34.3618],[35.8546,34.3523],[35.8616,34.3533],[35.8699,34.3514],[35.8733,34.3533],[35.8741,34.3565],[35.8713,34.3578],[35.8702,34.3615],[35.8733,34.3615],[35.8735,34.3663],[35.869,34.3682]]]},"properties":{"adm3_name":"Kfarchakhna","adm2_name":"Zgharta","adm1_name":"North"}},
{"type":"Feature","geometry":{"type":"Polygon","coordinates":[[[35.8819,34.3606],[35.8733,34.3615],[35.8702,34.3615],[35.8713,34.3578],[35.8741,34.3565],[35.8733,34.3533],[35.8699,34.3514],[35.8701,34.3464],[35.8742,34.3453],[35.8774,34.3483],[35.8843,34.3482],[35.8864,34.3536],[35.8788,34.3545],[35.8819,34.3606]]]},"properties":{"adm3_name":"Bsebaal","adm2_name":"Zgharta","adm1_name":"North"}},
{"type":"Feature","geometry":{"type":"Polygon","coordinates":[[[35.923,34.3713],[35.919,34.3704],[35.914,34.3642],[35.9152,34.3623],[35.9221,34.3569],[35.9238,34.3555],[35.929,34.3556],[35.9277,34.3586],[35.928,34.3602],[35.9306,34.3651],[35.9274,34.3687],[35.923,34.3713]]]},"properties":{"adm3_name":"Sakhra","adm2_name":"Zgharta","adm1_name":"North"}},
{"type":"Feature","geometry":{"type":"Polygon","coordinates":[[[35.9274,34.3687],[35.9306,34.3651],[35.928,34.3602],[35.9362,34.3645],[35.9344,34.3678],[35.9274,34.3687]]]},"properties":{"adm3_name":"Houakir","adm2_name":"Zgharta","adm1_name":"North"}},
{"type":"Feature","geometry":{"type":"Polygon","coordinates":[[[35.9008,34.3671],[35.8993,34.3666],[35.8968,34.3601],[35.8934,34.3604],[35.8934,34.357],[35.8901,34.3529],[35.8864,34.3536],[35.8843,34.3482],[35.883,34.3456],[35.888,34.344],[35.8887,34.3464],[35.8921,34.348],[35.8942,34.3441],[35.901,34.3467],[35.8983,34.35],[35.9014,34.3606],[35.9023,34.3654],[35.9008,34.3671]]]},"properties":{"adm3_name":"Kfaryachit","adm2_name":"Zgharta","adm1_name":"North"}},
{"type":"Feature","geometry":{"type":"Polygon","coordinates":[[[35.9013,34.3679],[35.9008,34.3671],[35.9023,34.3654],[35.9014,34.3606],[35.8983,34.35],[35.901,34.3467],[35.9031,34.3431],[35.9015,34.3379],[35.9018,34.3327],[35.9084,34.3336],[35.9158,34.3404],[35.9102,34.3456],[35.9104,34.3534],[35.9074,34.3562],[35.904,34.3614],[35.9026,34.367],[35.9013,34.3679]]]},"properties":{"adm3_name":"Morh Kfarsghab","adm2_name":"Zgharta","adm1_name":"North"}},
{"type":"Feature","geometry":{"type":"Polygon","coordinates":[[[35.8699,34.3514],[35.8616,34.3533],[35.8546,34.3523],[35.8535,34.3477],[35.8558,34.3434],[35.8553,34.3387],[35.867,34.338],[35.866,34.3405],[35.8677,34.3451],[35.8745,34.3442],[35.8742,34.3453],[35.8701,34.3464],[35.8699,34.3514]]]},"properties":{"adm3_name":"Bchannine","adm2_name":"Zgharta","adm1_name":"North"}},
{"type":"Feature","geometry":{"type":"Polygon","coordinates":[[[35.901,34.3467],[35.8942,34.3441],[35.8921,34.348],[35.8887,34.3464],[35.888,34.344],[35.8849,34.3373],[35.8868,34.3339],[35.8862,34.3287],[35.8875,34.3216],[35.8926,34.3173],[35.8931,34.3195],[35.8974,34.323],[35.9044,34.3255],[35.9113,34.3256],[35.91,34.3284],[35.9048,34.3296],[35.9018,34.3327],[35.9015,34.3379],[35.9031,34.3431],[35.901,34.3467]]]},"properties":{"adm3_name":"Bnechaai","adm2_name":"Zgharta","adm1_name":"North"}},
{"type":"Feature","geometry":{"type":"Polygon","coordinates":[[[35.8843,34.3482],[35.8774,34.3483],[35.8742,34.3453],[35.8745,34.3442],[35.8736,34.3411],[35.8745,34.3345],[35.8786,34.3314],[35.8772,34.3265],[35.8796,34.3281],[35.8823,34.3256],[35.8862,34.3287],[35.8868,34.3339],[35.8849,34.3373],[35.888,34.344],[35.883,34.3456],[35.8843,34.3482]]]},"properties":{"adm3_name":"Aarjis","adm2_name":"Zgharta","adm1_name":"North"}},
{"type":"Feature","geometry":{"type":"Polygon","coordinates":[[[35.8745,34.3442],[35.8677,34.3451],[35.866,34.3405],[35.867,34.338],[35.8553,34.3387],[35.8602,34.3307],[35.8605,34.3258],[35.86,34.3236],[35.8662,34.3231],[35.867,34.325],[35.872,34.3255],[35.8754,34.3241],[35.8772,34.3265],[35.8786,34.3314],[35.8745,34.3345],[35.8736,34.3411],[35.8745,34.3442]]]},"properties":{"adm3_name":"Daraiya Zgharta","adm2_name":"Zgharta","adm1_name":"North"}},
{"type":"Feature","geometry":{"type":"Polygon","coordinates":[[[35.8862,34.3287],[35.8823,34.3256],[35.8796,34.3281],[35.8772,34.3265],[35.8754,34.3241],[35.874,34.319],[35.8769,34.315],[35.8861,34.3153],[35.8875,34.3216],[35.8862,34.3287]]]},"properties":{"adm3_name":"Kfarfou","adm2_name":"Zgharta","adm1_name":"North"}},
{"type":"Feature","geometry":{"type":"Polygon","coordinates":[[[35.8754,34.3241],[35.872,34.3255],[35.867,34.325],[35.8662,34.3231],[35.86,34.3236],[35.8611,34.3188],[35.8594,34.3138],[35.8626,34.3109],[35.8642,34.3065],[35.8686,34.3046],[35.8706,34.3065],[35.8781,34.3087],[35.8822,34.3107],[35.8769,34.315],[35.874,34.319],[35.8754,34.3241]]]},"properties":{"adm3_name":"Ras Kifa","adm2_name":"Zgharta","adm1_name":"North"}},
{"type":"Feature","geometry":{"type":"Polygon","coordinates":[[[35.8926,34.3173],[35.8875,34.3216],[35.8861,34.3153],[35.8769,34.315],[35.8822,34.3107],[35.8781,34.3087],[35.8706,34.3065],[35.8686,34.3046],[35.8642,34.3065],[35.8669,34.3024],[35.8663,34.299],[35.8714,34.2947],[35.8808,34.2949],[35.8819,34.2911],[35.8849,34.2886],[35.8864,34.2887],[35.8947,34.291],[35.9006,34.2959],[35.901,34.2994],[35.9058,34.2997],[35.9023,34.3042],[35.9042,34.3095],[35.9024,34.3113],[35.896,34.3133],[35.8926,34.3173]]]},"properties":{"adm3_name":"Karm Saddeh","adm2_name":"Zgharta","adm1_name":"North"}},
{"type":"Feature","geometry":{"type":"Polygon","coordinates":[[[35.8796,34.4005],[35.8787,34.4],[35.8786,34.3978],[35.8749,34.3957],[35.876,34.3882],[35.8787,34.3879],[35.8801,34.393],[35.8789,34.3963],[35.8796,34.4005]]]},"properties":{"adm3_name":"Tallet Zgharta","adm2_name":"Zgharta","adm1_name":"North"}},
{"type":"Feature","geometry":{"type":"Polygon","coordinates":[[[35.9785,34.3106],[35.9761,34.3068],[35.9689,34.3023],[35.9641,34.3017],[35.959,34.3038],[35.9591,34.3066],[35.9543,34.3024],[35.9502,34.3012],[35.9445,34.3052],[35.9396,34.3062],[35.9414,34.3014],[35.9409,34.2989],[35.9386,34.2987],[35.9352,34.2944],[35.937,34.2952],[35.9449,34.2943],[35.9448,34.2914],[35.9498,34.2876],[35.9583,34.2864],[35.9636,34.2869],[35.9626,34.2838],[35.9682,34.2834],[35.9705,34.2815],[35.9712,34.2779],[35.9843,34.2721],[35.9887,34.2719],[35.9922,34.2692],[35.9908,34.2653],[35.9966,34.2674],[35.9986,34.2697],[36.0037,34.2692],[36.0072,34.2703],[36.0138,34.2765],[36.0257,34.2784],[36.0284,34.2796],[36.0339,34.28],[36.0274,34.2934],[36.0238,34.2974],[36.0176,34.2934],[36.0149,34.2934],[36.0129,34.2968],[36.0085,34.2981],[36.004,34.3061],[35.9987,34.3097],[35.9967,34.3133],[35.9947,34.3134],[35.9887,34.3169],[35.9797,34.3174],[35.9785,34.3106]]]},"properties":{"adm3_name":"Ehden","adm2_name":"Zgharta","adm1_name":"North"}},
{"type":"Feature","geometry":{"type":"Polygon","coordinates":[[[35.9615,34.3102],[35.9591,34.3066],[35.959,34.3038],[35.9641,34.3017],[35.9689,34.3023],[35.9761,34.3068],[35.9785,34.3106],[35.9781,34.3127],[35.9722,34.3144],[35.9615,34.3102]]]},"properties":{"adm3_name":"Beslouqit","adm2_name":"Zgharta","adm1_name":"North"}},
{"type":"Feature","geometry":{"type":"Polygon","coordinates":[[[35.9626,34.2838],[35.9636,34.2869],[35.9583,34.2864],[35.9498,34.2876],[35.9448,34.2914],[35.9449,34.2943],[35.937,34.2952],[35.9352,34.2944],[35.9338,34.2928],[35.9388,34.2883],[35.9446,34.2863],[35.9458,34.2842],[35.9502,34.2829],[35.9532,34.2837],[35.9574,34.2817],[35.9626,34.2838]]]},"properties":{"adm3_name":"Aintourine","adm2_name":"Zgharta","adm1_name":"North"}},
{"type":"Feature","geometry":{"type":"Polygon","coordinates":[[[35.9626,34.2838],[35.9574,34.2817],[35.9534,34.2806],[35.9563,34.2803],[35.9599,34.2775],[35.9599,34.2744],[35.966,34.2755],[35.9684,34.273],[35.9732,34.2705],[35.9812,34.2693],[35.9857,34.2702],[35.9897,34.2685],[35.9922,34.2692],[35.9887,34.2719],[35.9843,34.2721],[35.9712,34.2779],[35.9705,34.2815],[35.9682,34.2834],[35.9626,34.2838]]]},"properties":{"adm3_name":"Kfarsghab","adm2_name":"Zgharta","adm1_name":"North"}},
{"type":"Feature","geometry":{"type":"Polygon","coordinates":[[[35.9154,34.2955],[35.9211,34.2907],[35.9202,34.2884],[35.9252,34.2863],[35.92,34.2845],[35.9196,34.2802],[35.9236,34.2775],[35.927,34.278],[35.9313,34.2786],[35.9357,34.2696],[35.9369,34.2653],[35.9407,34.2661],[35.9496,34.2686],[35.9534,34.2681],[35.9482,34.2722],[35.9503,34.276],[35.9485,34.2783],[35.9534,34.2806],[35.9574,34.2817],[35.9532,34.2837],[35.9502,34.2829],[35.9458,34.2842],[35.9446,34.2863],[35.9388,34.2883],[35.9338,34.2928],[35.9352,34.2944],[35.9386,34.2987],[35.9409,34.2989],[35.9377,34.3012],[35.9299,34.2984],[35.9224,34.2964],[35.9154,34.2955]]]},"properties":{"adm3_name":"Aarbet Qozhaiya","adm2_name":"Zgharta","adm1_name":"North"}},
{"type":"Feature","geometry":{"type":"Polygon","coordinates":[[[35.9547,34.3342],[35.9496,34.3327],[35.9457,34.3332],[35.945,34.3304],[35.9478,34.3296],[35.9592,34.3212],[35.9611,34.317],[35.9606,34.3138],[35.9615,34.3102],[35.9722,34.3144],[35.9781,34.3127],[35.9785,34.3106],[35.9797,34.3174],[35.9887,34.3169],[35.9826,34.3192],[35.9796,34.3236],[35.9755,34.3253],[35.9743,34.3228],[35.9698,34.3205],[35.9652,34.3274],[35.9707,34.3274],[35.9693,34.3275],[35.9671,34.3301],[35.962,34.3333],[35.957,34.333],[35.9549,34.3342],[35.9547,34.3342]]]},"properties":{"adm3_name":"Toula Zgharta","adm2_name":"Zgharta","adm1_name":"North"}},
{"type":"Feature","geometry":{"type":"Polygon","coordinates":[[[35.9345,34.3201],[35.936,34.3143],[35.9386,34.3134],[35.945,34.3144],[35.9502,34.3101],[35.9528,34.3116],[35.9606,34.3138],[35.9611,34.317],[35.9592,34.3212],[35.9478,34.3296],[35.945,34.3304],[35.9393,34.3277],[35.9421,34.3232],[35.9366,34.3187],[35.9345,34.3201]]]},"properties":{"adm3_name":"Mazraat Et-Teffah","adm2_name":"Zgharta","adm1_name":"North"}},
{"type":"Feature","geometry":{"type":"Polygon","coordinates":[[[35.9707,34.3274],[35.9652,34.3274],[35.9698,34.3205],[35.9743,34.3228],[35.9755,34.3253],[35.9707,34.3274]]]},"properties":{"adm3_name":"Bhairet Toula","adm2_name":"Zgharta","adm1_name":"North"}},
{"type":"Feature","geometry":{"type":"Polygon","coordinates":[[[35.9334,34.3207],[35.9316,34.3229],[35.9239,34.3266],[35.9184,34.3272],[35.9139,34.3296],[35.91,34.3284],[35.9113,34.3256],[35.9174,34.3203],[35.9162,34.3167],[35.9171,34.3137],[35.9103,34.3113],[35.9062,34.3111],[35.9042,34.3095],[35.9023,34.3042],[35.9058,34.2997],[35.9152,34.2983],[35.9154,34.2955],[35.9224,34.2964],[35.9299,34.2984],[35.9377,34.3012],[35.9409,34.2989],[35.9414,34.3014],[35.9396,34.3062],[35.9365,34.3103],[35.9322,34.3122],[35.9276,34.3166],[35.9284,34.3207],[35.9334,34.3207]]]},"properties":{"adm3_name":"Ayto","adm2_name":"Zgharta","adm1_name":"North"}},
{"type":"Feature","geometry":{"type":"Polygon","coordinates":[[[35.929,34.3556],[35.9238,34.3555],[35.9221,34.3569],[35.9196,34.3545],[35.9187,34.3467],[35.9175,34.3454],[35.9222,34.3428],[35.9158,34.3404],[35.9084,34.3336],[35.9018,34.3327],[35.9048,34.3296],[35.91,34.3284],[35.9139,34.3296],[35.9184,34.3272],[35.9239,34.3266],[35.9316,34.3229],[35.9334,34.3207],[35.9345,34.3201],[35.9366,34.3187],[35.9421,34.3232],[35.9393,34.3277],[35.945,34.3304],[35.9457,34.3332],[35.9496,34.3327],[35.9547,34.3342],[35.9513,34.3422],[35.9431,34.3476],[35.9412,34.3499],[35.936,34.3509],[35.9319,34.3545],[35.929,34.3556]]]},"properties":{"adm3_name":"Miziara","adm2_name":"Zgharta","adm1_name":"North"}},
{"type":"Feature","geometry":{"type":"Polygon","coordinates":[[[35.9058,34.2997],[35.901,34.2994],[35.9006,34.2959],[35.8947,34.291],[35.8864,34.2887],[35.8919,34.2875],[35.8968,34.2888],[35.9014,34.2884],[35.9056,34.2856],[35.9119,34.2841],[35.92,34.2845],[35.9252,34.2863],[35.9202,34.2884],[35.9211,34.2907],[35.9154,34.2955],[35.9152,34.2983],[35.9058,34.2997]]]},"properties":{"adm3_name":"Seraal","adm2_name":"Zgharta","adm1_name":"North"}},
{"type":"Feature","geometry":{"type":"Polygon","coordinates":[[[35.9113,34.3256],[35.9044,34.3255],[35.8974,34.323],[35.8931,34.3195],[35.8926,34.3173],[35.896,34.3133],[35.9024,34.3113],[35.9042,34.3095],[35.9062,34.3111],[35.9103,34.3113],[35.9171,34.3137],[35.9162,34.3167],[35.9174,34.3203],[35.9113,34.3256]]]},"properties":{"adm3_name":"Sebaal Zgharta","adm2_name":"Zgharta","adm1_name":"North"}},
{"type":"Feature","geometry":{"type":"Polygon","coordinates":[[[35.9398,34.4035],[35.9318,34.3988],[35.9275,34.3993],[35.9242,34.3976],[35.9257,34.3932],[35.9295,34.3904],[35.9317,34.3848],[35.9342,34.3847],[35.9384,34.3904],[35.9453,34.3939],[35.9512,34.397],[35.9538,34.3994],[35.9488,34.4041],[35.9426,34.405],[35.9398,34.4035]]]},"properties":{"adm3_name":"Danha","adm2_name":"Zgharta","adm1_name":"North"}},
{"type":"Feature","geometry":{"type":"Polygon","coordinates":[[[35.9397,34.434],[35.94,34.4323],[35.9356,34.4294],[35.9335,34.4301],[35.9316,34.4338],[35.9281,34.4327],[35.9287,34.4298],[35.9326,34.4276],[35.9344,34.4207],[35.9344,34.4161],[35.9295,34.4123],[35.9296,34.409],[35.9368,34.4077],[35.9398,34.4035],[35.9426,34.405],[35.948,34.4102],[35.9514,34.4146],[35.9474,34.4189],[35.9477,34.4227],[35.9478,34.4279],[35.946,34.4293],[35.9446,34.4334],[35.9421,34.4355],[35.9397,34.434]]]},"properties":{"adm3_name":"Aachach","adm2_name":"Zgharta","adm1_name":"North"}},
{"type":"Feature","geometry":{"type":"Polygon","coordinates":[[[35.9296,34.409],[35.9295,34.4123],[35.9344,34.4161],[35.9344,34.4207],[35.9326,34.4276],[35.9287,34.4298],[35.9288,34.4261],[35.9264,34.4231],[35.9283,34.4177],[35.9259,34.4173],[35.9259,34.4133],[35.9286,34.4125],[35.9264,34.4085],[35.9296,34.409]]]},"properties":{"adm3_name":"Miriata","adm2_name":"Zgharta","adm1_name":"North"}},
{"type":"Feature","geometry":{"type":"Polygon","coordinates":[[[35.9567,34.4423],[35.9491,34.4404],[35.9446,34.4334],[35.946,34.4293],[35.9478,34.4279],[35.9477,34.4227],[35.9522,34.4219],[35.9576,34.4237],[35.9603,34.4226],[35.9655,34.4233],[35.9714,34.4255],[35.976,34.4279],[35.974,34.434],[35.9784,34.4361],[35.9747,34.4382],[35.9682,34.4392],[35.9567,34.4423]]]},"properties":{"adm3_name":"Hailan","adm2_name":"Zgharta","adm1_name":"North"}},
{"type":"Feature","geometry":{"type":"Polygon","coordinates":[[[35.9021,34.4481],[35.9011,34.4428],[35.9098,34.4425],[35.9132,34.4416],[35.916,34.438],[35.9149,34.4341],[35.9222,34.4332],[35.9238,34.4287],[35.9281,34.4327],[35.9316,34.4338],[35.9335,34.4301],[35.9356,34.4294],[35.94,34.4323],[35.9397,34.434],[35.9372,34.4414],[35.9377,34.4433],[35.9341,34.4511],[35.9348,34.4528],[35.9325,34.452],[35.9292,34.4483],[35.9258,34.4492],[35.9222,34.4492],[35.9183,34.4476],[35.9084,34.448],[35.9044,34.449],[35.9021,34.4481]]]},"properties":{"adm3_name":"Boussit","adm2_name":"Zgharta","adm1_name":"North"}},
{"type":"Feature","geometry":{"type":"Polygon","coordinates":[[[35.9567,34.4549],[35.9506,34.4514],[35.9523,34.4494],[35.9513,34.4459],[35.9567,34.4423],[35.9682,34.4392],[35.9747,34.4382],[35.9757,34.4409],[35.9803,34.4446],[35.9773,34.4506],[35.9703,34.4514],[35.9644,34.4503],[35.9567,34.4549]]]},"properties":{"adm3_name":"Mzraat Kefraya","adm2_name":"Zgharta","adm1_name":"North"}},
{"type":"Feature","geometry":{"type":"Polygon","coordinates":[[[35.9236,34.4562],[35.9269,34.4502],[35.9258,34.4492],[35.9292,34.4483],[35.9325,34.452],[35.9348,34.4528],[35.9407,34.4537],[35.9302,34.4573],[35.9236,34.4562]]]},"properties":{"adm3_name":"Hraiqis","adm2_name":"Zgharta","adm1_name":"North"}},
{"type":"Feature","geometry":{"type":"Polygon","coordinates":[[[35.9345,34.3201],[35.9334,34.3207],[35.9284,34.3207],[35.9276,34.3166],[35.9322,34.3122],[35.9365,34.3103],[35.9396,34.3062],[35.9445,34.3052],[35.9502,34.3012],[35.9543,34.3024],[35.9591,34.3066],[35.9615,34.3102],[35.9606,34.3138],[35.9528,34.3116],[35.9502,34.3101],[35.945,34.3144],[35.9386,34.3134],[35.936,34.3143],[35.9345,34.3201]]]},"properties":{"adm3_name":"Ijbaa","adm2_name":"Zgharta","adm1_name":"North"}},
{"type":"Feature","geometry":{"type":"Polygon","coordinates":[[[35.7591,34.2633],[35.7589,34.2646],[35.7574,34.2639],[35.7591,34.2633]]]},"properties":{"adm3_name":"Litige","adm2_name":"El Batroun","adm1_name":"North"}},
{"type":"Feature","geometry":{"type":"Polygon","coordinates":[[[35.7494,34.2395],[35.7493,34.2407],[35.7491,34.2402],[35.7494,34.2395]]]},"properties":{"adm3_name":"Litige","adm2_name":"El Batroun","adm1_name":"North"}},
{"type":"Feature","geometry":{"type":"Polygon","coordinates":[[[35.6885,34.2741],[35.6873,34.2747],[35.6829,34.2727],[35.6752,34.2696],[35.6657,34.269],[35.6615,34.2677],[35.6577,34.2678],[35.6586,34.2661],[35.657,34.2585],[35.6557,34.2557],[35.6562,34.2505],[35.6606,34.2447],[35.6599,34.2419],[35.6691,34.2433],[35.6712,34.241],[35.6797,34.2406],[35.6748,34.2422],[35.6742,34.2432],[35.6662,34.245],[35.6672,34.247],[35.6731,34.2493],[35.6775,34.2492],[35.6794,34.2516],[35.6771,34.2534],[35.6795,34.2566],[35.6736,34.2588],[35.6733,34.2622],[35.6752,34.2656],[35.6791,34.27],[35.6853,34.2734],[35.6885,34.2741]]]},"properties":{"adm3_name":"Batroun","adm2_name":"El Batroun","adm1_name":"North"}},
{"type":"Feature","geometry":{"type":"Polygon","coordinates":[[[35.6606,34.2177],[35.6713,34.2101],[35.6759,34.2107],[35.6777,34.2134],[35.681,34.2143],[35.6792,34.2174],[35.6724,34.2186],[35.6697,34.2181],[35.6622,34.2218],[35.6606,34.2177]]]},"properties":{"adm3_name":"Rachana","adm2_name":"El Batroun","adm1_name":"North"}},
{"type":"Feature","geometry":{"type":"Polygon","coordinates":[[[35.6535,34.2203],[35.65,34.2162],[35.648,34.2107],[35.6524,34.2093],[35.6622,34.209],[35.6657,34.2098],[35.6688,34.2087],[35.6713,34.2101],[35.6606,34.2177],[35.6535,34.2203]]]},"properties":{"adm3_name":"Thoum","adm2_name":"El Batroun","adm1_name":"North"}},
{"type":"Feature","geometry":{"type":"Polygon","coordinates":[[[35.6691,34.2433],[35.6599,34.2419],[35.6554,34.2336],[35.6556,34.2286],[35.6535,34.2203],[35.6606,34.2177],[35.6622,34.2218],[35.6681,34.2231],[35.6738,34.2222],[35.6731,34.2266],[35.6778,34.2291],[35.6759,34.2316],[35.6683,34.236],[35.6701,34.2391],[35.6691,34.2433]]]},"properties":{"adm3_name":"Kfar Aabida","adm2_name":"El Batroun","adm1_name":"North"}},
{"type":"Feature","geometry":{"type":"Polygon","coordinates":[[[35.6827,34.2729],[35.6812,34.2744],[35.6662,34.2737],[35.6613,34.2738],[35.66,34.2723],[35.6536,34.2721],[35.6558,34.2721],[35.6577,34.2678],[35.6615,34.2677],[35.6657,34.269],[35.6752,34.2696],[35.6829,34.2727],[35.6827,34.2729]]]},"properties":{"adm3_name":"Koubba","adm2_name":"El Batroun","adm1_name":"North"}},
{"type":"Feature","geometry":{"type":"Polygon","coordinates":[[[35.6735,34.2915],[35.6724,34.2938],[35.6695,34.2931],[35.666,34.2866],[35.659,34.2843],[35.6524,34.2735],[35.6536,34.2721],[35.66,34.2723],[35.6613,34.2738],[35.6662,34.2737],[35.6695,34.2827],[35.6688,34.2853],[35.6735,34.2915]]]},"properties":{"adm3_name":"Selaata","adm2_name":"El Batroun","adm1_name":"North"}},
{"type":"Feature","geometry":{"type":"Polygon","coordinates":[[[35.7272,34.3111],[35.7254,34.3167],[35.7207,34.3165],[35.718,34.313],[35.7112,34.3073],[35.7081,34.3054],[35.7018,34.3053],[35.7067,34.303],[35.7076,34.3012],[35.7113,34.3013],[35.7166,34.303],[35.72,34.3069],[35.7272,34.3111]]]},"properties":{"adm3_name":"Heri","adm2_name":"El Batroun","adm1_name":"North"}},
{"type":"Feature","geometry":{"type":"Polygon","coordinates":[[[35.7466,34.3402],[35.7444,34.3427],[35.7418,34.3422],[35.738,34.3383],[35.7344,34.3381],[35.7311,34.3396],[35.7277,34.3356],[35.7249,34.334],[35.7257,34.3299],[35.7213,34.3262],[35.7233,34.3235],[35.7207,34.3165],[35.7254,34.3167],[35.7272,34.3111],[35.7299,34.3074],[35.7351,34.306],[35.7367,34.309],[35.736,34.3133],[35.7331,34.3158],[35.7352,34.3173],[35.74,34.3164],[35.7508,34.3125],[35.7538,34.313],[35.7538,34.3158],[35.7576,34.3189],[35.7639,34.3187],[35.7604,34.3249],[35.7587,34.3261],[35.7507,34.3285],[35.752,34.3335],[35.7474,34.3337],[35.7452,34.3353],[35.7466,34.3402]]]},"properties":{"adm3_name":"Chikka","adm2_name":"El Batroun","adm1_name":"North"}},
{"type":"Feature","geometry":{"type":"Polygon","coordinates":[[[35.7189,34.1933],[35.7325,34.1834],[35.7344,34.1853],[35.734,34.1894],[35.7312,34.1943],[35.7189,34.1933]]]},"properties":{"adm3_name":"Dahr Abi Yaghi","adm2_name":"El Batroun","adm1_name":"North"}},
{"type":"Feature","geometry":{"type":"Polygon","coordinates":[[[35.7284,34.2126],[35.7276,34.2041],[35.7218,34.2008],[35.7194,34.1973],[35.7189,34.1933],[35.7312,34.1943],[35.734,34.1894],[35.7388,34.1929],[35.7408,34.1924],[35.7379,34.1942],[35.7374,34.1971],[35.7421,34.2038],[35.7347,34.2066],[35.7334,34.2097],[35.7284,34.2126]]]},"properties":{"adm3_name":"Toula El-Batroun","adm2_name":"El Batroun","adm1_name":"North"}},
{"type":"Feature","geometry":{"type":"Polygon","coordinates":[[[35.7408,34.1924],[35.7388,34.1929],[35.734,34.1894],[35.7344,34.1853],[35.7325,34.1834],[35.7361,34.1829],[35.7393,34.1834],[35.746,34.1818],[35.7477,34.1855],[35.7512,34.1877],[35.7511,34.193],[35.745,34.192],[35.7408,34.1924]]]},"properties":{"adm3_name":"Masrah","adm2_name":"El Batroun","adm1_name":"North"}},
{"type":"Feature","geometry":{"type":"Polygon","coordinates":[[[35.7267,34.2174],[35.7284,34.2126],[35.7334,34.2097],[35.7338,34.2144],[35.739,34.2171],[35.7313,34.2165],[35.7267,34.2174]]]},"properties":{"adm3_name":"Daraya El-Batroun","adm2_name":"El Batroun","adm1_name":"North"}},
{"type":"Feature","geometry":{"type":"Polygon","coordinates":[[[35.7147,34.2159],[35.7106,34.2134],[35.7095,34.2095],[35.7058,34.2073],[35.7105,34.2033],[35.7142,34.2027],[35.7194,34.1973],[35.7218,34.2008],[35.7276,34.2041],[35.7284,34.2126],[35.7267,34.2174],[35.7191,34.2172],[35.7147,34.2159]]]},"properties":{"adm3_name":"AAbdelli","adm2_name":"El Batroun","adm1_name":"North"}},
{"type":"Feature","geometry":{"type":"Polygon","coordinates":[[[35.7421,34.2038],[35.7374,34.1971],[35.7379,34.1942],[35.7408,34.1924],[35.745,34.192],[35.7511,34.193],[35.7526,34.1922],[35.7621,34.1933],[35.758,34.1954],[35.7539,34.1998],[35.7476,34.2029],[35.7421,34.2038]]]},"properties":{"adm3_name":"Douq","adm2_name":"El Batroun","adm1_name":"North"}},
{"type":"Feature","geometry":{"type":"Polygon","coordinates":[[[35.6966,34.204],[35.6986,34.1993],[35.7066,34.1939],[35.7137,34.1943],[35.7189,34.1933],[35.7194,34.1973],[35.7142,34.2027],[35.7105,34.2033],[35.7058,34.2073],[35.7028,34.2084],[35.6966,34.204]]]},"properties":{"adm3_name":"Jrabta El-Batroun","adm2_name":"El Batroun","adm1_name":"North"}},
{"type":"Feature","geometry":{"type":"Polygon","coordinates":[[[35.7384,34.2239],[35.7364,34.2208],[35.739,34.2171],[35.7338,34.2144],[35.7334,34.2097],[35.7347,34.2066],[35.7421,34.2038],[35.7476,34.2029],[35.7539,34.1998],[35.7611,34.2002],[35.7642,34.204],[35.7635,34.2078],[35.7687,34.2082],[35.7682,34.2127],[35.7631,34.2139],[35.758,34.2174],[35.7503,34.2185],[35.7466,34.2217],[35.7425,34.2219],[35.7384,34.2239]]]},"properties":{"adm3_name":"Chibtine","adm2_name":"El Batroun","adm1_name":"North"}},
{"type":"Feature","geometry":{"type":"Polygon","coordinates":[[[35.7198,34.2256],[35.7173,34.2216],[35.7148,34.2203],[35.7098,34.221],[35.7094,34.218],[35.7094,34.2152],[35.7147,34.2159],[35.7191,34.2172],[35.7267,34.2174],[35.7313,34.2165],[35.739,34.2171],[35.7364,34.2208],[35.7384,34.2239],[35.738,34.2256],[35.7329,34.2278],[35.7293,34.2349],[35.725,34.2335],[35.7265,34.229],[35.7198,34.2256]]]},"properties":{"adm3_name":"Deir Kfifane","adm2_name":"El Batroun","adm1_name":"North"}},
{"type":"Feature","geometry":{"type":"Polygon","coordinates":[[[35.6816,34.2099],[35.68,34.2053],[35.682,34.2035],[35.6874,34.1993],[35.6899,34.1956],[35.6944,34.1924],[35.7027,34.1942],[35.7066,34.1939],[35.6986,34.1993],[35.6966,34.204],[35.6935,34.207],[35.6894,34.2044],[35.6867,34.2068],[35.6872,34.2092],[35.6816,34.2099]]]},"properties":{"adm3_name":"Sghar","adm2_name":"El Batroun","adm1_name":"North"}},
{"type":"Feature","geometry":{"type":"Polygon","coordinates":[[[35.7621,34.1933],[35.7526,34.1922],[35.7511,34.193],[35.7512,34.1877],[35.7477,34.1855],[35.7492,34.1843],[35.7554,34.1849],[35.7619,34.1875],[35.7634,34.1925],[35.7621,34.1933]]]},"properties":{"adm3_name":"Mar Mama","adm2_name":"El Batroun","adm1_name":"North"}},
{"type":"Feature","geometry":{"type":"Polygon","coordinates":[[[35.7014,34.2123],[35.6936,34.2094],[35.6872,34.2092],[35.6867,34.2068],[35.6894,34.2044],[35.6935,34.207],[35.6966,34.204],[35.7028,34.2084],[35.7058,34.2073],[35.7095,34.2095],[35.7106,34.2134],[35.7079,34.2142],[35.7014,34.2123]]]},"properties":{"adm3_name":"Deir Mar Youssef Jrabta","adm2_name":"El Batroun","adm1_name":"North"}},
{"type":"Feature","geometry":{"type":"Polygon","coordinates":[[[35.6973,34.219],[35.6993,34.2174],[35.7014,34.2123],[35.7079,34.2142],[35.7106,34.2134],[35.7147,34.2159],[35.7094,34.2152],[35.7094,34.218],[35.7046,34.2222],[35.6986,34.2234],[35.6973,34.219]]]},"properties":{"adm3_name":"Mrah Ez Ziyat","adm2_name":"El Batroun","adm1_name":"North"}},
{"type":"Feature","geometry":{"type":"Polygon","coordinates":[[[35.681,34.2143],[35.6777,34.2134],[35.6759,34.2107],[35.6816,34.2099],[35.6872,34.2092],[35.6936,34.2094],[35.7014,34.2123],[35.6993,34.2174],[35.6973,34.219],[35.6891,34.2161],[35.6848,34.2159],[35.681,34.2143]]]},"properties":{"adm3_name":"Ghouma","adm2_name":"El Batroun","adm1_name":"North"}},
{"type":"Feature","geometry":{"type":"Polygon","coordinates":[[[35.7142,34.2378],[35.7165,34.2367],[35.7126,34.2318],[35.7125,34.2291],[35.7173,34.2284],[35.7198,34.2256],[35.7265,34.229],[35.725,34.2335],[35.7293,34.2349],[35.7277,34.2383],[35.7261,34.2371],[35.7224,34.24],[35.7142,34.2378]]]},"properties":{"adm3_name":"Kfifane","adm2_name":"El Batroun","adm1_name":"North"}},
{"type":"Feature","geometry":{"type":"Polygon","coordinates":[[[35.695,34.2273],[35.6952,34.2231],[35.6986,34.2234],[35.7046,34.2222],[35.7094,34.218],[35.7098,34.221],[35.7148,34.2203],[35.7173,34.2216],[35.7198,34.2256],[35.7173,34.2284],[35.7125,34.2291],[35.7061,34.2289],[35.706,34.2308],[35.7004,34.2326],[35.695,34.2273]]]},"properties":{"adm3_name":"Jrane El-Batroun","adm2_name":"El Batroun","adm1_name":"North"}},
{"type":"Feature","geometry":{"type":"Polygon","coordinates":[[[35.7642,34.204],[35.7611,34.2002],[35.7539,34.1998],[35.758,34.1954],[35.7621,34.1933],[35.7634,34.1925],[35.7686,34.1923],[35.773,34.1969],[35.7801,34.203],[35.7697,34.2033],[35.7642,34.204]]]},"properties":{"adm3_name":"Mehmarch","adm2_name":"El Batroun","adm1_name":"North"}},
{"type":"Feature","geometry":{"type":"Polygon","coordinates":[[[35.7682,34.2127],[35.7687,34.2082],[35.7635,34.2078],[35.7642,34.204],[35.7697,34.2033],[35.7801,34.203],[35.7838,34.2055],[35.7868,34.2058],[35.7883,34.2089],[35.7823,34.21],[35.7796,34.2069],[35.7739,34.2085],[35.7737,34.2134],[35.7682,34.2127]]]},"properties":{"adm3_name":"Aalali","adm2_name":"El Batroun","adm1_name":"North"}},
{"type":"Feature","geometry":{"type":"Polygon","coordinates":[[[35.6986,34.2234],[35.6952,34.2231],[35.6867,34.221],[35.678,34.2259],[35.6731,34.2266],[35.6738,34.2222],[35.6681,34.2231],[35.6622,34.2218],[35.6697,34.2181],[35.6724,34.2186],[35.6792,34.2174],[35.681,34.2143],[35.6848,34.2159],[35.6891,34.2161],[35.6973,34.219],[35.6986,34.2234]]]},"properties":{"adm3_name":"Smar Jbayl","adm2_name":"El Batroun","adm1_name":"North"}},
{"type":"Feature","geometry":{"type":"Polygon","coordinates":[[[35.7422,34.2365],[35.7435,34.2348],[35.7401,34.2284],[35.7427,34.2261],[35.7459,34.228],[35.7505,34.2285],[35.7541,34.2307],[35.7492,34.2322],[35.7433,34.2363],[35.7422,34.2365]]]},"properties":{"adm3_name":"Kfar Hatna","adm2_name":"El Batroun","adm1_name":"North"}},
{"type":"Feature","geometry":{"type":"Polygon","coordinates":[[[35.7541,34.2307],[35.7505,34.2285],[35.7459,34.228],[35.7427,34.2261],[35.738,34.2256],[35.7384,34.2239],[35.7425,34.2219],[35.7466,34.2217],[35.7503,34.2185],[35.758,34.2174],[35.769,34.221],[35.7726,34.2247],[35.7667,34.2287],[35.7613,34.23],[35.7585,34.2293],[35.7545,34.2308],[35.7541,34.2307]]]},"properties":{"adm3_name":"Zaneh","adm2_name":"El Batroun","adm1_name":"North"}},
{"type":"Feature","geometry":{"type":"Polygon","coordinates":[[[35.758,34.2343],[35.7545,34.2308],[35.7585,34.2293],[35.7613,34.23],[35.7667,34.2287],[35.7649,34.2322],[35.758,34.2343]]]},"properties":{"adm3_name":"Ftahat El-Batroun","adm2_name":"El Batroun","adm1_name":"North"}},
{"type":"Feature","geometry":{"type":"Polygon","coordinates":[[[35.7294,34.2504],[35.7241,34.2481],[35.7277,34.2383],[35.7293,34.2349],[35.7329,34.2278],[35.738,34.2256],[35.7427,34.2261],[35.7401,34.2284],[35.7435,34.2348],[35.7422,34.2365],[35.74,34.2457],[35.7319,34.2481],[35.7294,34.2504]]]},"properties":{"adm3_name":"Kour","adm2_name":"El Batroun","adm1_name":"North"}},
{"type":"Feature","geometry":{"type":"Polygon","coordinates":[[[35.7883,34.2089],[35.7868,34.2058],[35.7838,34.2055],[35.7801,34.203],[35.773,34.1969],[35.781,34.1936],[35.7884,34.1932],[35.7942,34.1979],[35.7928,34.2002],[35.794,34.2039],[35.7921,34.2049],[35.7911,34.2088],[35.7883,34.2089]]]},"properties":{"adm3_name":"Racha","adm2_name":"El Batroun","adm1_name":"North"}},
{"type":"Feature","geometry":{"type":"MultiPolygon","coordinates":[[[[35.7042,34.2449],[35.699,34.2409],[35.6998,34.2392],[35.6983,34.2351],[35.7004,34.2326],[35.706,34.2308],[35.7061,34.2289],[35.7125,34.2291],[35.7126,34.2318],[35.7165,34.2367],[35.7142,34.2378],[35.7109,34.2392],[35.7095,34.2438],[35.7042,34.2449]]],[[[35.6748,34.2422],[35.6757,34.2448],[35.6794,34.2457],[35.6775,34.2492],[35.6731,34.2493],[35.6672,34.247],[35.6662,34.245],[35.6742,34.2432],[35.6748,34.2422]]]]},"properties":{"adm3_name":"Basbina","adm2_name":"El Batroun","adm1_name":"North"}},
{"type":"Feature","geometry":{"type":"Polygon","coordinates":[[[35.7433,34.2363],[35.7492,34.2322],[35.7541,34.2307],[35.7545,34.2308],[35.758,34.2343],[35.7518,34.2367],[35.7501,34.2387],[35.7433,34.2363]]]},"properties":{"adm3_name":"Aartiz","adm2_name":"El Batroun","adm1_name":"North"}},
{"type":"Feature","geometry":{"type":"Polygon","coordinates":[[[35.74,34.2457],[35.7422,34.2365],[35.7433,34.2363],[35.7501,34.2387],[35.7494,34.2395],[35.7491,34.2402],[35.7493,34.2407],[35.7477,34.2457],[35.74,34.2457]]]},"properties":{"adm3_name":"Harbouna","adm2_name":"El Batroun","adm1_name":"North"}},
{"type":"Feature","geometry":{"type":"Polygon","coordinates":[[[35.7737,34.2134],[35.7739,34.2085],[35.7796,34.2069],[35.7823,34.21],[35.7782,34.2134],[35.7737,34.2134]]]},"properties":{"adm3_name":"Mrah El-Hajj","adm2_name":"El Batroun","adm1_name":"North"}},
{"type":"Feature","geometry":{"type":"Polygon","coordinates":[[[35.6759,34.2316],[35.6778,34.2291],[35.6731,34.2266],[35.678,34.2259],[35.6867,34.221],[35.6952,34.2231],[35.695,34.2273],[35.69,34.2312],[35.6759,34.2316]]]},"properties":{"adm3_name":"Mrah Chdid","adm2_name":"El Batroun","adm1_name":"North"}},
{"type":"Feature","geometry":{"type":"Polygon","coordinates":[[[35.7649,34.2322],[35.7667,34.2287],[35.7726,34.2247],[35.7738,34.2271],[35.782,34.23],[35.7821,34.2316],[35.7765,34.2321],[35.7754,34.2362],[35.7715,34.2355],[35.7649,34.2322]]]},"properties":{"adm3_name":"Kfarb Shlaimane","adm2_name":"El Batroun","adm1_name":"North"}},
{"type":"Feature","geometry":{"type":"Polygon","coordinates":[[[35.6797,34.2406],[35.6712,34.241],[35.6691,34.2433],[35.6701,34.2391],[35.6683,34.236],[35.6759,34.2316],[35.69,34.2312],[35.695,34.2273],[35.7004,34.2326],[35.6983,34.2351],[35.6998,34.2392],[35.6928,34.2383],[35.687,34.2407],[35.6797,34.2406]]]},"properties":{"adm3_name":"Edde El-Batroun","adm2_name":"El Batroun","adm1_name":"North"}},
{"type":"Feature","geometry":{"type":"Polygon","coordinates":[[[35.7595,34.2479],[35.7612,34.2453],[35.7572,34.2434],[35.7539,34.246],[35.7477,34.2457],[35.7493,34.2407],[35.7494,34.2395],[35.7501,34.2387],[35.7518,34.2367],[35.758,34.2343],[35.7649,34.2322],[35.7715,34.2355],[35.7737,34.2379],[35.7668,34.2431],[35.7639,34.2483],[35.7595,34.2479]]]},"properties":{"adm3_name":"Sourat El-Batroun","adm2_name":"El Batroun","adm1_name":"North"}},
{"type":"Feature","geometry":{"type":"Polygon","coordinates":[[[35.7936,34.2373],[35.7859,34.2364],[35.7873,34.2312],[35.784,34.2286],[35.782,34.23],[35.7738,34.2271],[35.7726,34.2247],[35.769,34.221],[35.758,34.2174],[35.7631,34.2139],[35.7682,34.2127],[35.7737,34.2134],[35.7782,34.2134],[35.7823,34.21],[35.7883,34.2089],[35.7911,34.2088],[35.7921,34.2049],[35.794,34.2039],[35.7997,34.2007],[35.8042,34.2001],[35.8083,34.2009],[35.8107,34.2058],[35.8072,34.2059],[35.8063,34.2112],[35.8022,34.2164],[35.8004,34.2203],[35.8034,34.2212],[35.8133,34.2164],[35.8171,34.2144],[35.8203,34.2159],[35.8138,34.2209],[35.8054,34.222],[35.8022,34.2241],[35.8012,34.2274],[35.7976,34.2317],[35.8012,34.2333],[35.7953,34.2337],[35.7936,34.2373]]]},"properties":{"adm3_name":"Assia","adm2_name":"El Batroun","adm1_name":"North"}},
{"type":"Feature","geometry":{"type":"Polygon","coordinates":[[[35.7199,34.2572],[35.714,34.2565],[35.7105,34.2537],[35.7082,34.2489],[35.7044,34.2473],[35.7042,34.2449],[35.7095,34.2438],[35.7109,34.2392],[35.7142,34.2378],[35.7224,34.24],[35.7261,34.2371],[35.7277,34.2383],[35.7241,34.2481],[35.7294,34.2504],[35.7294,34.2581],[35.7254,34.2587],[35.7199,34.2572]]]},"properties":{"adm3_name":"Bijdarfil","adm2_name":"El Batroun","adm1_name":"North"}},
{"type":"Feature","geometry":{"type":"Polygon","coordinates":[[[35.6771,34.2534],[35.6794,34.2516],[35.6775,34.2492],[35.6794,34.2457],[35.6757,34.2448],[35.6748,34.2422],[35.6797,34.2406],[35.687,34.2407],[35.6928,34.2383],[35.6998,34.2392],[35.699,34.2409],[35.7042,34.2449],[35.7044,34.2473],[35.7034,34.2507],[35.7006,34.2496],[35.6974,34.252],[35.6955,34.2483],[35.6899,34.2496],[35.6844,34.2497],[35.682,34.2532],[35.6771,34.2534]]]},"properties":{"adm3_name":"Ijdabra","adm2_name":"El Batroun","adm1_name":"North"}},
{"type":"Feature","geometry":{"type":"Polygon","coordinates":[[[35.7639,34.2483],[35.7668,34.2431],[35.7737,34.2379],[35.7715,34.2355],[35.7754,34.2362],[35.7765,34.2321],[35.7821,34.2316],[35.782,34.23],[35.784,34.2286],[35.7873,34.2312],[35.7859,34.2364],[35.7936,34.2373],[35.7885,34.2408],[35.7872,34.2439],[35.7851,34.2397],[35.7825,34.2419],[35.7755,34.2431],[35.7722,34.2448],[35.7694,34.2486],[35.7639,34.2483]]]},"properties":{"adm3_name":"Helta","adm2_name":"El Batroun","adm1_name":"North"}},
{"type":"Feature","geometry":{"type":"Polygon","coordinates":[[[35.7034,34.2752],[35.6988,34.2723],[35.701,34.2703],[35.695,34.2689],[35.6892,34.2691],[35.6897,34.2652],[35.6885,34.2624],[35.6924,34.258],[35.692,34.255],[35.6879,34.2559],[35.6795,34.2566],[35.6771,34.2534],[35.682,34.2532],[35.6844,34.2497],[35.6899,34.2496],[35.6955,34.2483],[35.6974,34.252],[35.7006,34.2496],[35.7034,34.2507],[35.7044,34.2473],[35.7082,34.2489],[35.7105,34.2537],[35.714,34.2565],[35.7199,34.2572],[35.7149,34.261],[35.7064,34.2648],[35.7031,34.2739],[35.7037,34.2752],[35.7034,34.2752]]]},"properties":{"adm3_name":"Aabrine","adm2_name":"El Batroun","adm1_name":"North"}},
{"type":"Feature","geometry":{"type":"Polygon","coordinates":[[[35.7497,34.2651],[35.7464,34.2636],[35.7424,34.265],[35.7403,34.264],[35.7328,34.265],[35.7304,34.2663],[35.7288,34.2639],[35.7304,34.26],[35.7294,34.2581],[35.7294,34.2504],[35.7319,34.2481],[35.74,34.2457],[35.7477,34.2457],[35.7539,34.246],[35.7572,34.2434],[35.7612,34.2453],[35.7595,34.2479],[35.7577,34.2475],[35.7528,34.259],[35.7532,34.2612],[35.7574,34.2639],[35.7535,34.2625],[35.7497,34.2651]]]},"properties":{"adm3_name":"Kfar Hay","adm2_name":"El Batroun","adm1_name":"North"}},
{"type":"Feature","geometry":{"type":"Polygon","coordinates":[[[35.8133,34.2164],[35.8034,34.2212],[35.8004,34.2203],[35.8022,34.2164],[35.8063,34.2112],[35.8097,34.2121],[35.8133,34.2164]]]},"properties":{"adm3_name":"Nahleh El-Batroun","adm2_name":"El Batroun","adm1_name":"North"}},
{"type":"Feature","geometry":{"type":"Polygon","coordinates":[[[35.7974,34.2489],[35.7943,34.2477],[35.7837,34.2492],[35.7781,34.2521],[35.7719,34.2526],[35.7705,34.2502],[35.7736,34.2462],[35.7722,34.2448],[35.7755,34.2431],[35.7825,34.2419],[35.7851,34.2397],[35.7872,34.2439],[35.7913,34.2472],[35.7946,34.2471],[35.7974,34.2489]]]},"properties":{"adm3_name":"Jebla","adm2_name":"El Batroun","adm1_name":"North"}},
{"type":"Feature","geometry":{"type":"Polygon","coordinates":[[[35.7037,34.2752],[35.7031,34.2739],[35.7064,34.2648],[35.7149,34.261],[35.7199,34.2572],[35.7254,34.2587],[35.7294,34.2581],[35.7304,34.26],[35.7288,34.2639],[35.7304,34.2663],[35.7299,34.2696],[35.7248,34.2743],[35.7199,34.2748],[35.7166,34.2774],[35.7138,34.2752],[35.7086,34.2738],[35.7037,34.2752]]]},"properties":{"adm3_name":"Rachkida","adm2_name":"El Batroun","adm1_name":"North"}},
{"type":"Feature","geometry":{"type":"Polygon","coordinates":[[[35.7574,34.2639],[35.7532,34.2612],[35.7528,34.259],[35.7577,34.2475],[35.7595,34.2479],[35.7639,34.2483],[35.7694,34.2486],[35.7722,34.2448],[35.7736,34.2462],[35.7705,34.2502],[35.7719,34.2526],[35.7781,34.2521],[35.7756,34.2557],[35.7684,34.2607],[35.7637,34.2605],[35.763,34.2634],[35.7591,34.2633],[35.7574,34.2639]]]},"properties":{"adm3_name":"Boqsmaiya","adm2_name":"El Batroun","adm1_name":"North"}},
{"type":"Feature","geometry":{"type":"Polygon","coordinates":[[[35.7974,34.2489],[35.7946,34.2471],[35.7913,34.2472],[35.7872,34.2439],[35.7885,34.2408],[35.7936,34.2373],[35.7953,34.2337],[35.8012,34.2333],[35.8034,34.2369],[35.8082,34.238],[35.8051,34.2415],[35.8066,34.2435],[35.7974,34.2489]]]},"properties":{"adm3_name":"Daael","adm2_name":"El Batroun","adm1_name":"North"}},
{"type":"Feature","geometry":{"type":"Polygon","coordinates":[[[35.6853,34.2734],[35.6791,34.27],[35.6752,34.2656],[35.6733,34.2622],[35.6736,34.2588],[35.6795,34.2566],[35.6879,34.2559],[35.692,34.255],[35.6924,34.258],[35.6885,34.2624],[35.6897,34.2652],[35.6892,34.2691],[35.6873,34.2699],[35.6853,34.2734]]]},"properties":{"adm3_name":"Kfar Khollos","adm2_name":"El Batroun","adm1_name":"North"}},
{"type":"Feature","geometry":{"type":"Polygon","coordinates":[[[35.701,34.2756],[35.6973,34.2763],[35.6896,34.2733],[35.6885,34.2741],[35.6853,34.2734],[35.6873,34.2699],[35.6892,34.2691],[35.695,34.2689],[35.701,34.2703],[35.6988,34.2723],[35.7034,34.2752],[35.701,34.2756]]]},"properties":{"adm3_name":"Qatnaaoun","adm2_name":"El Batroun","adm1_name":"North"}},
{"type":"Feature","geometry":{"type":"Polygon","coordinates":[[[35.7236,34.2876],[35.7209,34.2881],[35.7152,34.2923],[35.7081,34.2929],[35.7057,34.2957],[35.705,34.2892],[35.7035,34.284],[35.6996,34.2802],[35.701,34.2756],[35.7034,34.2752],[35.7037,34.2752],[35.7086,34.2738],[35.7138,34.2752],[35.7166,34.2774],[35.7199,34.2748],[35.7248,34.2743],[35.7274,34.2762],[35.7281,34.281],[35.725,34.2839],[35.7236,34.2876]]]},"properties":{"adm3_name":"Ras Nahhach","adm2_name":"El Batroun","adm1_name":"North"}},
{"type":"Feature","geometry":{"type":"Polygon","coordinates":[[[35.6735,34.2915],[35.6688,34.2853],[35.6695,34.2827],[35.6662,34.2737],[35.6812,34.2744],[35.6827,34.2729],[35.6824,34.2747],[35.6858,34.2785],[35.6812,34.2833],[35.678,34.2905],[35.6735,34.2915]]]},"properties":{"adm3_name":"Ouajh El-Hajjar","adm2_name":"El Batroun","adm1_name":"North"}},
{"type":"Feature","geometry":{"type":"Polygon","coordinates":[[[35.7018,34.3053],[35.6986,34.3102],[35.6933,34.313],[35.6893,34.3139],[35.6801,34.312],[35.6754,34.3059],[35.672,34.3028],[35.6724,34.3],[35.6698,34.2966],[35.6724,34.2938],[35.6735,34.2915],[35.678,34.2905],[35.6812,34.2833],[35.6858,34.2785],[35.6824,34.2747],[35.6827,34.2729],[35.6829,34.2727],[35.6873,34.2747],[35.6885,34.2741],[35.6896,34.2733],[35.6973,34.2763],[35.701,34.2756],[35.6996,34.2802],[35.7035,34.284],[35.705,34.2892],[35.7057,34.2957],[35.7076,34.3012],[35.7067,34.303],[35.7018,34.3053]]]},"properties":{"adm3_name":"Hamat","adm2_name":"El Batroun","adm1_name":"North"}},
{"type":"Feature","geometry":{"type":"Polygon","coordinates":[[[35.8617,34.2114],[35.8584,34.2098],[35.8534,34.211],[35.8494,34.2133],[35.8465,34.2126],[35.837,34.2174],[35.836,34.2146],[35.8302,34.2144],[35.83,34.2114],[35.8298,34.2058],[35.8371,34.2001],[35.8394,34.1909],[35.8399,34.187],[35.8497,34.1832],[35.8557,34.1786],[35.8637,34.1749],[35.8664,34.1754],[35.8657,34.1767],[35.8679,34.1841],[35.8706,34.1861],[35.8762,34.1945],[35.8758,34.1969],[35.8761,34.1995],[35.868,34.2089],[35.8617,34.2114]]]},"properties":{"adm3_name":"Douma","adm2_name":"El Batroun","adm1_name":"North"}},
{"type":"Feature","geometry":{"type":"Polygon","coordinates":[[[35.8203,34.2159],[35.8171,34.2144],[35.8133,34.2164],[35.8097,34.2121],[35.8063,34.2112],[35.8072,34.2059],[35.8107,34.2058],[35.8083,34.2009],[35.8148,34.1945],[35.8149,34.192],[35.8151,34.1908],[35.8209,34.1878],[35.8236,34.1896],[35.8272,34.1893],[35.8394,34.1909],[35.8371,34.2001],[35.8298,34.2058],[35.83,34.2114],[35.8291,34.2136],[35.8203,34.2159]]]},"properties":{"adm3_name":"Bcheaali","adm2_name":"El Batroun","adm1_name":"North"}},
{"type":"Feature","geometry":{"type":"Polygon","coordinates":[[[35.848,34.2211],[35.8447,34.2196],[35.8412,34.2215],[35.8345,34.2299],[35.8273,34.2373],[35.8223,34.2401],[35.8273,34.2347],[35.8262,34.2315],[35.829,34.224],[35.8308,34.2218],[35.8352,34.2228],[35.8385,34.2209],[35.837,34.2174],[35.8465,34.2126],[35.8494,34.2133],[35.8534,34.211],[35.8584,34.2098],[35.8617,34.2114],[35.8634,34.213],[35.8531,34.2147],[35.8544,34.2181],[35.848,34.2211]]]},"properties":{"adm3_name":"Beit Chlala","adm2_name":"El Batroun","adm1_name":"North"}},
{"type":"Feature","geometry":{"type":"Polygon","coordinates":[[[35.837,34.2174],[35.8385,34.2209],[35.8352,34.2228],[35.8308,34.2218],[35.8302,34.2144],[35.836,34.2146],[35.837,34.2174]]]},"properties":{"adm3_name":"Deir Mar Youhanna EL-Batroun","adm2_name":"El Batroun","adm1_name":"North"}},
{"type":"Feature","geometry":{"type":"Polygon","coordinates":[[[35.8066,34.2435],[35.8051,34.2415],[35.8082,34.238],[35.8034,34.2369],[35.8012,34.2333],[35.7976,34.2317],[35.8012,34.2274],[35.8022,34.2241],[35.8054,34.222],[35.8138,34.2209],[35.8203,34.2159],[35.8291,34.2136],[35.83,34.2114],[35.8302,34.2144],[35.8308,34.2218],[35.829,34.224],[35.8262,34.2315],[35.8273,34.2347],[35.8223,34.2401],[35.8179,34.2373],[35.8071,34.2436],[35.8066,34.2435]]]},"properties":{"adm3_name":"Bechtoudar","adm2_name":"El Batroun","adm1_name":"North"}},
{"type":"Feature","geometry":{"type":"Polygon","coordinates":[[[35.8071,34.2436],[35.8179,34.2373],[35.8223,34.2401],[35.8273,34.2373],[35.8345,34.2299],[35.8412,34.2215],[35.8447,34.2196],[35.848,34.2211],[35.8491,34.2237],[35.8523,34.2241],[35.8499,34.2287],[35.8465,34.2296],[35.8459,34.2339],[35.8402,34.2367],[35.8374,34.2354],[35.8334,34.2377],[35.8333,34.2417],[35.8223,34.2445],[35.8144,34.2445],[35.8071,34.2436]]]},"properties":{"adm3_name":"Kfar Hilda","adm2_name":"El Batroun","adm1_name":"North"}},
{"type":"Feature","geometry":{"type":"Polygon","coordinates":[[[35.9112,34.2174],[35.9062,34.2212],[35.8994,34.221],[35.8918,34.2232],[35.8911,34.2254],[35.8872,34.225],[35.8811,34.228],[35.8772,34.2276],[35.8748,34.2317],[35.8674,34.2286],[35.8573,34.2285],[35.8465,34.2296],[35.8499,34.2287],[35.8523,34.2241],[35.8491,34.2237],[35.848,34.2211],[35.8544,34.2181],[35.8531,34.2147],[35.8634,34.213],[35.8709,34.2128],[35.8804,34.2141],[35.8874,34.2168],[35.8896,34.2156],[35.8994,34.2142],[35.9098,34.212],[35.9131,34.2122],[35.9112,34.2174]]]},"properties":{"adm3_name":"Kfour El-Aarbi","adm2_name":"El Batroun","adm1_name":"North"}},
{"type":"Feature","geometry":{"type":"Polygon","coordinates":[[[35.7929,34.1885],[35.7904,34.1862],[35.7914,34.1824],[35.7951,34.1813],[35.8004,34.1824],[35.8114,34.182],[35.8091,34.1873],[35.8032,34.1884],[35.7996,34.1902],[35.7929,34.1885]]]},"properties":{"adm3_name":"Ram El-Batroun","adm2_name":"El Batroun","adm1_name":"North"}},
{"type":"Feature","geometry":{"type":"Polygon","coordinates":[[[35.8083,34.2009],[35.8042,34.2001],[35.7997,34.2007],[35.794,34.2039],[35.7928,34.2002],[35.7942,34.1979],[35.7884,34.1932],[35.7905,34.1893],[35.7929,34.1885],[35.7996,34.1902],[35.8032,34.1884],[35.8091,34.1873],[35.808,34.1942],[35.8116,34.1943],[35.8149,34.192],[35.8148,34.1945],[35.8083,34.2009]]]},"properties":{"adm3_name":"Hadtoun","adm2_name":"El Batroun","adm1_name":"North"}},
{"type":"Feature","geometry":{"type":"Polygon","coordinates":[[[35.9131,34.2122],[35.9098,34.212],[35.8994,34.2142],[35.8896,34.2156],[35.8874,34.2168],[35.8804,34.2141],[35.8709,34.2128],[35.8634,34.213],[35.8617,34.2114],[35.868,34.2089],[35.8761,34.1995],[35.8758,34.1969],[35.8819,34.1922],[35.8834,34.194],[35.8891,34.1942],[35.8866,34.1986],[35.8893,34.2048],[35.8917,34.2063],[35.8985,34.2025],[35.9002,34.2029],[35.9047,34.1997],[35.9071,34.2001],[35.9161,34.1973],[35.9191,34.1999],[35.9197,34.2024],[35.9232,34.2045],[35.9231,34.2101],[35.9268,34.2136],[35.9322,34.2158],[35.9338,34.2132],[35.9393,34.2163],[35.9369,34.2174],[35.933,34.2163],[35.9252,34.2165],[35.9236,34.2144],[35.9179,34.2114],[35.9131,34.2122]]]},"properties":{"adm3_name":"Tannourine Et-Tahta","adm2_name":"El Batroun","adm1_name":"North"}},
{"type":"Feature","geometry":{"type":"Polygon","coordinates":[[[35.859,34.2478],[35.8556,34.2477],[35.8532,34.2447],[35.848,34.2418],[35.8439,34.2418],[35.8393,34.2468],[35.8349,34.2484],[35.8337,34.249],[35.8333,34.2417],[35.8334,34.2377],[35.8374,34.2354],[35.8402,34.2367],[35.8459,34.2339],[35.8465,34.2296],[35.8573,34.2285],[35.8674,34.2286],[35.8748,34.2317],[35.8793,34.2334],[35.8798,34.2402],[35.8798,34.2426],[35.87,34.2473],[35.859,34.2478]]]},"properties":{"adm3_name":"Hardine","adm2_name":"El Batroun","adm1_name":"North"}},
{"type":"Feature","geometry":{"type":"Polygon","coordinates":[[[35.8891,34.1942],[35.8834,34.194],[35.8819,34.1922],[35.8758,34.1969],[35.8762,34.1945],[35.8706,34.1861],[35.8679,34.1841],[35.8657,34.1767],[35.8664,34.1754],[35.867,34.171],[35.8648,34.165],[35.8681,34.1644],[35.8666,34.1592],[35.8746,34.1563],[35.8807,34.1555],[35.8839,34.1581],[35.882,34.1628],[35.8827,34.1651],[35.8793,34.1678],[35.8784,34.1733],[35.8818,34.1763],[35.8826,34.1799],[35.8861,34.1829],[35.8881,34.1813],[35.8925,34.1853],[35.8937,34.188],[35.8948,34.1898],[35.8906,34.1918],[35.8891,34.1942]]]},"properties":{"adm3_name":"Chatine","adm2_name":"El Batroun","adm1_name":"North"}},
{"type":"Feature","geometry":{"type":"Polygon","coordinates":[[[35.856,34.2505],[35.8469,34.2511],[35.8428,34.249],[35.8349,34.2484],[35.8393,34.2468],[35.8439,34.2418],[35.848,34.2418],[35.8532,34.2447],[35.8556,34.2477],[35.859,34.2478],[35.856,34.2505]]]},"properties":{"adm3_name":"Beit Kassab","adm2_name":"El Batroun","adm1_name":"North"}},
{"type":"Feature","geometry":{"type":"Polygon","coordinates":[[[35.8261,34.2646],[35.822,34.264],[35.8116,34.2607],[35.8145,34.2548],[35.814,34.2518],[35.8117,34.2494],[35.8085,34.2495],[35.8066,34.2435],[35.8071,34.2436],[35.8144,34.2445],[35.8223,34.2445],[35.8333,34.2417],[35.8337,34.249],[35.8324,34.2517],[35.8272,34.2558],[35.8258,34.2591],[35.8267,34.2612],[35.8261,34.2646]]]},"properties":{"adm3_name":"Deir Billa","adm2_name":"El Batroun","adm1_name":"North"}},
{"type":"Feature","geometry":{"type":"Polygon","coordinates":[[[35.8798,34.2402],[35.8793,34.2334],[35.8748,34.2317],[35.8772,34.2276],[35.8811,34.228],[35.8872,34.225],[35.8911,34.2254],[35.8918,34.2232],[35.8994,34.221],[35.9062,34.2212],[35.9112,34.2174],[35.91,34.22],[35.9104,34.2252],[35.9095,34.2271],[35.9044,34.2345],[35.9029,34.2392],[35.8999,34.2404],[35.8964,34.2377],[35.8919,34.238],[35.886,34.2397],[35.88,34.2375],[35.8798,34.2402]]]},"properties":{"adm3_name":"Niha El-Batroun","adm2_name":"El Batroun","adm1_name":"North"}},
{"type":"Feature","geometry":{"type":"Polygon","coordinates":[[[35.9161,34.1973],[35.9071,34.2001],[35.9047,34.1997],[35.9002,34.2029],[35.8985,34.2025],[35.8917,34.2063],[35.8893,34.2048],[35.8866,34.1986],[35.8891,34.1942],[35.8906,34.1918],[35.8948,34.1898],[35.8937,34.188],[35.8988,34.1882],[35.9068,34.1857],[35.9095,34.1874],[35.9149,34.1884],[35.915,34.1909],[35.9206,34.1917],[35.9216,34.1944],[35.9169,34.1956],[35.9161,34.1973]]]},"properties":{"adm3_name":"Ouata Houb","adm2_name":"El Batroun","adm1_name":"North"}},
{"type":"Feature","geometry":{"type":"Polygon","coordinates":[[[35.9393,34.2163],[35.9338,34.2132],[35.9322,34.2158],[35.9268,34.2136],[35.9231,34.2101],[35.9232,34.2045],[35.9197,34.2024],[35.9191,34.1999],[35.9161,34.1973],[35.9169,34.1956],[35.9216,34.1944],[35.9206,34.1917],[35.915,34.1909],[35.9149,34.1884],[35.9095,34.1874],[35.9068,34.1857],[35.8988,34.1882],[35.8937,34.188],[35.8925,34.1853],[35.8881,34.1813],[35.8861,34.1829],[35.8826,34.1799],[35.8818,34.1763],[35.8784,34.1733],[35.8793,34.1678],[35.8827,34.1651],[35.882,34.1628],[35.8839,34.1581],[35.8807,34.1555],[35.8793,34.1524],[35.8866,34.1523],[35.8897,34.1518],[35.8934,34.1538],[35.9009,34.1525],[35.9099,34.1566],[35.9125,34.1555],[35.9185,34.1559],[35.9255,34.1554],[35.929,34.1572],[35.9324,34.1565],[35.9338,34.1601],[35.9379,34.165],[35.9506,34.1664],[35.9558,34.1637],[35.958,34.1602],[35.9606,34.1591],[35.9643,34.1617],[35.97,34.1587],[35.9769,34.1575],[35.978,34.1547],[35.982,34.1534],[35.9875,34.1541],[35.991,34.1515],[35.9992,34.1492],[36.0043,34.1488],[36.0101,34.1464],[36.0141,34.1398],[36.0127,34.1355],[36.0143,34.1316],[36.0149,34.1266],[36.0183,34.1327],[36.019,34.1375],[36.0275,34.1537],[36.0346,34.1643],[36.028,34.1659],[36.0042,34.1683],[36.0198,34.172],[36.0202,34.1729],[36.0201,34.1803],[36.019,34.1845],[36.0115,34.1887],[36.01,34.1909],[36.0058,34.193],[36.0026,34.193],[35.9933,34.1949],[35.9921,34.1995],[35.9936,34.2032],[35.9912,34.2076],[35.992,34.2093],[35.9873,34.2124],[35.9851,34.2101],[35.9769,34.2109],[35.9694,34.2101],[35.9611,34.2111],[35.9587,34.2136],[35.947,34.2181],[35.9393,34.2163]]]},"properties":{"adm3_name":"Tannourine El-Faouqa","adm2_name":"El Batroun","adm1_name":"North"}},
{"type":"Feature","geometry":{"type":"Polygon","coordinates":[[[36.1157,34.6335],[36.1144,34.6314],[36.1169,34.6312],[36.1169,34.6323],[36.1157,34.6335]]]},"properties":{"adm3_name":"Litige","adm2_name":"Akkar","adm1_name":"Akkar"}},
{"type":"Feature","geometry":{"type":"Polygon","coordinates":[[[36.2617,34.4976],[36.2553,34.4976],[36.2493,34.4995],[36.2449,34.4985],[36.2369,34.4992],[36.2286,34.5022],[36.2267,34.5036],[36.2203,34.5007],[36.2198,34.4933],[36.2174,34.4874],[36.2223,34.4818],[36.2271,34.4777],[36.2305,34.4768],[36.24,34.4761],[36.2452,34.4747],[36.251,34.4758],[36.2539,34.4733],[36.2588,34.4724],[36.2622,34.4784],[36.2602,34.4825],[36.2632,34.486],[36.2632,34.489],[36.2666,34.494],[36.2636,34.495],[36.2617,34.4976]]]},"properties":{"adm3_name":"Litige","adm2_name":"Akkar","adm1_name":"Akkar"}},
{"type":"Feature","geometry":{"type":"Polygon","coordinates":[[[36.2659,34.4987],[36.2645,34.5027],[36.2596,34.4998],[36.2617,34.4976],[36.2659,34.4987]]]},"properties":{"adm3_name":"Litige","adm2_name":"Akkar","adm1_name":"Akkar"}},
{"type":"Feature","geometry":{"type":"Polygon","coordinates":[[[36.0719,34.5732],[36.0689,34.5663],[36.0627,34.5619],[36.0644,34.5594],[36.0676,34.5591],[36.0661,34.5524],[36.0672,34.5468],[36.0657,34.5433],[36.0667,34.5397],[36.0742,34.542],[36.0778,34.5395],[36.0831,34.5378],[36.086,34.5353],[36.0889,34.5355],[36.0898,34.5413],[36.0857,34.5429],[36.0828,34.5457],[36.0835,34.5478],[36.0775,34.5494],[36.0764,34.5517],[36.0799,34.556],[36.0822,34.5603],[36.0847,34.5654],[36.0806,34.5672],[36.0773,34.572],[36.0719,34.5732]]]},"properties":{"adm3_name":"Halba","adm2_name":"Akkar","adm1_name":"Akkar"}},
{"type":"Feature","geometry":{"type":"Polygon","coordinates":[[[36.0822,34.5603],[36.0799,34.556],[36.0764,34.5517],[36.0775,34.5494],[36.0835,34.5478],[36.0901,34.5504],[36.0905,34.5518],[36.0867,34.5529],[36.0862,34.5578],[36.0822,34.5603]]]},"properties":{"adm3_name":"Cheikh Mohammad","adm2_name":"Akkar","adm1_name":"Akkar"}},
{"type":"Feature","geometry":{"type":"Polygon","coordinates":[[[36.0905,34.5518],[36.0901,34.5504],[36.0835,34.5478],[36.0828,34.5457],[36.0857,34.5429],[36.0898,34.5413],[36.0913,34.5407],[36.0941,34.5432],[36.0921,34.5511],[36.0905,34.5518]]]},"properties":{"adm3_name":"Nfisseh","adm2_name":"Akkar","adm1_name":"Akkar"}},
{"type":"Feature","geometry":{"type":"Polygon","coordinates":[[[36.0913,34.5407],[36.0898,34.5413],[36.0889,34.5355],[36.0901,34.5341],[36.0873,34.5296],[36.091,34.5281],[36.0915,34.5243],[36.0928,34.5245],[36.0986,34.5264],[36.1033,34.5305],[36.1108,34.5323],[36.1121,34.5317],[36.1125,34.5325],[36.1077,34.534],[36.1017,34.5346],[36.1008,34.5368],[36.0945,34.5384],[36.0913,34.5407]]]},"properties":{"adm3_name":"Idbil","adm2_name":"Akkar","adm1_name":"Akkar"}},
{"type":"Feature","geometry":{"type":"Polygon","coordinates":[[[36.0862,34.5578],[36.0867,34.5529],[36.0905,34.5518],[36.0963,34.5546],[36.0911,34.5596],[36.0879,34.5598],[36.0862,34.5578]]]},"properties":{"adm3_name":"Kroum El-Aarab","adm2_name":"Akkar","adm1_name":"Akkar"}},
{"type":"Feature","geometry":{"type":"Polygon","coordinates":[[[36.0555,34.5526],[36.0548,34.5467],[36.0573,34.547],[36.0595,34.5479],[36.0657,34.5433],[36.0672,34.5468],[36.0661,34.5524],[36.0676,34.5591],[36.0644,34.5594],[36.0618,34.5562],[36.0555,34.5526]]]},"properties":{"adm3_name":"Cheikh Taba Es-Sahl","adm2_name":"Akkar","adm1_name":"Akkar"}},
{"type":"Feature","geometry":{"type":"Polygon","coordinates":[[[36.0889,34.5355],[36.086,34.5353],[36.0831,34.5378],[36.0778,34.5395],[36.0742,34.542],[36.0717,34.5384],[36.0713,34.5336],[36.0744,34.5299],[36.074,34.5262],[36.0809,34.5271],[36.0873,34.5296],[36.0901,34.5341],[36.0889,34.5355]]]},"properties":{"adm3_name":"Cheikh Taba","adm2_name":"Akkar","adm1_name":"Akkar"}},
{"type":"Feature","geometry":{"type":"Polygon","coordinates":[[[36.0657,34.5433],[36.0595,34.5479],[36.0573,34.547],[36.0613,34.542],[36.0652,34.5308],[36.0668,34.5303],[36.0687,34.5315],[36.0689,34.537],[36.0667,34.5397],[36.0657,34.5433]]]},"properties":{"adm3_name":"Jdidet Ej-Joumeh","adm2_name":"Akkar","adm1_name":"Akkar"}},
{"type":"Feature","geometry":{"type":"Polygon","coordinates":[[[36.2044,34.5467],[36.2071,34.5439],[36.2073,34.5413],[36.2098,34.5357],[36.2101,34.5314],[36.2131,34.5309],[36.2171,34.528],[36.2176,34.5325],[36.2198,34.535],[36.2265,34.5354],[36.2302,34.5365],[36.2309,34.5403],[36.2354,34.5435],[36.2382,34.5442],[36.2362,34.5476],[36.2367,34.552],[36.2317,34.5517],[36.2281,34.554],[36.2244,34.5592],[36.2214,34.5616],[36.2112,34.5597],[36.2077,34.5601],[36.2033,34.5506],[36.2044,34.5467]]]},"properties":{"adm3_name":"Daouret Aakkar","adm2_name":"Akkar","adm1_name":"Akkar"}},
{"type":"Feature","geometry":{"type":"Polygon","coordinates":[[[36.0742,34.542],[36.0667,34.5397],[36.0689,34.537],[36.0687,34.5315],[36.0668,34.5303],[36.0681,34.5267],[36.0729,34.5262],[36.074,34.5262],[36.0744,34.5299],[36.0713,34.5336],[36.0717,34.5384],[36.0742,34.542]]]},"properties":{"adm3_name":"Zouarib","adm2_name":"Akkar","adm1_name":"Akkar"}},
{"type":"Feature","geometry":{"type":"Polygon","coordinates":[[[36.2288,34.5827],[36.2252,34.5805],[36.219,34.5795],[36.2124,34.5782],[36.2118,34.5763],[36.2058,34.5741],[36.2043,34.5729],[36.1971,34.5695],[36.1931,34.5614],[36.1978,34.5608],[36.2077,34.5601],[36.221,34.5663],[36.2206,34.5712],[36.2282,34.5758],[36.2276,34.5808],[36.2293,34.5813],[36.2288,34.5827]]]},"properties":{"adm3_name":"Majdel Akkar","adm2_name":"Akkar","adm1_name":"Akkar"}},
{"type":"Feature","geometry":{"type":"Polygon","coordinates":[[[36.0573,34.547],[36.0548,34.5467],[36.0583,34.5353],[36.0597,34.534],[36.0573,34.5296],[36.0681,34.5267],[36.0668,34.5303],[36.0652,34.5308],[36.0613,34.542],[36.0573,34.547]]]},"properties":{"adm3_name":"Minyara","adm2_name":"Akkar","adm1_name":"Akkar"}},
{"type":"Feature","geometry":{"type":"Polygon","coordinates":[[[36.0462,34.5259],[36.047,34.5221],[36.049,34.5216],[36.0514,34.5228],[36.0587,34.5231],[36.0599,34.5245],[36.0561,34.5283],[36.0538,34.5277],[36.0475,34.529],[36.0462,34.5259]]]},"properties":{"adm3_name":"Hakour","adm2_name":"Akkar","adm1_name":"Akkar"}},
{"type":"Feature","geometry":{"type":"Polygon","coordinates":[[[36.0561,34.5283],[36.0599,34.5245],[36.0647,34.5185],[36.0647,34.52],[36.0729,34.5262],[36.0681,34.5267],[36.0573,34.5296],[36.0561,34.5283]],[[36.0619,34.5225],[36.0595,34.5256],[36.0615,34.5247],[36.0619,34.5225]]]},"properties":{"adm3_name":"Karm Aasfour","adm2_name":"Akkar","adm1_name":"Akkar"}},
{"type":"Feature","geometry":{"type":"Polygon","coordinates":[[[36.0619,34.5225],[36.0615,34.5247],[36.0595,34.5256],[36.0619,34.5225]]]},"properties":{"adm3_name":"Mazraat Beit Ghattas","adm2_name":"Akkar","adm1_name":"Akkar"}},
{"type":"Feature","geometry":{"type":"Polygon","coordinates":[[[36.0873,34.5296],[36.0809,34.5271],[36.074,34.5262],[36.0729,34.5262],[36.0647,34.52],[36.0647,34.5185],[36.0687,34.5162],[36.076,34.5169],[36.0763,34.5182],[36.0883,34.5213],[36.0915,34.5243],[36.091,34.5281],[36.0873,34.5296]]]},"properties":{"adm3_name":"Qantarat Aakkar","adm2_name":"Akkar","adm1_name":"Akkar"}},
{"type":"Feature","geometry":{"type":"Polygon","coordinates":[[[36.0963,34.5546],[36.0905,34.5518],[36.0921,34.5511],[36.0941,34.5432],[36.0913,34.5407],[36.0945,34.5384],[36.1008,34.5368],[36.1017,34.5346],[36.1077,34.534],[36.1125,34.5325],[36.1213,34.5363],[36.1316,34.5422],[36.127,34.5425],[36.123,34.5475],[36.1237,34.5515],[36.1184,34.5499],[36.1151,34.5519],[36.1133,34.5558],[36.1111,34.555],[36.1088,34.5564],[36.1056,34.5521],[36.0963,34.5546]]]},"properties":{"adm3_name":"Machha","adm2_name":"Akkar","adm1_name":"Akkar"}},
{"type":"Feature","geometry":{"type":"Polygon","coordinates":[[[36.128,34.5597],[36.1239,34.5534],[36.1237,34.5515],[36.123,34.5475],[36.127,34.5425],[36.1316,34.5422],[36.1367,34.5451],[36.144,34.548],[36.1485,34.5481],[36.1499,34.5512],[36.1444,34.5535],[36.1416,34.5573],[36.1419,34.5604],[36.1368,34.5587],[36.1352,34.5566],[36.1285,34.5602],[36.128,34.5597]]]},"properties":{"adm3_name":"Hayzouq","adm2_name":"Akkar","adm1_name":"Akkar"}},
{"type":"Feature","geometry":{"type":"Polygon","coordinates":[[[36.0341,34.5611],[36.0329,34.5543],[36.0341,34.5499],[36.0321,34.549],[36.0336,34.545],[36.0299,34.5441],[36.0325,34.5415],[36.03,34.5387],[36.0289,34.534],[36.0328,34.5322],[36.0288,34.5291],[36.0292,34.5228],[36.0309,34.5222],[36.04,34.5249],[36.0426,34.5271],[36.0462,34.5259],[36.0475,34.529],[36.0538,34.5277],[36.0561,34.5283],[36.0573,34.5296],[36.0597,34.534],[36.0583,34.5353],[36.0548,34.5467],[36.0555,34.5526],[36.0471,34.556],[36.0432,34.5659],[36.0405,34.5651],[36.0341,34.5611]]]},"properties":{"adm3_name":"Aarqa","adm2_name":"Akkar","adm1_name":"Akkar"}},
{"type":"Feature","geometry":{"type":"Polygon","coordinates":[[[36.1115,34.56],[36.1111,34.555],[36.1133,34.5558],[36.1151,34.5519],[36.1184,34.5499],[36.1237,34.5515],[36.1239,34.5534],[36.128,34.5597],[36.1252,34.5614],[36.12,34.5596],[36.1145,34.5608],[36.1115,34.56]]]},"properties":{"adm3_name":"Souaisset Aakkar","adm2_name":"Akkar","adm1_name":"Akkar"}},
{"type":"Feature","geometry":{"type":"Polygon","coordinates":[[[36.1121,34.5317],[36.1108,34.5323],[36.1033,34.5305],[36.0986,34.5264],[36.0928,34.5245],[36.0918,34.5198],[36.0881,34.5166],[36.0907,34.5134],[36.0895,34.5085],[36.0944,34.5118],[36.0992,34.5121],[36.1019,34.5098],[36.1067,34.5122],[36.1108,34.5139],[36.1151,34.5182],[36.1134,34.5214],[36.1142,34.5295],[36.1121,34.5317]]]},"properties":{"adm3_name":"Ilat","adm2_name":"Akkar","adm1_name":"Akkar"}},
{"type":"Feature","geometry":{"type":"Polygon","coordinates":[[[36.0928,34.5245],[36.0915,34.5243],[36.0883,34.5213],[36.0763,34.5182],[36.076,34.5169],[36.0687,34.5162],[36.0647,34.5185],[36.0599,34.5245],[36.0587,34.5231],[36.0514,34.5228],[36.049,34.5216],[36.0467,34.5165],[36.0409,34.5107],[36.0441,34.5062],[36.0514,34.5004],[36.0553,34.4999],[36.0635,34.4988],[36.0661,34.4986],[36.073,34.5022],[36.0807,34.5073],[36.0867,34.5064],[36.0876,34.5045],[36.0871,34.5073],[36.0895,34.5085],[36.0907,34.5134],[36.0881,34.5166],[36.0918,34.5198],[36.0928,34.5245]]]},"properties":{"adm3_name":"Bqerzla","adm2_name":"Akkar","adm1_name":"Akkar"}},
{"type":"Feature","geometry":{"type":"Polygon","coordinates":[[[36.0201,34.5365],[36.0159,34.5352],[36.0158,34.5316],[36.0113,34.5309],[36.0112,34.5279],[36.0028,34.5226],[36.0049,34.5176],[36.0092,34.5155],[36.015,34.5192],[36.0179,34.5224],[36.0229,34.523],[36.0251,34.5193],[36.03,34.5217],[36.0322,34.5205],[36.0332,34.516],[36.0351,34.5146],[36.037,34.5184],[36.0309,34.5222],[36.0292,34.5228],[36.0288,34.5291],[36.0328,34.5322],[36.0289,34.534],[36.0253,34.5335],[36.0201,34.5365]]]},"properties":{"adm3_name":"Deir Dalloum","adm2_name":"Akkar","adm1_name":"Akkar"}},
{"type":"Feature","geometry":{"type":"Polygon","coordinates":[[[36.0462,34.5259],[36.0426,34.5271],[36.04,34.5249],[36.0309,34.5222],[36.037,34.5184],[36.0381,34.5199],[36.0436,34.5196],[36.0467,34.5165],[36.049,34.5216],[36.047,34.5221],[36.0462,34.5259]]]},"properties":{"adm3_name":"Zouq El Hosniyeh","adm2_name":"Akkar","adm1_name":"Akkar"}},
{"type":"Feature","geometry":{"type":"Polygon","coordinates":[[[36.0467,34.5165],[36.0436,34.5196],[36.0381,34.5199],[36.037,34.5184],[36.0351,34.5146],[36.0409,34.5107],[36.0467,34.5165]]]},"properties":{"adm3_name":"Zouq El-Hbalsa","adm2_name":"Akkar","adm1_name":"Akkar"}},
{"type":"Feature","geometry":{"type":"Polygon","coordinates":[[[36.1485,34.5481],[36.144,34.548],[36.1367,34.5451],[36.1316,34.5422],[36.1213,34.5363],[36.1231,34.5338],[36.1257,34.534],[36.1294,34.5317],[36.131,34.5332],[36.1369,34.531],[36.1448,34.5321],[36.146,34.5329],[36.149,34.5342],[36.154,34.5383],[36.1455,34.5403],[36.145,34.5439],[36.148,34.5453],[36.1485,34.5481]]]},"properties":{"adm3_name":"Dahr Laissine","adm2_name":"Akkar","adm1_name":"Akkar"}},
{"type":"Feature","geometry":{"type":"Polygon","coordinates":[[[36.1331,34.5715],[36.1349,34.5705],[36.1322,34.5651],[36.1285,34.5602],[36.1352,34.5566],[36.1368,34.5587],[36.1419,34.5604],[36.1404,34.566],[36.1426,34.5699],[36.1449,34.5704],[36.1449,34.5738],[36.1411,34.5723],[36.1357,34.5773],[36.1346,34.5766],[36.1354,34.5726],[36.1331,34.5715]]]},"properties":{"adm3_name":"Kfar Harra","adm2_name":"Akkar","adm1_name":"Akkar"}},
{"type":"Feature","geometry":{"type":"Polygon","coordinates":[[[36.1449,34.5704],[36.1426,34.5699],[36.1404,34.566],[36.1419,34.5604],[36.1416,34.5573],[36.1444,34.5535],[36.1499,34.5512],[36.1606,34.5559],[36.1591,34.5581],[36.1562,34.5577],[36.1479,34.5609],[36.1484,34.5643],[36.1512,34.5661],[36.1502,34.5684],[36.1449,34.5704]]]},"properties":{"adm3_name":"Balde WaMazraatBaldeh","adm2_name":"Akkar","adm1_name":"Akkar"}},
{"type":"Feature","geometry":{"type":"Polygon","coordinates":[[[36.026,34.5161],[36.034,34.5094],[36.0349,34.508],[36.0398,34.5089],[36.0441,34.5062],[36.0409,34.5107],[36.0351,34.5146],[36.0332,34.516],[36.0298,34.5181],[36.026,34.5161]]]},"properties":{"adm3_name":"Zouq El-Hadara","adm2_name":"Akkar","adm1_name":"Akkar"}},
{"type":"Feature","geometry":{"type":"Polygon","coordinates":[[[36.026,34.5161],[36.0298,34.5181],[36.0332,34.516],[36.0322,34.5205],[36.03,34.5217],[36.0251,34.5193],[36.026,34.5161]]]},"properties":{"adm3_name":"Zouq El-Moqachrine","adm2_name":"Akkar","adm1_name":"Akkar"}},
{"type":"Feature","geometry":{"type":"Polygon","coordinates":[[[36.1213,34.5363],[36.1125,34.5325],[36.1121,34.5317],[36.1142,34.5295],[36.1134,34.5214],[36.1151,34.5182],[36.1108,34.5139],[36.1137,34.512],[36.1165,34.5142],[36.123,34.5116],[36.1292,34.5132],[36.1319,34.5183],[36.1379,34.5193],[36.1423,34.5214],[36.1418,34.5238],[36.1474,34.531],[36.1448,34.5321],[36.1369,34.531],[36.131,34.5332],[36.1294,34.5317],[36.1257,34.534],[36.1231,34.5338],[36.1213,34.5363]]]},"properties":{"adm3_name":"Jebrayel","adm2_name":"Akkar","adm1_name":"Akkar"}},
{"type":"Feature","geometry":{"type":"Polygon","coordinates":[[[36.026,34.5161],[36.0251,34.5193],[36.0229,34.523],[36.0179,34.5224],[36.015,34.5192],[36.0092,34.5155],[36.0116,34.513],[36.0179,34.5098],[36.0219,34.5103],[36.0245,34.5052],[36.0291,34.5051],[36.034,34.5094],[36.026,34.5161]]]},"properties":{"adm3_name":"Mar Touma","adm2_name":"Akkar","adm1_name":"Akkar"}},
{"type":"Feature","geometry":{"type":"Polygon","coordinates":[[[36.1512,34.5661],[36.1484,34.5643],[36.1479,34.5609],[36.1562,34.5577],[36.1591,34.5581],[36.1634,34.5579],[36.1665,34.5592],[36.1645,34.5636],[36.1615,34.5642],[36.1576,34.5676],[36.1512,34.5661]]]},"properties":{"adm3_name":"Hedd","adm2_name":"Akkar","adm1_name":"Akkar"}},
{"type":"Feature","geometry":{"type":"Polygon","coordinates":[[[36.146,34.5329],[36.1448,34.5321],[36.1474,34.531],[36.1418,34.5238],[36.1423,34.5214],[36.1486,34.5218],[36.1501,34.5163],[36.1538,34.5156],[36.1546,34.5109],[36.1573,34.5034],[36.1639,34.4977],[36.1746,34.5102],[36.1747,34.5137],[36.1697,34.518],[36.1673,34.5219],[36.1726,34.5248],[36.1703,34.5254],[36.1669,34.5233],[36.1635,34.5242],[36.1596,34.5293],[36.1523,34.5322],[36.146,34.5329]]]},"properties":{"adm3_name":"Tikrit","adm2_name":"Akkar","adm1_name":"Akkar"}},
{"type":"Feature","geometry":{"type":"Polygon","coordinates":[[[36.1709,34.5349],[36.169,34.5331],[36.1717,34.5309],[36.1709,34.5349]]]},"properties":{"adm3_name":"Tallet Chattaha","adm2_name":"Akkar","adm1_name":"Akkar"}},
{"type":"Feature","geometry":{"type":"Polygon","coordinates":[[[36.154,34.5383],[36.149,34.5342],[36.146,34.5329],[36.1523,34.5322],[36.1596,34.5293],[36.1635,34.5242],[36.1669,34.5233],[36.1703,34.5254],[36.1699,34.5292],[36.1717,34.5309],[36.169,34.5331],[36.1709,34.5349],[36.1723,34.538],[36.1678,34.5428],[36.1595,34.5416],[36.1574,34.5388],[36.154,34.5383]]]},"properties":{"adm3_name":"Beit Mellat","adm2_name":"Akkar","adm1_name":"Akkar"}},
{"type":"Feature","geometry":{"type":"Polygon","coordinates":[[[36.2077,34.5601],[36.1978,34.5608],[36.1945,34.5602],[36.1938,34.5578],[36.1889,34.5587],[36.1888,34.5564],[36.1798,34.5576],[36.1765,34.5563],[36.1693,34.5574],[36.1658,34.555],[36.1606,34.5559],[36.1499,34.5512],[36.1485,34.5481],[36.148,34.5453],[36.145,34.5439],[36.1455,34.5403],[36.154,34.5383],[36.1574,34.5388],[36.1595,34.5416],[36.1678,34.5428],[36.1723,34.538],[36.1745,34.5349],[36.1791,34.5351],[36.1839,34.537],[36.1858,34.5357],[36.1861,34.5357],[36.1864,34.5371],[36.1932,34.5436],[36.1973,34.5437],[36.2044,34.5467],[36.2033,34.5506],[36.2077,34.5601]]]},"properties":{"adm3_name":"Beino","adm2_name":"Akkar","adm1_name":"Akkar"}},
{"type":"Feature","geometry":{"type":"Polygon","coordinates":[[[36.1723,34.538],[36.1709,34.5349],[36.1717,34.5309],[36.1699,34.5292],[36.1703,34.5254],[36.1726,34.5248],[36.1763,34.527],[36.1763,34.5311],[36.1745,34.5349],[36.1723,34.538]]]},"properties":{"adm3_name":"Aayoun Aakkar","adm2_name":"Akkar","adm1_name":"Akkar"}},
{"type":"Feature","geometry":{"type":"Polygon","coordinates":[[[36.1858,34.5357],[36.1839,34.537],[36.1791,34.5351],[36.1745,34.5349],[36.1763,34.5311],[36.1763,34.527],[36.1784,34.5257],[36.1829,34.5263],[36.1824,34.5297],[36.1864,34.53],[36.1838,34.5317],[36.1858,34.5357]]]},"properties":{"adm3_name":"Qboula","adm2_name":"Akkar","adm1_name":"Akkar"}},
{"type":"Feature","geometry":{"type":"Polygon","coordinates":[[[36.1929,34.5295],[36.1902,34.5306],[36.1895,34.5286],[36.1918,34.5271],[36.1938,34.5295],[36.1929,34.5295]]]},"properties":{"adm3_name":"Chaqdouf","adm2_name":"Akkar","adm1_name":"Akkar"}},
{"type":"Feature","geometry":{"type":"Polygon","coordinates":[[[36.1861,34.5357],[36.1858,34.5357],[36.1838,34.5317],[36.1864,34.53],[36.1911,34.532],[36.1861,34.5357]]]},"properties":{"adm3_name":"Borj Aakkar","adm2_name":"Akkar","adm1_name":"Akkar"}},
{"type":"Feature","geometry":{"type":"Polygon","coordinates":[[[36.2044,34.5467],[36.1973,34.5437],[36.1932,34.5436],[36.1864,34.5371],[36.1861,34.5357],[36.1911,34.532],[36.1929,34.5295],[36.1938,34.5295],[36.1957,34.5314],[36.2033,34.5307],[36.2087,34.5292],[36.2101,34.5314],[36.2098,34.5357],[36.2073,34.5413],[36.2071,34.5439],[36.2044,34.5467]]]},"properties":{"adm3_name":"Aaiyat","adm2_name":"Akkar","adm1_name":"Akkar"}},
{"type":"Feature","geometry":{"type":"Polygon","coordinates":[[[36.1911,34.532],[36.1864,34.53],[36.1824,34.5297],[36.1829,34.5263],[36.1897,34.5236],[36.195,34.5165],[36.2087,34.5113],[36.216,34.5117],[36.2142,34.5145],[36.2159,34.5223],[36.209,34.5234],[36.206,34.5255],[36.2054,34.5282],[36.2087,34.5292],[36.2033,34.5307],[36.1957,34.5314],[36.1938,34.5295],[36.1918,34.5271],[36.1895,34.5286],[36.1902,34.5306],[36.1929,34.5295],[36.1911,34.532]]]},"properties":{"adm3_name":"Aain Yaaqoub","adm2_name":"Akkar","adm1_name":"Akkar"}},
{"type":"Feature","geometry":{"type":"Polygon","coordinates":[[[36.1829,34.5263],[36.1784,34.5257],[36.1763,34.527],[36.1726,34.5248],[36.1673,34.5219],[36.1697,34.518],[36.1747,34.5137],[36.1774,34.5141],[36.1822,34.5111],[36.1855,34.5061],[36.1907,34.5077],[36.1953,34.5059],[36.2007,34.4998],[36.2063,34.5012],[36.2096,34.4992],[36.2135,34.5007],[36.2159,34.5036],[36.2129,34.5052],[36.216,34.5117],[36.2087,34.5113],[36.195,34.5165],[36.1897,34.5236],[36.1829,34.5263]]]},"properties":{"adm3_name":"Bezbina","adm2_name":"Akkar","adm1_name":"Akkar"}},
{"type":"Feature","geometry":{"type":"Polygon","coordinates":[[[36.221,34.5663],[36.2077,34.5601],[36.2112,34.5597],[36.2214,34.5616],[36.2244,34.5592],[36.2281,34.554],[36.2317,34.5517],[36.2367,34.552],[36.2362,34.5476],[36.2382,34.5442],[36.2354,34.5435],[36.2309,34.5403],[36.2302,34.5365],[36.2265,34.5354],[36.2198,34.535],[36.2176,34.5325],[36.2171,34.528],[36.2131,34.5309],[36.2101,34.5314],[36.2087,34.5292],[36.2054,34.5282],[36.206,34.5255],[36.209,34.5234],[36.2159,34.5223],[36.2142,34.5145],[36.216,34.5117],[36.2129,34.5052],[36.2159,34.5036],[36.2135,34.5007],[36.2096,34.4992],[36.2119,34.4947],[36.2203,34.5007],[36.2267,34.5036],[36.2286,34.5022],[36.2369,34.4992],[36.2449,34.4985],[36.2493,34.4995],[36.2553,34.4976],[36.2617,34.4976],[36.2596,34.4998],[36.2645,34.5027],[36.2646,34.5084],[36.2708,34.514],[36.2674,34.5199],[36.2682,34.524],[36.2718,34.5285],[36.2716,34.5335],[36.2671,34.5346],[36.2584,34.5398],[36.2568,34.5466],[36.2601,34.5521],[36.2542,34.5568],[36.2504,34.5623],[36.2412,34.5621],[36.2339,34.5659],[36.2333,34.5679],[36.23,34.5686],[36.2261,34.5661],[36.2232,34.5678],[36.221,34.5663]]]},"properties":{"adm3_name":"Aakkar El-Aatiqa","adm2_name":"Akkar","adm1_name":"Akkar"}},
{"type":"Feature","geometry":{"type":"Polygon","coordinates":[[[36.0616,34.5965],[36.0613,34.5935],[36.0582,34.5874],[36.0517,34.5838],[36.0501,34.5807],[36.05,34.5772],[36.0538,34.5771],[36.06,34.5748],[36.0719,34.5732],[36.0773,34.572],[36.0845,34.5766],[36.0827,34.5837],[36.074,34.591],[36.0626,34.5962],[36.0616,34.5965]]]},"properties":{"adm3_name":"Tall Aabbas El-Gharbi","adm2_name":"Akkar","adm1_name":"Akkar"}},
{"type":"Feature","geometry":{"type":"Polygon","coordinates":[[[36.0691,34.6144],[36.0674,34.6099],[36.0632,34.6025],[36.0641,34.599],[36.0626,34.5962],[36.074,34.591],[36.0827,34.5837],[36.0835,34.5864],[36.0876,34.5899],[36.0867,34.5927],[36.0839,34.5932],[36.08,34.6014],[36.0816,34.6063],[36.0798,34.6099],[36.0736,34.6088],[36.0706,34.6103],[36.0691,34.6144]]]},"properties":{"adm3_name":"Tall Aabbas Ech-Charqi","adm2_name":"Akkar","adm1_name":"Akkar"}},
{"type":"Feature","geometry":{"type":"Polygon","coordinates":[[[36.0876,34.5899],[36.0835,34.5864],[36.0827,34.5837],[36.0845,34.5766],[36.0889,34.5792],[36.0929,34.5784],[36.0971,34.5808],[36.0957,34.5839],[36.0919,34.5859],[36.0943,34.5897],[36.0876,34.5899]]]},"properties":{"adm3_name":"Koueikhat","adm2_name":"Akkar","adm1_name":"Akkar"}},
{"type":"Feature","geometry":{"type":"Polygon","coordinates":[[[36.0971,34.5808],[36.0929,34.5784],[36.0889,34.5792],[36.0845,34.5766],[36.0773,34.572],[36.0806,34.5672],[36.0847,34.5654],[36.0822,34.5603],[36.0862,34.5578],[36.0879,34.5598],[36.0911,34.5596],[36.0963,34.5546],[36.1056,34.5521],[36.1088,34.5564],[36.1111,34.555],[36.1115,34.56],[36.1018,34.5663],[36.0982,34.568],[36.0979,34.5712],[36.0948,34.5739],[36.1001,34.5769],[36.1014,34.5802],[36.0999,34.5816],[36.0971,34.5808]]]},"properties":{"adm3_name":"Khreibet Ej-Jindi","adm2_name":"Akkar","adm1_name":"Akkar"}},
{"type":"Feature","geometry":{"type":"Polygon","coordinates":[[[36.0798,34.6099],[36.0816,34.6063],[36.08,34.6014],[36.0839,34.5932],[36.0867,34.5927],[36.0876,34.5899],[36.0943,34.5897],[36.0944,34.5907],[36.0945,34.5951],[36.0996,34.5991],[36.0974,34.6017],[36.0913,34.6035],[36.0901,34.6088],[36.0914,34.614],[36.0877,34.6157],[36.0836,34.6131],[36.0784,34.6123],[36.0798,34.6099]]]},"properties":{"adm3_name":"Saadine","adm2_name":"Akkar","adm1_name":"Akkar"}},
{"type":"Feature","geometry":{"type":"Polygon","coordinates":[[[36.0944,34.5907],[36.0943,34.5897],[36.0919,34.5859],[36.0957,34.5839],[36.0971,34.5808],[36.0999,34.5816],[36.1035,34.5839],[36.1108,34.5862],[36.1128,34.5884],[36.1105,34.5907],[36.1034,34.5926],[36.0981,34.5906],[36.0944,34.5907]]]},"properties":{"adm3_name":"Haouchab","adm2_name":"Akkar","adm1_name":"Akkar"}},
{"type":"Feature","geometry":{"type":"Polygon","coordinates":[[[36.0374,34.5843],[36.0407,34.585],[36.046,34.5832],[36.0501,34.5807],[36.0517,34.5838],[36.0582,34.5874],[36.0613,34.5935],[36.0596,34.5953],[36.0524,34.5966],[36.0463,34.5942],[36.0427,34.5893],[36.039,34.5882],[36.0374,34.5843]]]},"properties":{"adm3_name":"Hayssa","adm2_name":"Akkar","adm1_name":"Akkar"}},
{"type":"Feature","geometry":{"type":"Polygon","coordinates":[[[36.1001,34.5769],[36.0948,34.5739],[36.0979,34.5712],[36.0982,34.568],[36.1018,34.5663],[36.1115,34.56],[36.1145,34.5608],[36.114,34.5631],[36.1215,34.5673],[36.1174,34.5729],[36.1144,34.5748],[36.1088,34.5751],[36.1047,34.577],[36.1001,34.5769]]]},"properties":{"adm3_name":"Hokr Etti","adm2_name":"Akkar","adm1_name":"Akkar"}},
{"type":"Feature","geometry":{"type":"Polygon","coordinates":[[[36.1014,34.6346],[36.0971,34.6361],[36.0971,34.6326],[36.0924,34.629],[36.0889,34.6294],[36.0855,34.6321],[36.0821,34.6309],[36.0818,34.6262],[36.0839,34.6231],[36.0885,34.6192],[36.0912,34.622],[36.0948,34.622],[36.0959,34.6183],[36.1056,34.6172],[36.1053,34.6138],[36.1139,34.613],[36.1163,34.6118],[36.1229,34.6137],[36.1212,34.6183],[36.1267,34.6224],[36.1217,34.6218],[36.1133,34.6259],[36.1075,34.6262],[36.1046,34.6298],[36.1061,34.632],[36.1014,34.6346]]]},"properties":{"adm3_name":"Chir Hmairine","adm2_name":"Akkar","adm1_name":"Akkar"}},
{"type":"Feature","geometry":{"type":"Polygon","coordinates":[[[36.0877,34.6157],[36.0914,34.614],[36.0901,34.6088],[36.0913,34.6035],[36.0974,34.6017],[36.0996,34.5991],[36.1026,34.5988],[36.105,34.6014],[36.1137,34.6024],[36.1162,34.6054],[36.1173,34.6096],[36.1237,34.6124],[36.1229,34.6137],[36.1163,34.6118],[36.1139,34.613],[36.1053,34.6138],[36.1056,34.6172],[36.0959,34.6183],[36.0948,34.622],[36.0912,34.622],[36.0885,34.6192],[36.0877,34.6157]]]},"properties":{"adm3_name":"Darine","adm2_name":"Akkar","adm1_name":"Akkar"}},
{"type":"Feature","geometry":{"type":"Polygon","coordinates":[[[36.025,34.5857],[36.0199,34.5835],[36.0266,34.5818],[36.0357,34.5768],[36.0356,34.572],[36.0376,34.5704],[36.0387,34.5659],[36.0405,34.5651],[36.0432,34.5659],[36.0471,34.556],[36.0555,34.5526],[36.0618,34.5562],[36.0644,34.5594],[36.0627,34.5619],[36.0689,34.5663],[36.0719,34.5732],[36.06,34.5748],[36.0538,34.5771],[36.05,34.5772],[36.0501,34.5807],[36.046,34.5832],[36.0407,34.585],[36.0374,34.5843],[36.0277,34.5866],[36.025,34.5857]]]},"properties":{"adm3_name":"Sammouniyeh","adm2_name":"Akkar","adm1_name":"Akkar"}},
{"type":"Feature","geometry":{"type":"Polygon","coordinates":[[[36.0438,34.629],[36.0426,34.6298],[36.0353,34.6277],[36.0341,34.631],[36.0277,34.6297],[36.0269,34.6312],[36.0226,34.6262],[36.0197,34.624],[36.0198,34.6231],[36.024,34.6206],[36.0308,34.6202],[36.0356,34.6124],[36.0384,34.6097],[36.0464,34.6061],[36.0496,34.6036],[36.0533,34.6027],[36.0567,34.5987],[36.0607,34.5989],[36.0616,34.5965],[36.0626,34.5962],[36.0641,34.599],[36.0632,34.6025],[36.0603,34.6074],[36.0552,34.6101],[36.0529,34.6145],[36.0453,34.6181],[36.0417,34.6229],[36.0438,34.629]]]},"properties":{"adm3_name":"Massaaoudiyeh","adm2_name":"Akkar","adm1_name":"Akkar"}},
{"type":"Feature","geometry":{"type":"Polygon","coordinates":[[[36.0185,34.6092],[36.0163,34.599],[36.0174,34.594],[36.0234,34.5918],[36.0213,34.5894],[36.0252,34.5878],[36.025,34.5857],[36.0277,34.5866],[36.0374,34.5843],[36.039,34.5882],[36.0427,34.5893],[36.0463,34.5942],[36.0524,34.5966],[36.0596,34.5953],[36.0613,34.5935],[36.0616,34.5965],[36.0607,34.5989],[36.0567,34.5987],[36.0533,34.6027],[36.0496,34.6036],[36.0464,34.6061],[36.0384,34.6097],[36.0308,34.6091],[36.0247,34.6129],[36.0193,34.6145],[36.0206,34.6118],[36.0185,34.6092]]]},"properties":{"adm3_name":"Tall Meaayan Tall Kiri","adm2_name":"Akkar","adm1_name":"Akkar"}},
{"type":"Feature","geometry":{"type":"Polygon","coordinates":[[[36.0158,34.5792],[36.0173,34.5763],[36.0169,34.5717],[36.0197,34.5651],[36.0253,34.5541],[36.0341,34.5611],[36.0405,34.5651],[36.0387,34.5659],[36.0376,34.5704],[36.0356,34.572],[36.0357,34.5768],[36.0266,34.5818],[36.0199,34.5835],[36.0158,34.5792]]]},"properties":{"adm3_name":"Qaabrine","adm2_name":"Akkar","adm1_name":"Akkar"}},
{"type":"Feature","geometry":{"type":"Polygon","coordinates":[[[36.0048,34.5652],[36.0029,34.5617],[36.0049,34.5604],[36.0059,34.5552],[36.0102,34.5437],[36.0132,34.5469],[36.0204,34.5457],[36.021,34.547],[36.0278,34.546],[36.0257,34.5505],[36.0253,34.5541],[36.0197,34.5651],[36.0169,34.5717],[36.0107,34.5717],[36.0048,34.5652]]]},"properties":{"adm3_name":"Kfar Melki Aakkar","adm2_name":"Akkar","adm1_name":"Akkar"}},
{"type":"Feature","geometry":{"type":"Polygon","coordinates":[[[36.0645,34.6326],[36.0618,34.6357],[36.0594,34.633],[36.0543,34.6323],[36.0528,34.6282],[36.0462,34.6298],[36.0438,34.629],[36.0417,34.6229],[36.0453,34.6181],[36.0529,34.6145],[36.0552,34.6101],[36.0603,34.6074],[36.0632,34.6025],[36.0674,34.6099],[36.0691,34.6144],[36.0708,34.6176],[36.0685,34.6238],[36.064,34.6286],[36.0645,34.6326]]]},"properties":{"adm3_name":"Tall Bireh","adm2_name":"Akkar","adm1_name":"Akkar"}},
{"type":"Feature","geometry":{"type":"Polygon","coordinates":[[[36.0821,34.6309],[36.0782,34.6338],[36.0762,34.6288],[36.0735,34.6316],[36.0673,34.634],[36.0645,34.6326],[36.064,34.6286],[36.0685,34.6238],[36.0708,34.6176],[36.0691,34.6144],[36.0706,34.6103],[36.0736,34.6088],[36.0798,34.6099],[36.0784,34.6123],[36.0836,34.6131],[36.0877,34.6157],[36.0885,34.6192],[36.0839,34.6231],[36.0818,34.6262],[36.0821,34.6309]]]},"properties":{"adm3_name":"Tall Hmayra","adm2_name":"Akkar","adm1_name":"Akkar"}},
{"type":"Feature","geometry":{"type":"Polygon","coordinates":[[[36.1156,34.6335],[36.1104,34.6326],[36.1049,34.6354],[36.1014,34.6346],[36.1061,34.632],[36.1046,34.6298],[36.1075,34.6262],[36.1133,34.6259],[36.1149,34.628],[36.1144,34.6314],[36.1157,34.6335],[36.1156,34.6335]]]},"properties":{"adm3_name":"Hokr Jouret Srar","adm2_name":"Akkar","adm1_name":"Akkar"}},
{"type":"Feature","geometry":{"type":"Polygon","coordinates":[[[36.1144,34.6314],[36.1149,34.628],[36.1133,34.6259],[36.1217,34.6218],[36.1267,34.6224],[36.1305,34.6233],[36.1274,34.6269],[36.1194,34.6307],[36.1169,34.6312],[36.1144,34.6314]]]},"properties":{"adm3_name":"Barcha","adm2_name":"Akkar","adm1_name":"Akkar"}},
{"type":"Feature","geometry":{"type":"Polygon","coordinates":[[[36.0107,34.61],[36.0093,34.6075],[36.0056,34.6064],[36.0031,34.5998],[36.0013,34.5986],[36.0008,34.5936],[35.9981,34.593],[35.992,34.5945],[35.9876,34.5941],[35.9902,34.582],[35.9934,34.5823],[36.0006,34.5796],[36.0091,34.5807],[36.0133,34.5788],[36.0158,34.5792],[36.0199,34.5835],[36.025,34.5857],[36.0252,34.5878],[36.0213,34.5894],[36.0234,34.5918],[36.0174,34.594],[36.0163,34.599],[36.0185,34.6092],[36.0107,34.61]]]},"properties":{"adm3_name":"Qleiaat Aakkar","adm2_name":"Akkar","adm1_name":"Akkar"}},
{"type":"Feature","geometry":{"type":"Polygon","coordinates":[[[36.0148,34.6167],[36.0193,34.6145],[36.0247,34.6129],[36.0308,34.6091],[36.0384,34.6097],[36.0356,34.6124],[36.0308,34.6202],[36.024,34.6206],[36.0198,34.6231],[36.0144,34.6201],[36.0148,34.6167]]]},"properties":{"adm3_name":"Kneisset Aakkar","adm2_name":"Akkar","adm1_name":"Akkar"}},
{"type":"Feature","geometry":{"type":"Polygon","coordinates":[[[36.0341,34.5611],[36.0253,34.5541],[36.0257,34.5505],[36.0278,34.546],[36.0299,34.5441],[36.0336,34.545],[36.0321,34.549],[36.0341,34.5499],[36.0329,34.5543],[36.0341,34.5611]]]},"properties":{"adm3_name":"Tall Sebaal","adm2_name":"Akkar","adm1_name":"Akkar"}},
{"type":"Feature","geometry":{"type":"Polygon","coordinates":[[[36.1232,34.6365],[36.1194,34.6393],[36.1165,34.6373],[36.1156,34.6335],[36.1157,34.6335],[36.1169,34.6323],[36.1232,34.6365]]]},"properties":{"adm3_name":"Aabboudiyeh","adm2_name":"Akkar","adm1_name":"Akkar"}},
{"type":"Feature","geometry":{"type":"Polygon","coordinates":[[[36.0193,34.6145],[36.0148,34.6167],[36.0126,34.6151],[36.0107,34.61],[36.0185,34.6092],[36.0206,34.6118],[36.0193,34.6145]]]},"properties":{"adm3_name":"Mighraq Aakkar","adm2_name":"Akkar","adm1_name":"Akkar"}},
{"type":"Feature","geometry":{"type":"Polygon","coordinates":[[[36.0269,34.6312],[36.0247,34.632],[36.0236,34.6353],[36.0196,34.6357],[36.0226,34.6262],[36.0269,34.6312]]]},"properties":{"adm3_name":"Hokr Ed-Dahri","adm2_name":"Akkar","adm1_name":"Akkar"}},
{"type":"Feature","geometry":{"type":"Polygon","coordinates":[[[36.0278,34.546],[36.021,34.547],[36.0204,34.5457],[36.0173,34.5433],[36.0176,34.5387],[36.0201,34.5365],[36.0253,34.5335],[36.0289,34.534],[36.03,34.5387],[36.0325,34.5415],[36.0299,34.5441],[36.0278,34.546]]]},"properties":{"adm3_name":"Marlaya Melhem","adm2_name":"Akkar","adm1_name":"Akkar"}},
{"type":"Feature","geometry":{"type":"Polygon","coordinates":[[[36.1232,34.6365],[36.1169,34.6323],[36.1169,34.6312],[36.1194,34.6307],[36.1274,34.6269],[36.1305,34.6233],[36.1343,34.6229],[36.1432,34.6248],[36.1434,34.6269],[36.1378,34.6297],[36.1281,34.6313],[36.1232,34.6365]]]},"properties":{"adm3_name":"Kharnoubet Aakkar","adm2_name":"Akkar","adm1_name":"Akkar"}},
{"type":"Feature","geometry":{"type":"Polygon","coordinates":[[[36.0204,34.5457],[36.0132,34.5469],[36.0102,34.5437],[36.0106,34.5426],[36.012,34.5411],[36.0146,34.5411],[36.0176,34.5387],[36.0173,34.5433],[36.0204,34.5457]]]},"properties":{"adm3_name":"Semmaqli","adm2_name":"Akkar","adm1_name":"Akkar"}},
{"type":"Feature","geometry":{"type":"Polygon","coordinates":[[[35.9934,34.5823],[35.9902,34.582],[35.9913,34.5774],[35.9921,34.5635],[35.9921,34.5531],[35.9905,34.5505],[35.9948,34.5475],[35.9986,34.5478],[36.0036,34.5445],[36.0059,34.5448],[36.0106,34.5426],[36.0102,34.5437],[36.0059,34.5552],[36.0049,34.5604],[36.0029,34.5617],[36.0048,34.5652],[36.0011,34.5669],[35.996,34.5728],[35.9931,34.5772],[35.9934,34.5823]]]},"properties":{"adm3_name":"Mqaiteaa","adm2_name":"Akkar","adm1_name":"Akkar"}},
{"type":"Feature","geometry":{"type":"Polygon","coordinates":[[[36.1542,34.6333],[36.151,34.6332],[36.1441,34.6354],[36.142,34.6343],[36.1375,34.6356],[36.133,34.6394],[36.1304,34.6388],[36.1269,34.6418],[36.1225,34.6418],[36.1194,34.6393],[36.1232,34.6365],[36.1281,34.6313],[36.1378,34.6297],[36.1434,34.6269],[36.1508,34.625],[36.1566,34.6225],[36.1577,34.6239],[36.1539,34.6297],[36.1542,34.6333]]]},"properties":{"adm3_name":"Janine","adm2_name":"Akkar","adm1_name":"Akkar"}},
{"type":"Feature","geometry":{"type":"Polygon","coordinates":[[[36.0176,34.5387],[36.0146,34.5411],[36.012,34.5411],[36.0086,34.5414],[36.0057,34.5348],[36.0003,34.5299],[35.9925,34.5248],[35.998,34.5213],[36.0028,34.5226],[36.0112,34.5279],[36.0113,34.5309],[36.0158,34.5316],[36.0159,34.5352],[36.0201,34.5365],[36.0176,34.5387]]]},"properties":{"adm3_name":"Aamaret Aakkar","adm2_name":"Akkar","adm1_name":"Akkar"}},
{"type":"Feature","geometry":{"type":"Polygon","coordinates":[[[36.0197,34.624],[36.0165,34.6251],[36.0143,34.6236],[36.0104,34.6301],[35.9988,34.6295],[35.9919,34.6274],[35.9903,34.6282],[35.9864,34.6246],[35.9865,34.6228],[35.98,34.6205],[35.9857,34.6022],[35.9876,34.5941],[35.992,34.5945],[35.9981,34.593],[36.0008,34.5936],[36.0013,34.5986],[36.0031,34.5998],[36.0056,34.6064],[36.0093,34.6075],[36.0107,34.61],[36.0126,34.6151],[36.0148,34.6167],[36.0144,34.6201],[36.0198,34.6231],[36.0197,34.624]]]},"properties":{"adm3_name":"Cheikh Zennad","adm2_name":"Akkar","adm1_name":"Akkar"}},
{"type":"Feature","geometry":{"type":"Polygon","coordinates":[[[36.0106,34.5426],[36.0059,34.5448],[36.0036,34.5445],[35.9986,34.5478],[35.9948,34.5475],[35.9905,34.5505],[35.9886,34.5382],[35.9858,34.5284],[35.985,34.5275],[35.9902,34.5246],[35.9925,34.5248],[36.0003,34.5299],[36.0057,34.5348],[36.0086,34.5414],[36.012,34.5411],[36.0106,34.5426]]]},"properties":{"adm3_name":"Qoubber Chamra","adm2_name":"Akkar","adm1_name":"Akkar"}},
{"type":"Feature","geometry":{"type":"Polygon","coordinates":[[[36.0196,34.6357],[36.0054,34.6427],[36.0068,34.6455],[35.9953,34.6426],[35.9935,34.6444],[35.9897,34.6436],[35.9902,34.6411],[35.9943,34.6401],[35.9946,34.635],[35.9976,34.6351],[36.0017,34.6307],[35.9988,34.6295],[36.0104,34.6301],[36.0143,34.6236],[36.0165,34.6251],[36.0197,34.624],[36.0226,34.6262],[36.0196,34.6357]]]},"properties":{"adm3_name":"Sammaqiyeh","adm2_name":"Akkar","adm1_name":"Akkar"}},
{"type":"Feature","geometry":{"type":"Polygon","coordinates":[[[35.9897,34.6436],[35.9901,34.6503],[35.985,34.6485],[35.9816,34.6498],[35.98,34.6441],[35.9759,34.6434],[35.9778,34.6361],[35.9757,34.6334],[35.98,34.6205],[35.9865,34.6228],[35.9864,34.6246],[35.9903,34.6282],[35.9919,34.6274],[35.9988,34.6295],[36.0017,34.6307],[35.9976,34.6351],[35.9946,34.635],[35.9943,34.6401],[35.9902,34.6411],[35.9897,34.6436]]]},"properties":{"adm3_name":"AAridet Cheikh Zennad","adm2_name":"Akkar","adm1_name":"Akkar"}},
{"type":"Feature","geometry":{"type":"Polygon","coordinates":[[[35.9925,34.5248],[35.9902,34.5246],[35.985,34.5275],[35.9808,34.5214],[35.9764,34.5185],[35.9793,34.5157],[35.977,34.5121],[35.9766,34.5078],[35.9834,34.5017],[35.9854,34.4969],[35.9895,34.493],[35.9899,34.4879],[35.9923,34.4899],[35.9975,34.4898],[35.9997,34.4859],[36.0013,34.4872],[36.0024,34.4928],[36.0091,34.4959],[36.0068,34.5006],[36.0072,34.5045],[36.0018,34.5095],[35.9985,34.5095],[35.9949,34.5113],[35.9871,34.5186],[35.998,34.5213],[35.9925,34.5248]]]},"properties":{"adm3_name":"Bebnine","adm2_name":"Akkar","adm1_name":"Akkar"}},
{"type":"Feature","geometry":{"type":"Polygon","coordinates":[[[35.9834,34.5017],[35.9766,34.5078],[35.977,34.5121],[35.9793,34.5157],[35.9764,34.5185],[35.9743,34.5168],[35.9637,34.518],[35.9547,34.5126],[35.9573,34.5103],[35.9619,34.5087],[35.9617,34.5069],[35.9645,34.4994],[35.9662,34.4971],[35.971,34.4961],[35.9737,34.4943],[35.9787,34.4975],[35.9834,34.5017]]]},"properties":{"adm3_name":"Mhammaret","adm2_name":"Akkar","adm1_name":"Akkar"}},
{"type":"Feature","geometry":{"type":"Polygon","coordinates":[[[36.0158,34.5792],[36.0133,34.5788],[36.0091,34.5807],[36.0006,34.5796],[35.9934,34.5823],[35.9931,34.5772],[35.996,34.5728],[36.0011,34.5669],[36.0048,34.5652],[36.0107,34.5717],[36.0169,34.5717],[36.0173,34.5763],[36.0158,34.5792]]]},"properties":{"adm3_name":"Rmoul","adm2_name":"Akkar","adm1_name":"Akkar"}},
{"type":"Feature","geometry":{"type":"Polygon","coordinates":[[[36.0544,34.4944],[36.0503,34.4876],[36.0542,34.4805],[36.0606,34.4797],[36.0618,34.4785],[36.0685,34.483],[36.0635,34.4898],[36.0628,34.4942],[36.0578,34.4936],[36.0544,34.4944]]]},"properties":{"adm3_name":"Sayssouq","adm2_name":"Akkar","adm1_name":"Akkar"}},
{"type":"Feature","geometry":{"type":"Polygon","coordinates":[[[36.0245,34.5052],[36.0219,34.5103],[36.0179,34.5098],[36.0154,34.5089],[36.0171,34.5032],[36.0193,34.5028],[36.0235,34.5001],[36.023,34.4929],[36.0205,34.4896],[36.0225,34.4864],[36.0222,34.4826],[36.0167,34.4831],[36.0114,34.4826],[36.0077,34.4786],[36.0134,34.4751],[36.0192,34.4759],[36.0239,34.4732],[36.0279,34.4725],[36.032,34.4693],[36.035,34.4744],[36.0375,34.474],[36.0425,34.4775],[36.0438,34.4822],[36.04,34.4845],[36.0399,34.4902],[36.0367,34.4928],[36.0329,34.4958],[36.0324,34.501],[36.0267,34.5028],[36.0245,34.5052]]]},"properties":{"adm3_name":"Berqayel","adm2_name":"Akkar","adm1_name":"Akkar"}},
{"type":"Feature","geometry":{"type":"Polygon","coordinates":[[[36.0438,34.4822],[36.0425,34.4775],[36.0375,34.474],[36.035,34.4744],[36.032,34.4693],[36.0355,34.4607],[36.0393,34.4562],[36.0384,34.4509],[36.035,34.4491],[36.0352,34.4468],[36.0325,34.4438],[36.0422,34.4416],[36.0469,34.4423],[36.0515,34.4455],[36.053,34.4461],[36.0543,34.4504],[36.0525,34.4542],[36.0527,34.4577],[36.0501,34.4607],[36.055,34.4621],[36.0586,34.4618],[36.0598,34.4655],[36.0564,34.4698],[36.0618,34.4716],[36.0663,34.4717],[36.074,34.4738],[36.0714,34.4758],[36.0648,34.4784],[36.0618,34.4785],[36.0606,34.4797],[36.0542,34.4805],[36.0503,34.4876],[36.0478,34.487],[36.0438,34.4822]]]},"properties":{"adm3_name":"Bzal","adm2_name":"Akkar","adm1_name":"Akkar"}},
{"type":"Feature","geometry":{"type":"Polygon","coordinates":[[[36.0635,34.4988],[36.0553,34.4999],[36.0544,34.4944],[36.0578,34.4936],[36.0628,34.4942],[36.0635,34.4988]]]},"properties":{"adm3_name":"Qloud El-Baqieh","adm2_name":"Akkar","adm1_name":"Akkar"}},
{"type":"Feature","geometry":{"type":"Polygon","coordinates":[[[36.0876,34.5045],[36.0867,34.5064],[36.0807,34.5073],[36.073,34.5022],[36.0661,34.4986],[36.0635,34.4988],[36.0628,34.4942],[36.0635,34.4898],[36.0685,34.483],[36.0618,34.4785],[36.0648,34.4784],[36.0714,34.4758],[36.074,34.4738],[36.0842,34.4747],[36.0939,34.4707],[36.1108,34.4742],[36.1069,34.4777],[36.1033,34.4861],[36.1051,34.4901],[36.103,34.4922],[36.1046,34.4963],[36.1041,34.4984],[36.0949,34.5008],[36.0938,34.503],[36.0876,34.5045]]]},"properties":{"adm3_name":"Dinbou","adm2_name":"Akkar","adm1_name":"Akkar"}},
{"type":"Feature","geometry":{"type":"Polygon","coordinates":[[[36.1046,34.4963],[36.103,34.4922],[36.1051,34.4901],[36.1033,34.4861],[36.1069,34.4777],[36.1108,34.4742],[36.1135,34.4761],[36.1142,34.4792],[36.1198,34.4766],[36.1187,34.4805],[36.1215,34.4833],[36.1178,34.4853],[36.1191,34.4884],[36.1182,34.4907],[36.1099,34.4929],[36.1046,34.4963]]]},"properties":{"adm3_name":"Chane","adm2_name":"Akkar","adm1_name":"Akkar"}},
{"type":"Feature","geometry":{"type":"Polygon","coordinates":[[[36.14,34.4823],[36.1453,34.4764],[36.1429,34.4747],[36.1423,34.4704],[36.1397,34.4678],[36.1422,34.466],[36.1471,34.4665],[36.1483,34.4704],[36.1525,34.4726],[36.1507,34.4751],[36.1514,34.4791],[36.1478,34.4799],[36.1432,34.4826],[36.14,34.4823]]]},"properties":{"adm3_name":"Beit Younes","adm2_name":"Akkar","adm1_name":"Akkar"}},
{"type":"Feature","geometry":{"type":"Polygon","coordinates":[[[36.1067,34.5122],[36.1019,34.5098],[36.0992,34.5121],[36.0944,34.5118],[36.0895,34.5085],[36.0871,34.5073],[36.0876,34.5045],[36.0938,34.503],[36.0949,34.5008],[36.1041,34.4984],[36.1046,34.4963],[36.1099,34.4929],[36.1182,34.4907],[36.1191,34.4884],[36.1228,34.4887],[36.1268,34.4826],[36.1333,34.4801],[36.13,34.4765],[36.1336,34.4741],[36.1384,34.4754],[36.1429,34.4747],[36.1453,34.4764],[36.14,34.4823],[36.1319,34.4879],[36.1248,34.5014],[36.116,34.5033],[36.1122,34.5031],[36.1104,34.5052],[36.1099,34.509],[36.1067,34.5122]]]},"properties":{"adm3_name":"Houaich","adm2_name":"Akkar","adm1_name":"Akkar"}},
{"type":"Feature","geometry":{"type":"Polygon","coordinates":[[[36.032,34.4693],[36.0279,34.4725],[36.0239,34.4732],[36.0159,34.4665],[36.0146,34.4634],[36.0152,34.459],[36.0092,34.4556],[36.0099,34.4541],[36.0049,34.4493],[36.0062,34.446],[36.0027,34.4426],[35.9935,34.4455],[35.9897,34.4442],[35.9907,34.4419],[35.9935,34.4408],[36.0024,34.4405],[36.0059,34.4396],[36.011,34.4404],[36.0181,34.4394],[36.0233,34.4411],[36.028,34.4438],[36.0325,34.4438],[36.0352,34.4468],[36.035,34.4491],[36.0384,34.4509],[36.0393,34.4562],[36.0355,34.4607],[36.032,34.4693]]]},"properties":{"adm3_name":"Sfaynet El-Qaitaa","adm2_name":"Akkar","adm1_name":"Akkar"}},
{"type":"Feature","geometry":{"type":"Polygon","coordinates":[[[36.1009,34.4599],[36.0928,34.4565],[36.0839,34.4564],[36.0823,34.4579],[36.0776,34.4568],[36.0734,34.4601],[36.0698,34.4607],[36.0666,34.4631],[36.0598,34.4655],[36.0586,34.4618],[36.055,34.4621],[36.0501,34.4607],[36.0527,34.4577],[36.0525,34.4542],[36.0543,34.4504],[36.053,34.4461],[36.0581,34.4452],[36.0651,34.4457],[36.072,34.4472],[36.0741,34.4457],[36.0893,34.4435],[36.1001,34.4467],[36.1031,34.4468],[36.1086,34.4512],[36.1108,34.4573],[36.1065,34.456],[36.1009,34.4599]]]},"properties":{"adm3_name":"Qabaait","adm2_name":"Akkar","adm1_name":"Akkar"}},
{"type":"Feature","geometry":{"type":"Polygon","coordinates":[[[36.1198,34.4766],[36.1142,34.4792],[36.1135,34.4761],[36.1108,34.4742],[36.0939,34.4707],[36.0842,34.4747],[36.074,34.4738],[36.0663,34.4717],[36.0618,34.4716],[36.0564,34.4698],[36.0598,34.4655],[36.0666,34.4631],[36.0698,34.4607],[36.0734,34.4601],[36.0776,34.4568],[36.0823,34.4579],[36.0839,34.4564],[36.0928,34.4565],[36.1009,34.4599],[36.113,34.4622],[36.1119,34.4675],[36.1179,34.4672],[36.1242,34.4656],[36.125,34.4711],[36.1222,34.4763],[36.1198,34.4766]]]},"properties":{"adm3_name":"Habchit","adm2_name":"Akkar","adm1_name":"Akkar"}},
{"type":"Feature","geometry":{"type":"Polygon","coordinates":[[[36.1525,34.4726],[36.1483,34.4704],[36.1471,34.4665],[36.1422,34.466],[36.1434,34.4643],[36.1509,34.4622],[36.1511,34.4586],[36.1534,34.4578],[36.1566,34.4636],[36.16,34.468],[36.1551,34.4701],[36.1546,34.4725],[36.1525,34.4726]]]},"properties":{"adm3_name":"Sadaqa","adm2_name":"Akkar","adm1_name":"Akkar"}},
{"type":"Feature","geometry":{"type":"Polygon","coordinates":[[[36.125,34.4711],[36.1242,34.4656],[36.1179,34.4672],[36.1119,34.4675],[36.113,34.4622],[36.1009,34.4599],[36.1065,34.456],[36.1108,34.4573],[36.1086,34.4512],[36.1031,34.4468],[36.1117,34.445],[36.1161,34.4467],[36.1203,34.4468],[36.1242,34.449],[36.1302,34.4479],[36.1323,34.4504],[36.1376,34.4519],[36.1414,34.4541],[36.1462,34.4543],[36.1534,34.4578],[36.1511,34.4586],[36.1509,34.4622],[36.1434,34.4643],[36.1422,34.466],[36.1397,34.4678],[36.1347,34.4712],[36.1311,34.4699],[36.125,34.4711]]]},"properties":{"adm3_name":"Hrar","adm2_name":"Akkar","adm1_name":"Akkar"}},
{"type":"Feature","geometry":{"type":"Polygon","coordinates":[[[36.1191,34.4884],[36.1178,34.4853],[36.1215,34.4833],[36.1187,34.4805],[36.1198,34.4766],[36.1222,34.4763],[36.125,34.4711],[36.1311,34.4699],[36.1347,34.4712],[36.1397,34.4678],[36.1423,34.4704],[36.1429,34.4747],[36.1384,34.4754],[36.1336,34.4741],[36.13,34.4765],[36.1333,34.4801],[36.1268,34.4826],[36.1228,34.4887],[36.1191,34.4884]]]},"properties":{"adm3_name":"Khreibet Aakkar","adm2_name":"Akkar","adm1_name":"Akkar"}},
{"type":"Feature","geometry":{"type":"Polygon","coordinates":[[[36.0441,34.5062],[36.0398,34.5089],[36.0349,34.508],[36.0355,34.5047],[36.0382,34.5038],[36.0404,34.5005],[36.04,34.4956],[36.0369,34.4957],[36.0367,34.4928],[36.0399,34.4902],[36.04,34.4845],[36.0438,34.4822],[36.0478,34.487],[36.0503,34.4876],[36.0544,34.4944],[36.0553,34.4999],[36.0514,34.5004],[36.0441,34.5062]]]},"properties":{"adm3_name":"Hmaireh Aakkar","adm2_name":"Akkar","adm1_name":"Akkar"}},
{"type":"Feature","geometry":{"type":"Polygon","coordinates":[[[36.1432,34.4826],[36.1478,34.4799],[36.1514,34.4791],[36.1507,34.4751],[36.1525,34.4726],[36.1546,34.4725],[36.1585,34.4769],[36.1623,34.4799],[36.1587,34.487],[36.1546,34.4906],[36.1505,34.4882],[36.1468,34.4878],[36.1434,34.4856],[36.1432,34.4826]]]},"properties":{"adm3_name":"Qraiyat","adm2_name":"Akkar","adm1_name":"Akkar"}},
{"type":"Feature","geometry":{"type":"Polygon","coordinates":[[[36.1585,34.4769],[36.1546,34.4725],[36.1551,34.4701],[36.16,34.468],[36.1639,34.472],[36.1585,34.4769]]]},"properties":{"adm3_name":"Beit Ayoub","adm2_name":"Akkar","adm1_name":"Akkar"}},
{"type":"Feature","geometry":{"type":"Polygon","coordinates":[[[36.0091,34.4959],[36.0024,34.4928],[36.0013,34.4872],[35.9997,34.4859],[36.0025,34.4864],[36.0114,34.4826],[36.0167,34.4831],[36.0222,34.4826],[36.0225,34.4864],[36.0205,34.4896],[36.023,34.4929],[36.0235,34.5001],[36.0193,34.5028],[36.014,34.4969],[36.0091,34.4959]]]},"properties":{"adm3_name":"Qardaf","adm2_name":"Akkar","adm1_name":"Akkar"}},
{"type":"Feature","geometry":{"type":"Polygon","coordinates":[[[36.0077,34.4786],[36.0037,34.473],[36.002,34.4744],[35.9959,34.472],[35.9985,34.4689],[35.9903,34.4695],[35.9904,34.4748],[35.9874,34.4762],[35.9866,34.4827],[35.9852,34.4825],[35.9854,34.4787],[35.9895,34.4719],[35.9878,34.4629],[35.9891,34.4573],[35.9907,34.4554],[35.9923,34.4499],[35.9895,34.4462],[35.9897,34.4442],[35.9935,34.4455],[36.0027,34.4426],[36.0062,34.446],[36.0049,34.4493],[36.0099,34.4541],[36.0092,34.4556],[36.0152,34.459],[36.0146,34.4634],[36.0159,34.4665],[36.0092,34.4712],[36.0077,34.4786]]]},"properties":{"adm3_name":"Jdeidet El-Qaitaa","adm2_name":"Akkar","adm1_name":"Akkar"}},
{"type":"Feature","geometry":{"type":"Polygon","coordinates":[[[36.0239,34.4732],[36.0192,34.4759],[36.0134,34.4751],[36.0077,34.4786],[36.0092,34.4712],[36.0159,34.4665],[36.0239,34.4732]]]},"properties":{"adm3_name":"Aayoun El-Ghizlane","adm2_name":"Akkar","adm1_name":"Akkar"}},
{"type":"Feature","geometry":{"type":"Polygon","coordinates":[[[36.1755,34.4788],[36.1692,34.4747],[36.1662,34.4746],[36.1639,34.472],[36.16,34.468],[36.1566,34.4636],[36.1534,34.4578],[36.1462,34.4543],[36.1414,34.4541],[36.1376,34.4519],[36.1323,34.4504],[36.1302,34.4479],[36.1242,34.449],[36.1203,34.4468],[36.1235,34.4451],[36.1316,34.4381],[36.1358,34.4338],[36.1405,34.4269],[36.1425,34.4217],[36.145,34.42],[36.1518,34.4202],[36.1555,34.4192],[36.1586,34.4201],[36.1738,34.4179],[36.1864,34.4129],[36.194,34.4158],[36.198,34.4156],[36.202,34.4175],[36.2153,34.42],[36.2181,34.4172],[36.2279,34.4206],[36.2307,34.425],[36.2322,34.4283],[36.2299,34.4316],[36.2235,34.4331],[36.2193,34.4352],[36.2158,34.4345],[36.211,34.437],[36.2168,34.4394],[36.218,34.4425],[36.2157,34.4453],[36.2069,34.4467],[36.1999,34.4542],[36.1971,34.4558],[36.1931,34.4602],[36.1871,34.462],[36.1861,34.4659],[36.1804,34.4688],[36.1782,34.472],[36.1745,34.473],[36.1755,34.4788]]]},"properties":{"adm3_name":"Michmich Aakkar","adm2_name":"Akkar","adm1_name":"Akkar"}},
{"type":"Feature","geometry":{"type":"Polygon","coordinates":[[[36.1546,34.4906],[36.1587,34.487],[36.1623,34.4799],[36.1585,34.4769],[36.1639,34.472],[36.1662,34.4746],[36.1692,34.4747],[36.1755,34.4788],[36.1807,34.4813],[36.181,34.4843],[36.1692,34.4821],[36.1676,34.4886],[36.1626,34.4926],[36.1578,34.4934],[36.1546,34.4906]]]},"properties":{"adm3_name":"Qornet Aakkar","adm2_name":"Akkar","adm1_name":"Akkar"}},
{"type":"Feature","geometry":{"type":"Polygon","coordinates":[[[36.2203,34.5007],[36.2119,34.4947],[36.2022,34.4914],[36.1928,34.4902],[36.1907,34.4911],[36.1822,34.4889],[36.1786,34.4919],[36.1726,34.4944],[36.1646,34.4966],[36.1626,34.4926],[36.1676,34.4886],[36.1692,34.4821],[36.181,34.4843],[36.1807,34.4813],[36.1755,34.4788],[36.1745,34.473],[36.1782,34.472],[36.1804,34.4688],[36.1861,34.4659],[36.1871,34.462],[36.1931,34.4602],[36.1971,34.4558],[36.1999,34.4542],[36.2069,34.4467],[36.2157,34.4453],[36.218,34.4425],[36.2168,34.4394],[36.211,34.437],[36.2158,34.4345],[36.2193,34.4352],[36.2235,34.4331],[36.2299,34.4316],[36.2322,34.4283],[36.2307,34.425],[36.2325,34.4202],[36.2351,34.418],[36.244,34.4184],[36.2451,34.4219],[36.2483,34.4247],[36.2476,34.4326],[36.2463,34.4341],[36.2425,34.4353],[36.2423,34.4442],[36.24,34.4505],[36.2408,34.4543],[36.2429,34.4574],[36.2462,34.4593],[36.2587,34.4682],[36.2588,34.4724],[36.2539,34.4733],[36.251,34.4758],[36.2452,34.4747],[36.24,34.4761],[36.2305,34.4768],[36.2271,34.4777],[36.2223,34.4818],[36.2174,34.4874],[36.2198,34.4933],[36.2203,34.5007]]]},"properties":{"adm3_name":"Fnaydeq","adm2_name":"Akkar","adm1_name":"Akkar"}},
{"type":"Feature","geometry":{"type":"Polygon","coordinates":[[[36.0349,34.508],[36.034,34.5094],[36.0291,34.5051],[36.0245,34.5052],[36.0267,34.5028],[36.0324,34.501],[36.0329,34.4958],[36.0367,34.4928],[36.0369,34.4957],[36.04,34.4956],[36.0404,34.5005],[36.0382,34.5038],[36.0355,34.5047],[36.0349,34.508]]]},"properties":{"adm3_name":"Majdala","adm2_name":"Akkar","adm1_name":"Akkar"}},
{"type":"Feature","geometry":{"type":"Polygon","coordinates":[[[36.2096,34.4992],[36.2063,34.5012],[36.2007,34.4998],[36.1953,34.5059],[36.1907,34.5077],[36.1855,34.5061],[36.1855,34.5016],[36.1824,34.4978],[36.1768,34.4942],[36.1726,34.4944],[36.1786,34.4919],[36.1822,34.4889],[36.1907,34.4911],[36.1928,34.4902],[36.2022,34.4914],[36.2119,34.4947],[36.2096,34.4992]]]},"properties":{"adm3_name":"Tshea","adm2_name":"Akkar","adm1_name":"Akkar"}},
{"type":"Feature","geometry":{"type":"Polygon","coordinates":[[[36.1108,34.5139],[36.1067,34.5122],[36.1099,34.509],[36.1104,34.5052],[36.1122,34.5031],[36.116,34.5033],[36.1248,34.5014],[36.1319,34.4879],[36.14,34.4823],[36.1432,34.4826],[36.1434,34.4856],[36.1468,34.4878],[36.1505,34.4882],[36.1546,34.4906],[36.1578,34.4934],[36.1626,34.4926],[36.1646,34.4966],[36.1639,34.4977],[36.1573,34.5034],[36.1546,34.5109],[36.1538,34.5156],[36.1501,34.5163],[36.1486,34.5218],[36.1423,34.5214],[36.1379,34.5193],[36.1319,34.5183],[36.1292,34.5132],[36.123,34.5116],[36.1165,34.5142],[36.1137,34.512],[36.1108,34.5139]]]},"properties":{"adm3_name":"Rahbeh","adm2_name":"Akkar","adm1_name":"Akkar"}},
{"type":"Feature","geometry":{"type":"Polygon","coordinates":[[[36.0028,34.5226],[35.998,34.5213],[35.9871,34.5186],[35.9949,34.5113],[35.9985,34.5095],[36.0018,34.5095],[36.0072,34.5045],[36.0068,34.5006],[36.0091,34.4959],[36.014,34.4969],[36.0193,34.5028],[36.0171,34.5032],[36.0154,34.5089],[36.0179,34.5098],[36.0116,34.513],[36.0092,34.5155],[36.0049,34.5176],[36.0028,34.5226]]]},"properties":{"adm3_name":"Ouadi El-Jamous","adm2_name":"Akkar","adm1_name":"Akkar"}},
{"type":"Feature","geometry":{"type":"Polygon","coordinates":[[[35.9997,34.4859],[35.9975,34.4898],[35.9923,34.4899],[35.9899,34.4879],[35.9844,34.4856],[35.9866,34.4827],[35.9874,34.4762],[35.9904,34.4748],[35.9903,34.4695],[35.9985,34.4689],[35.9959,34.472],[36.002,34.4744],[36.0037,34.473],[36.0077,34.4786],[36.0114,34.4826],[36.0025,34.4864],[35.9997,34.4859]]]},"properties":{"adm3_name":"Beit El-Haouch","adm2_name":"Akkar","adm1_name":"Akkar"}},
{"type":"Feature","geometry":{"type":"Polygon","coordinates":[[[36.1855,34.5061],[36.1822,34.5111],[36.1774,34.5141],[36.1747,34.5137],[36.1746,34.5102],[36.1639,34.4977],[36.1646,34.4966],[36.1726,34.4944],[36.1768,34.4942],[36.1824,34.4978],[36.1855,34.5016],[36.1855,34.5061]]]},"properties":{"adm3_name":"Menneaa","adm2_name":"Akkar","adm1_name":"Akkar"}},
{"type":"Feature","geometry":{"type":"Polygon","coordinates":[[[36.2897,34.6191],[36.2863,34.6218],[36.2804,34.6237],[36.2772,34.6238],[36.273,34.626],[36.2701,34.629],[36.2674,34.6273],[36.2685,34.6248],[36.2672,34.6182],[36.2724,34.6119],[36.2761,34.6123],[36.2861,34.6109],[36.289,34.6138],[36.2914,34.6145],[36.2897,34.6191]]]},"properties":{"adm3_name":"Cheikhlar","adm2_name":"Akkar","adm1_name":"Akkar"}},
{"type":"Feature","geometry":{"type":"Polygon","coordinates":[[[36.2639,34.6282],[36.2595,34.6289],[36.2574,34.6262],[36.2591,34.6232],[36.2584,34.618],[36.2567,34.6153],[36.2605,34.6132],[36.259,34.6112],[36.261,34.6079],[36.2632,34.608],[36.2724,34.6119],[36.2672,34.6182],[36.2685,34.6248],[36.2674,34.6273],[36.2639,34.6282]]]},"properties":{"adm3_name":"Rmah","adm2_name":"Akkar","adm1_name":"Akkar"}},
{"type":"Feature","geometry":{"type":"Polygon","coordinates":[[[36.2639,34.6282],[36.2615,34.6304],[36.2561,34.6322],[36.2472,34.6335],[36.2438,34.6361],[36.2416,34.6323],[36.2368,34.6319],[36.2378,34.629],[36.2442,34.6269],[36.2445,34.625],[36.2483,34.6216],[36.2544,34.6241],[36.2591,34.6232],[36.2574,34.6262],[36.2595,34.6289],[36.2639,34.6282]]]},"properties":{"adm3_name":"Kfar Noun","adm2_name":"Akkar","adm1_name":"Akkar"}},
{"type":"Feature","geometry":{"type":"Polygon","coordinates":[[[36.2464,34.6007],[36.2445,34.5958],[36.2511,34.5943],[36.2501,34.5872],[36.2565,34.5891],[36.2581,34.5918],[36.2611,34.5926],[36.2636,34.5953],[36.2611,34.6025],[36.2513,34.6007],[36.2464,34.6007]]]},"properties":{"adm3_name":"Bardeh","adm2_name":"Akkar","adm1_name":"Akkar"}},
{"type":"Feature","geometry":{"type":"Polygon","coordinates":[[[36.2946,34.6212],[36.2943,34.6283],[36.2976,34.6309],[36.2967,34.6344],[36.2915,34.6331],[36.2877,34.6302],[36.2856,34.6323],[36.2821,34.6316],[36.2782,34.6283],[36.2756,34.6296],[36.2701,34.629],[36.273,34.626],[36.2772,34.6238],[36.2804,34.6237],[36.2863,34.6218],[36.2897,34.6191],[36.2946,34.6212]]]},"properties":{"adm3_name":"Khirbet Er Remmane","adm2_name":"Akkar","adm1_name":"Akkar"}},
{"type":"Feature","geometry":{"type":"Polygon","coordinates":[[[36.2293,34.5813],[36.2276,34.5808],[36.2282,34.5758],[36.2206,34.5712],[36.221,34.5663],[36.2232,34.5678],[36.2261,34.5661],[36.23,34.5686],[36.2333,34.5679],[36.2385,34.5704],[36.2414,34.5738],[36.2443,34.5735],[36.2495,34.5752],[36.2516,34.5827],[36.2493,34.5849],[36.2431,34.5847],[36.2358,34.5824],[36.2293,34.5813]]]},"properties":{"adm3_name":"Sindianet Zeidane","adm2_name":"Akkar","adm1_name":"Akkar"}},
{"type":"Feature","geometry":{"type":"Polygon","coordinates":[[[36.2206,34.6179],[36.2252,34.6108],[36.2297,34.6094],[36.2345,34.6095],[36.2343,34.6152],[36.2332,34.6184],[36.228,34.6196],[36.2262,34.6229],[36.2219,34.6234],[36.2204,34.625],[36.2188,34.6228],[36.2206,34.6179]]]},"properties":{"adm3_name":"Fraydes Aakkar","adm2_name":"Akkar","adm1_name":"Akkar"}},
{"type":"Feature","geometry":{"type":"Polygon","coordinates":[[[36.2378,34.629],[36.2368,34.6272],[36.2283,34.6297],[36.227,34.6263],[36.2233,34.6272],[36.2204,34.625],[36.2219,34.6234],[36.2262,34.6229],[36.228,34.6196],[36.2332,34.6184],[36.2343,34.6152],[36.2397,34.6132],[36.2404,34.6104],[36.2439,34.6077],[36.246,34.6015],[36.2464,34.6007],[36.2513,34.6007],[36.2611,34.6025],[36.261,34.6079],[36.259,34.6112],[36.2605,34.6132],[36.2567,34.6153],[36.2584,34.618],[36.2591,34.6232],[36.2544,34.6241],[36.2483,34.6216],[36.2445,34.625],[36.2442,34.6269],[36.2378,34.629]]]},"properties":{"adm3_name":"Mounjez","adm2_name":"Akkar","adm1_name":"Akkar"}},
{"type":"Feature","geometry":{"type":"Polygon","coordinates":[[[36.2343,34.6152],[36.2345,34.6095],[36.2404,34.6011],[36.2431,34.6025],[36.246,34.6015],[36.2439,34.6077],[36.2404,34.6104],[36.2397,34.6132],[36.2343,34.6152]]]},"properties":{"adm3_name":"Qsair Aakkar","adm2_name":"Akkar","adm1_name":"Akkar"}},
{"type":"Feature","geometry":{"type":"Polygon","coordinates":[[[36.246,34.6015],[36.2431,34.6025],[36.2404,34.6011],[36.2353,34.5981],[36.2317,34.5985],[36.2262,34.5953],[36.2233,34.5971],[36.2209,34.5953],[36.2214,34.5947],[36.2251,34.5919],[36.2288,34.5827],[36.2293,34.5813],[36.2358,34.5824],[36.2431,34.5847],[36.2493,34.5849],[36.2501,34.5872],[36.2511,34.5943],[36.2445,34.5958],[36.2464,34.6007],[36.246,34.6015]]]},"properties":{"adm3_name":"Biret Aakkar","adm2_name":"Akkar","adm1_name":"Akkar"}},
{"type":"Feature","geometry":{"type":"Polygon","coordinates":[[[36.2148,34.5849],[36.2172,34.5849],[36.2206,34.5813],[36.219,34.5795],[36.2252,34.5805],[36.2288,34.5827],[36.2251,34.5919],[36.2214,34.5947],[36.2131,34.5885],[36.2148,34.5849]]]},"properties":{"adm3_name":"Khirbet Daoud Aakkar","adm2_name":"Akkar","adm1_name":"Akkar"}},
{"type":"Feature","geometry":{"type":"Polygon","coordinates":[[[36.2062,34.585],[36.2055,34.5834],[36.2081,34.5792],[36.2058,34.5741],[36.2118,34.5763],[36.2124,34.5782],[36.219,34.5795],[36.2206,34.5813],[36.2172,34.5849],[36.2148,34.5849],[36.2062,34.585]]]},"properties":{"adm3_name":"Daghleh","adm2_name":"Akkar","adm1_name":"Akkar"}},
{"type":"Feature","geometry":{"type":"Polygon","coordinates":[[[36.3084,34.6385],[36.3051,34.6404],[36.301,34.6404],[36.2988,34.6392],[36.2967,34.6344],[36.2976,34.6309],[36.2943,34.6283],[36.2946,34.6212],[36.2969,34.6184],[36.3005,34.6184],[36.3083,34.6163],[36.3089,34.6178],[36.309,34.6212],[36.3068,34.6248],[36.3068,34.6309],[36.3085,34.631],[36.3084,34.6385]]]},"properties":{"adm3_name":"Aaouaainat Aakkar","adm2_name":"Akkar","adm1_name":"Akkar"}},
{"type":"Feature","geometry":{"type":"Polygon","coordinates":[[[36.2345,34.6095],[36.2297,34.6094],[36.2252,34.6108],[36.2187,34.6044],[36.2189,34.6017],[36.2125,34.6025],[36.2074,34.5999],[36.2047,34.5967],[36.2046,34.5966],[36.2067,34.5943],[36.2157,34.5939],[36.2209,34.5953],[36.2233,34.5971],[36.2262,34.5953],[36.2317,34.5985],[36.2353,34.5981],[36.2404,34.6011],[36.2345,34.6095]]]},"properties":{"adm3_name":"Aamriyet Aakkar","adm2_name":"Akkar","adm1_name":"Akkar"}},
{"type":"Feature","geometry":{"type":"Polygon","coordinates":[[[36.2214,34.5947],[36.2209,34.5953],[36.2157,34.5939],[36.2067,34.5943],[36.2046,34.5966],[36.2057,34.5907],[36.2043,34.5897],[36.2062,34.585],[36.2148,34.5849],[36.2131,34.5885],[36.2214,34.5947]]]},"properties":{"adm3_name":"Kafr","adm2_name":"Akkar","adm1_name":"Akkar"}},
{"type":"Feature","geometry":{"type":"Polygon","coordinates":[[[36.1926,34.5833],[36.1956,34.5795],[36.193,34.5763],[36.1962,34.5762],[36.199,34.5731],[36.2043,34.5729],[36.2058,34.5741],[36.2081,34.5792],[36.2055,34.5834],[36.2017,34.5841],[36.1997,34.586],[36.1958,34.5867],[36.1926,34.5833]]]},"properties":{"adm3_name":"Bsatine Aakkar","adm2_name":"Akkar","adm1_name":"Akkar"}},
{"type":"Feature","geometry":{"type":"Polygon","coordinates":[[[36.1997,34.5974],[36.1955,34.5957],[36.1896,34.5918],[36.1926,34.5876],[36.1958,34.5867],[36.1997,34.586],[36.2017,34.5841],[36.2055,34.5834],[36.2062,34.585],[36.2043,34.5897],[36.2057,34.5907],[36.2046,34.5966],[36.2047,34.5967],[36.1997,34.5974]]]},"properties":{"adm3_name":"Aain Ez-Zeit","adm2_name":"Akkar","adm1_name":"Akkar"}},
{"type":"Feature","geometry":{"type":"Polygon","coordinates":[[[36.1996,34.6234],[36.1971,34.6223],[36.1974,34.6174],[36.1889,34.6135],[36.1898,34.6101],[36.1942,34.6079],[36.193,34.6037],[36.1986,34.6012],[36.1997,34.5974],[36.2047,34.5967],[36.2074,34.5999],[36.2125,34.6025],[36.2189,34.6017],[36.2187,34.6044],[36.2252,34.6108],[36.2206,34.6179],[36.2186,34.6164],[36.2094,34.6173],[36.2053,34.6213],[36.2013,34.6203],[36.1996,34.6234]]]},"properties":{"adm3_name":"Kouachra","adm2_name":"Akkar","adm1_name":"Akkar"}},
{"type":"Feature","geometry":{"type":"Polygon","coordinates":[[[36.3084,34.6385],[36.3085,34.631],[36.3145,34.6284],[36.3193,34.6288],[36.3198,34.6344],[36.3182,34.6371],[36.3084,34.6385]]]},"properties":{"adm3_name":"Khalsa","adm2_name":"Akkar","adm1_name":"Akkar"}},
{"type":"Feature","geometry":{"type":"Polygon","coordinates":[[[36.1819,34.5838],[36.182,34.581],[36.1859,34.5789],[36.1892,34.5749],[36.193,34.5739],[36.193,34.5763],[36.1956,34.5795],[36.1926,34.5833],[36.1819,34.5838]]]},"properties":{"adm3_name":"Khirbet Char","adm2_name":"Akkar","adm1_name":"Akkar"}},
{"type":"Feature","geometry":{"type":"Polygon","coordinates":[[[36.2233,34.6272],[36.22,34.6302],[36.2131,34.6304],[36.2093,34.6319],[36.2062,34.6347],[36.201,34.6375],[36.1962,34.6359],[36.1931,34.637],[36.1877,34.6362],[36.1942,34.6296],[36.1946,34.6263],[36.1996,34.6234],[36.2013,34.6203],[36.2053,34.6213],[36.2094,34.6173],[36.2186,34.6164],[36.2206,34.6179],[36.2188,34.6228],[36.2204,34.625],[36.2233,34.6272]]]},"properties":{"adm3_name":"Dibbabiyeh","adm2_name":"Akkar","adm1_name":"Akkar"}},
{"type":"Feature","geometry":{"type":"Polygon","coordinates":[[[36.1742,34.5795],[36.1768,34.5764],[36.1834,34.5735],[36.1823,34.5714],[36.1923,34.5678],[36.1963,34.5704],[36.193,34.5739],[36.1892,34.5749],[36.1859,34.5789],[36.1763,34.5803],[36.1742,34.5795]]]},"properties":{"adm3_name":"Berbara Aakkar","adm2_name":"Akkar","adm1_name":"Akkar"}},
{"type":"Feature","geometry":{"type":"Polygon","coordinates":[[[36.1855,34.5897],[36.1826,34.5886],[36.1752,34.5883],[36.1736,34.5874],[36.1702,34.5865],[36.166,34.5821],[36.169,34.5816],[36.1819,34.5838],[36.1926,34.5833],[36.1958,34.5867],[36.1926,34.5876],[36.1896,34.5918],[36.1855,34.5897]]]},"properties":{"adm3_name":"Aain Tinta","adm2_name":"Akkar","adm1_name":"Akkar"}},
{"type":"Feature","geometry":{"type":"Polygon","coordinates":[[[36.3496,34.6633],[36.3469,34.6627],[36.3303,34.6624],[36.3096,34.6628],[36.303,34.6677],[36.3034,34.6649],[36.3087,34.6555],[36.3052,34.6524],[36.305,34.6481],[36.301,34.6404],[36.3051,34.6404],[36.3084,34.6385],[36.3182,34.6371],[36.3198,34.6344],[36.3193,34.6288],[36.3145,34.6284],[36.3085,34.631],[36.3068,34.6309],[36.3068,34.6248],[36.309,34.6212],[36.3089,34.6178],[36.3122,34.6147],[36.3171,34.6151],[36.3177,34.6092],[36.3156,34.6017],[36.3193,34.6008],[36.3258,34.5972],[36.3327,34.5972],[36.3335,34.6065],[36.3363,34.607],[36.3377,34.6145],[36.3395,34.6197],[36.3344,34.6234],[36.3338,34.6265],[36.3298,34.6294],[36.33,34.6364],[36.3317,34.6414],[36.3355,34.6467],[36.3383,34.6483],[36.342,34.6531],[36.3461,34.6546],[36.3513,34.6516],[36.3544,34.6534],[36.3516,34.6421],[36.359,34.6412],[36.3588,34.6356],[36.3561,34.6338],[36.3561,34.6294],[36.3613,34.6306],[36.3683,34.6356],[36.3688,34.6387],[36.3675,34.6423],[36.3658,34.6423],[36.3548,34.6554],[36.3551,34.6572],[36.3505,34.6606],[36.3496,34.6633]]]},"properties":{"adm3_name":"Machta Hammoud","adm2_name":"Akkar","adm1_name":"Akkar"}},
{"type":"Feature","geometry":{"type":"Polygon","coordinates":[[[36.1753,34.619],[36.1737,34.6154],[36.1749,34.6118],[36.1739,34.6066],[36.1702,34.6008],[36.1708,34.5992],[36.1773,34.6012],[36.1842,34.5966],[36.1855,34.5897],[36.1896,34.5918],[36.1955,34.5957],[36.1997,34.5974],[36.1986,34.6012],[36.193,34.6037],[36.1942,34.6079],[36.1898,34.6101],[36.1889,34.6135],[36.1865,34.6126],[36.179,34.6154],[36.1753,34.619]]]},"properties":{"adm3_name":"Baghdadi","adm2_name":"Akkar","adm1_name":"Akkar"}},
{"type":"Feature","geometry":{"type":"Polygon","coordinates":[[[36.1681,34.5766],[36.1631,34.5745],[36.1633,34.572],[36.1611,34.5668],[36.1576,34.5676],[36.1615,34.5642],[36.1645,34.5636],[36.1665,34.5592],[36.1634,34.5579],[36.1591,34.5581],[36.1606,34.5559],[36.1658,34.555],[36.1693,34.5574],[36.1765,34.5563],[36.1798,34.5576],[36.1888,34.5564],[36.1889,34.5587],[36.1938,34.5578],[36.1945,34.5602],[36.1978,34.5608],[36.1931,34.5614],[36.1971,34.5695],[36.2043,34.5729],[36.199,34.5731],[36.1962,34.5762],[36.193,34.5763],[36.193,34.5739],[36.1963,34.5704],[36.1923,34.5678],[36.1823,34.5714],[36.1834,34.5735],[36.1768,34.5764],[36.1742,34.5795],[36.1681,34.5766]]]},"properties":{"adm3_name":"Deir Jannine","adm2_name":"Akkar","adm1_name":"Akkar"}},
{"type":"Feature","geometry":{"type":"Polygon","coordinates":[[[36.1819,34.5838],[36.169,34.5816],[36.1671,34.5799],[36.1681,34.5766],[36.1742,34.5795],[36.1763,34.5803],[36.1859,34.5789],[36.182,34.581],[36.1819,34.5838]]]},"properties":{"adm3_name":"Douair Aadouiyeh","adm2_name":"Akkar","adm1_name":"Akkar"}},
{"type":"Feature","geometry":{"type":"Polygon","coordinates":[[[36.1889,34.6135],[36.1974,34.6174],[36.1971,34.6223],[36.1996,34.6234],[36.1946,34.6263],[36.1942,34.6296],[36.1877,34.6362],[36.1769,34.6329],[36.174,34.6286],[36.1753,34.624],[36.1745,34.6222],[36.1753,34.619],[36.179,34.6154],[36.1865,34.6126],[36.1889,34.6135]]]},"properties":{"adm3_name":"Noura Et-Tahta","adm2_name":"Akkar","adm1_name":"Akkar"}},
{"type":"Feature","geometry":{"type":"Polygon","coordinates":[[[36.1636,34.586],[36.1582,34.5827],[36.1583,34.5762],[36.1556,34.5739],[36.1536,34.5686],[36.1502,34.5684],[36.1512,34.5661],[36.1576,34.5676],[36.1611,34.5668],[36.1633,34.572],[36.1631,34.5745],[36.1681,34.5766],[36.1671,34.5799],[36.169,34.5816],[36.166,34.5821],[36.1702,34.5865],[36.1736,34.5874],[36.1715,34.588],[36.1636,34.586]]]},"properties":{"adm3_name":"Sfinet Ed-Draib","adm2_name":"Akkar","adm1_name":"Akkar"}},
{"type":"Feature","geometry":{"type":"Polygon","coordinates":[[[36.1577,34.6239],[36.1566,34.6225],[36.1556,34.6213],[36.1605,34.6139],[36.158,34.6113],[36.1566,34.6079],[36.1532,34.6039],[36.1543,34.6035],[36.1581,34.599],[36.1624,34.5994],[36.1667,34.6013],[36.1702,34.6008],[36.1739,34.6066],[36.1749,34.6118],[36.1737,34.6154],[36.1753,34.619],[36.1745,34.6222],[36.1624,34.6214],[36.1577,34.6239]]]},"properties":{"adm3_name":"Aamaret El-Baykat","adm2_name":"Akkar","adm1_name":"Akkar"}},
{"type":"Feature","geometry":{"type":"Polygon","coordinates":[[[36.1702,34.6008],[36.1667,34.6013],[36.1624,34.5994],[36.1581,34.599],[36.1542,34.5947],[36.1567,34.5932],[36.1636,34.586],[36.1715,34.588],[36.1736,34.5874],[36.1752,34.5883],[36.1826,34.5886],[36.1855,34.5897],[36.1842,34.5966],[36.1773,34.6012],[36.1708,34.5992],[36.1702,34.6008]]]},"properties":{"adm3_name":"Msalla","adm2_name":"Akkar","adm1_name":"Akkar"}},
{"type":"Feature","geometry":{"type":"Polygon","coordinates":[[[36.1434,34.6269],[36.1432,34.6248],[36.1343,34.6229],[36.1409,34.6193],[36.1425,34.6171],[36.1467,34.6142],[36.1506,34.6152],[36.156,34.6105],[36.158,34.6113],[36.1605,34.6139],[36.1556,34.6213],[36.1566,34.6225],[36.1508,34.625],[36.1434,34.6269]]]},"properties":{"adm3_name":"Qachlaq","adm2_name":"Akkar","adm1_name":"Akkar"}},
{"type":"Feature","geometry":{"type":"Polygon","coordinates":[[[36.158,34.6113],[36.156,34.6105],[36.1506,34.6152],[36.1467,34.6142],[36.1482,34.612],[36.1471,34.6092],[36.1532,34.6039],[36.1566,34.6079],[36.158,34.6113]]]},"properties":{"adm3_name":"Ouadi El-Haour","adm2_name":"Akkar","adm1_name":"Akkar"}},
{"type":"Feature","geometry":{"type":"Polygon","coordinates":[[[36.1365,34.5888],[36.1294,34.5875],[36.1338,34.581],[36.134,34.5775],[36.1346,34.5766],[36.1357,34.5773],[36.1411,34.5723],[36.1449,34.5738],[36.1449,34.5704],[36.1502,34.5684],[36.1536,34.5686],[36.1556,34.5739],[36.1583,34.5762],[36.1582,34.5827],[36.1636,34.586],[36.1567,34.5932],[36.1542,34.5947],[36.1465,34.5918],[36.1434,34.5919],[36.1365,34.5888]]]},"properties":{"adm3_name":"Charbila","adm2_name":"Akkar","adm1_name":"Akkar"}},
{"type":"Feature","geometry":{"type":"Polygon","coordinates":[[[36.1407,34.6022],[36.1345,34.5969],[36.1312,34.5966],[36.1226,34.6017],[36.1212,34.5988],[36.1235,34.5932],[36.1248,34.5912],[36.1293,34.5924],[36.131,34.5904],[36.136,34.5908],[36.1365,34.5888],[36.1434,34.5919],[36.1465,34.5918],[36.1542,34.5947],[36.1581,34.599],[36.1543,34.6035],[36.149,34.6024],[36.1407,34.6022]]]},"properties":{"adm3_name":"Tleil","adm2_name":"Akkar","adm1_name":"Akkar"}},
{"type":"Feature","geometry":{"type":"Polygon","coordinates":[[[36.1467,34.6142],[36.1425,34.6171],[36.1368,34.6127],[36.1371,34.6106],[36.1404,34.6052],[36.1407,34.6022],[36.149,34.6024],[36.1543,34.6035],[36.1532,34.6039],[36.1471,34.6092],[36.1482,34.612],[36.1467,34.6142]]]},"properties":{"adm3_name":"Mzeihmeh","adm2_name":"Akkar","adm1_name":"Akkar"}},
{"type":"Feature","geometry":{"type":"Polygon","coordinates":[[[36.1237,34.6124],[36.1173,34.6096],[36.1162,34.6054],[36.1202,34.6061],[36.1226,34.6017],[36.1312,34.5966],[36.1345,34.5969],[36.1407,34.6022],[36.1404,34.6052],[36.1371,34.6106],[36.1327,34.6106],[36.1303,34.612],[36.1275,34.6106],[36.1237,34.6124]]]},"properties":{"adm3_name":"Haytla","adm2_name":"Akkar","adm1_name":"Akkar"}},
{"type":"Feature","geometry":{"type":"Polygon","coordinates":[[[36.1215,34.5673],[36.114,34.5631],[36.1145,34.5608],[36.12,34.5596],[36.1252,34.5614],[36.128,34.5597],[36.1285,34.5602],[36.1322,34.5651],[36.1349,34.5705],[36.1331,34.5715],[36.1285,34.5693],[36.1215,34.5673]]]},"properties":{"adm3_name":"Knisseh","adm2_name":"Akkar","adm1_name":"Akkar"}},
{"type":"Feature","geometry":{"type":"Polygon","coordinates":[[[36.1128,34.5884],[36.1108,34.5862],[36.1035,34.5839],[36.0999,34.5816],[36.1014,34.5802],[36.1001,34.5769],[36.1047,34.577],[36.1088,34.5751],[36.1144,34.5748],[36.1176,34.5753],[36.1276,34.5805],[36.134,34.5775],[36.1338,34.581],[36.1294,34.5875],[36.1232,34.5858],[36.1166,34.5892],[36.1135,34.5891],[36.1128,34.5884]]]},"properties":{"adm3_name":"Rihaniyet Aakkar","adm2_name":"Akkar","adm1_name":"Akkar"}},
{"type":"Feature","geometry":{"type":"Polygon","coordinates":[[[36.1135,34.5891],[36.1166,34.5892],[36.1232,34.5858],[36.1294,34.5875],[36.1365,34.5888],[36.136,34.5908],[36.131,34.5904],[36.1293,34.5924],[36.1248,34.5912],[36.1235,34.5932],[36.1183,34.5922],[36.1135,34.5891]]]},"properties":{"adm3_name":"Saidnaya","adm2_name":"Akkar","adm1_name":"Akkar"}},
{"type":"Feature","geometry":{"type":"Polygon","coordinates":[[[36.1346,34.5766],[36.134,34.5775],[36.1276,34.5805],[36.1176,34.5753],[36.1144,34.5748],[36.1174,34.5729],[36.1215,34.5673],[36.1285,34.5693],[36.1331,34.5715],[36.1354,34.5726],[36.1346,34.5766]]]},"properties":{"adm3_name":"Hmaiss Aakkar","adm2_name":"Akkar","adm1_name":"Akkar"}},
{"type":"Feature","geometry":{"type":"Polygon","coordinates":[[[36.1343,34.6229],[36.1305,34.6233],[36.1267,34.6224],[36.1212,34.6183],[36.1229,34.6137],[36.1237,34.6124],[36.1275,34.6106],[36.1303,34.612],[36.1327,34.6106],[36.1371,34.6106],[36.1368,34.6127],[36.1425,34.6171],[36.1409,34.6193],[36.1343,34.6229]]]},"properties":{"adm3_name":"Srar","adm2_name":"Akkar","adm1_name":"Akkar"}},
{"type":"Feature","geometry":{"type":"Polygon","coordinates":[[[36.1226,34.6017],[36.1202,34.6061],[36.1162,34.6054],[36.1137,34.6024],[36.105,34.6014],[36.1026,34.5988],[36.0996,34.5991],[36.0945,34.5951],[36.0944,34.5907],[36.0981,34.5906],[36.1034,34.5926],[36.1105,34.5907],[36.1128,34.5884],[36.1135,34.5891],[36.1183,34.5922],[36.1235,34.5932],[36.1212,34.5988],[36.1226,34.6017]]]},"properties":{"adm3_name":"Ghazayleh","adm2_name":"Akkar","adm1_name":"Akkar"}},
{"type":"Feature","geometry":{"type":"Polygon","coordinates":[[[36.174,34.6286],[36.1705,34.6286],[36.1639,34.6318],[36.1624,34.6334],[36.1542,34.6333],[36.1539,34.6297],[36.1577,34.6239],[36.1624,34.6214],[36.1745,34.6222],[36.1753,34.624],[36.174,34.6286]]]},"properties":{"adm3_name":"Aarmeh","adm2_name":"Akkar","adm1_name":"Akkar"}},
{"type":"Feature","geometry":{"type":"Polygon","coordinates":[[[36.289,34.6138],[36.2861,34.6109],[36.2761,34.6123],[36.2724,34.6119],[36.2632,34.608],[36.261,34.6079],[36.2611,34.6025],[36.2636,34.5953],[36.2611,34.5926],[36.2672,34.59],[36.272,34.5926],[36.2746,34.5915],[36.2766,34.588],[36.2815,34.5867],[36.2864,34.5869],[36.2931,34.5911],[36.2942,34.594],[36.2983,34.5961],[36.2973,34.5995],[36.2998,34.602],[36.3001,34.6056],[36.2988,34.6078],[36.2945,34.6085],[36.2899,34.6108],[36.289,34.6138]]]},"properties":{"adm3_name":"Mazraat En-Nahriyeh","adm2_name":"Akkar","adm1_name":"Akkar"}},
{"type":"Feature","geometry":{"type":"Polygon","coordinates":[[[36.2611,34.5926],[36.2581,34.5918],[36.2565,34.5891],[36.2501,34.5872],[36.2493,34.5849],[36.2516,34.5827],[36.2495,34.5752],[36.2443,34.5735],[36.2414,34.5738],[36.2385,34.5704],[36.2333,34.5679],[36.2339,34.5659],[36.2412,34.5621],[36.2504,34.5623],[36.2542,34.5568],[36.2601,34.5521],[36.2568,34.5466],[36.2584,34.5398],[36.2671,34.5346],[36.2716,34.5335],[36.2718,34.5285],[36.2682,34.524],[36.2674,34.5199],[36.2708,34.514],[36.2646,34.5084],[36.2645,34.5027],[36.2659,34.4987],[36.2715,34.4999],[36.2716,34.5042],[36.2743,34.5079],[36.286,34.5143],[36.2869,34.5162],[36.2943,34.5162],[36.2987,34.5193],[36.2995,34.5223],[36.2944,34.5233],[36.292,34.5256],[36.2917,34.5297],[36.2974,34.5416],[36.2961,34.5444],[36.2971,34.5489],[36.2954,34.5508],[36.297,34.5549],[36.2958,34.5593],[36.2978,34.5648],[36.2966,34.5718],[36.2931,34.5798],[36.293,34.5825],[36.2881,34.5848],[36.2864,34.5869],[36.2815,34.5867],[36.2766,34.588],[36.2746,34.5915],[36.272,34.5926],[36.2672,34.59],[36.2611,34.5926]]]},"properties":{"adm3_name":"Qbaiyat Aakkar","adm2_name":"Akkar","adm1_name":"Akkar"}},
{"type":"Feature","geometry":{"type":"Polygon","coordinates":[[[36.2946,34.6212],[36.2897,34.6191],[36.2914,34.6145],[36.289,34.6138],[36.2899,34.6108],[36.2945,34.6085],[36.2988,34.6078],[36.3001,34.6056],[36.2998,34.602],[36.2973,34.5995],[36.2983,34.5961],[36.2942,34.594],[36.2931,34.5911],[36.2864,34.5869],[36.2881,34.5848],[36.293,34.5825],[36.2931,34.5798],[36.2966,34.5718],[36.2978,34.5648],[36.2958,34.5593],[36.297,34.5549],[36.2954,34.5508],[36.2971,34.5489],[36.2961,34.5444],[36.2974,34.5416],[36.2917,34.5297],[36.292,34.5256],[36.2944,34.5233],[36.2995,34.5223],[36.2987,34.5193],[36.2986,34.5161],[36.3043,34.5145],[36.3114,34.5225],[36.3143,34.5288],[36.3165,34.5314],[36.3183,34.5364],[36.3218,34.5406],[36.3204,34.5458],[36.3209,34.5494],[36.3196,34.5571],[36.3232,34.5645],[36.3266,34.5691],[36.3286,34.5743],[36.3278,34.5811],[36.331,34.5865],[36.331,34.5926],[36.3327,34.5972],[36.3258,34.5972],[36.3193,34.6008],[36.3156,34.6017],[36.3177,34.6092],[36.3171,34.6151],[36.3122,34.6147],[36.3089,34.6178],[36.3083,34.6163],[36.3005,34.6184],[36.2969,34.6184],[36.2946,34.6212]]]},"properties":{"adm3_name":"Aandqet","adm2_name":"Akkar","adm1_name":"Akkar"}},
{"type":"Feature","geometry":{"type":"Polygon","coordinates":[[[36.3496,34.6633],[36.3513,34.6661],[36.3503,34.671],[36.3548,34.6745],[36.3539,34.6796],[36.3558,34.6829],[36.3504,34.6844],[36.344,34.6896],[36.3406,34.6886],[36.3387,34.692],[36.3301,34.6904],[36.329,34.6891],[36.3201,34.6887],[36.3165,34.6835],[36.3115,34.683],[36.3071,34.6754],[36.3059,34.6712],[36.303,34.6677],[36.3096,34.6628],[36.3303,34.6624],[36.3469,34.6627],[36.3496,34.6633]]]},"properties":{"adm3_name":"Dayret Nahr El-Kabir","adm2_name":"Akkar","adm1_name":"Akkar"}},
{"type":"Feature","geometry":{"type":"Polygon","coordinates":[[[36.41,34.6319],[36.4017,34.6377],[36.3954,34.6326],[36.3905,34.6305],[36.389,34.6318],[36.3808,34.6337],[36.3778,34.637],[36.3731,34.639],[36.3709,34.6419],[36.3675,34.6423],[36.3688,34.6387],[36.3683,34.6356],[36.3613,34.6306],[36.3561,34.6294],[36.3552,34.6265],[36.3516,34.6243],[36.3476,34.6201],[36.3518,34.6134],[36.3576,34.6062],[36.3604,34.6044],[36.3597,34.5985],[36.3654,34.5961],[36.3698,34.5992],[36.3779,34.5987],[36.3834,34.5991],[36.3866,34.6013],[36.3899,34.6056],[36.3944,34.6073],[36.3983,34.612],[36.3938,34.6146],[36.395,34.6217],[36.3976,34.6223],[36.4037,34.6206],[36.4059,34.6266],[36.4089,34.6291],[36.41,34.6319]]]},"properties":{"adm3_name":"Aamayer","adm2_name":"Akkar","adm1_name":"Akkar"}},
{"type":"Feature","geometry":{"type":"Polygon","coordinates":[[[36.4349,34.6309],[36.4224,34.6263],[36.4179,34.6264],[36.4109,34.6299],[36.41,34.6319],[36.4089,34.6291],[36.4059,34.6266],[36.4037,34.6206],[36.3976,34.6223],[36.395,34.6217],[36.3938,34.6146],[36.3983,34.612],[36.4038,34.6073],[36.4081,34.611],[36.4111,34.6104],[36.415,34.6121],[36.4143,34.6063],[36.4203,34.6063],[36.4248,34.6046],[36.4261,34.6054],[36.4382,34.6044],[36.4416,34.603],[36.4501,34.6039],[36.4569,34.5991],[36.4578,34.6058],[36.4589,34.6071],[36.4536,34.6085],[36.4504,34.6105],[36.4439,34.6128],[36.4443,34.6169],[36.4364,34.6207],[36.4334,34.6192],[36.4335,34.626],[36.4349,34.6309]]]},"properties":{"adm3_name":"Hnaider","adm2_name":"Akkar","adm1_name":"Akkar"}},
{"type":"Feature","geometry":{"type":"Polygon","coordinates":[[[36.4248,34.6046],[36.4278,34.6033],[36.4308,34.5999],[36.4318,34.5934],[36.4363,34.5915],[36.4444,34.5928],[36.449,34.5915],[36.4522,34.5921],[36.454,34.5963],[36.4569,34.5991],[36.4501,34.6039],[36.4416,34.603],[36.4382,34.6044],[36.4261,34.6054],[36.4248,34.6046]]]},"properties":{"adm3_name":"Kneisset Hnaider","adm2_name":"Akkar","adm1_name":"Akkar"}},
{"type":"Feature","geometry":{"type":"Polygon","coordinates":[[[36.3561,34.6294],[36.3561,34.6338],[36.3588,34.6356],[36.359,34.6412],[36.3516,34.6421],[36.3544,34.6534],[36.3513,34.6516],[36.3461,34.6546],[36.342,34.6531],[36.3383,34.6483],[36.3355,34.6467],[36.3317,34.6414],[36.33,34.6364],[36.3298,34.6294],[36.3338,34.6265],[36.3344,34.6234],[36.3395,34.6197],[36.3377,34.6145],[36.3363,34.607],[36.3335,34.6065],[36.3327,34.5972],[36.331,34.5926],[36.331,34.5865],[36.3278,34.5811],[36.3286,34.5743],[36.3266,34.5691],[36.3232,34.5645],[36.3196,34.5571],[36.3209,34.5494],[36.3204,34.5458],[36.3218,34.5406],[36.3183,34.5364],[36.3165,34.5314],[36.3143,34.5288],[36.3114,34.5225],[36.3043,34.5145],[36.2986,34.5161],[36.2987,34.5193],[36.2943,34.5162],[36.2869,34.5162],[36.286,34.5143],[36.2743,34.5079],[36.2716,34.5042],[36.2715,34.4999],[36.2659,34.4987],[36.2617,34.4976],[36.2636,34.495],[36.2666,34.494],[36.2632,34.489],[36.2632,34.486],[36.2602,34.4825],[36.2622,34.4784],[36.2588,34.4724],[36.2587,34.4682],[36.2462,34.4593],[36.2508,34.4579],[36.2567,34.4583],[36.261,34.4598],[36.2643,34.4644],[36.2706,34.4677],[36.2711,34.4698],[36.276,34.4701],[36.2889,34.4785],[36.2922,34.4835],[36.2947,34.4935],[36.2972,34.4959],[36.3013,34.4955],[36.3055,34.498],[36.3052,34.5049],[36.308,34.509],[36.3156,34.5154],[36.3215,34.5145],[36.3237,34.5176],[36.3281,34.5185],[36.3304,34.5219],[36.3362,34.5148],[36.3365,34.5074],[36.3375,34.504],[36.344,34.508],[36.3484,34.5097],[36.348,34.5114],[36.3501,34.5166],[36.3544,34.5199],[36.3609,34.522],[36.3648,34.5275],[36.3695,34.5306],[36.3741,34.5356],[36.377,34.5351],[36.3842,34.5379],[36.3847,34.5441],[36.3881,34.5473],[36.3935,34.549],[36.4002,34.5491],[36.4062,34.551],[36.4085,34.5508],[36.412,34.5535],[36.414,34.5575],[36.4138,34.5621],[36.4151,34.5636],[36.402,34.5719],[36.3989,34.5724],[36.3962,34.5758],[36.4025,34.5818],[36.4031,34.5874],[36.4021,34.592],[36.4072,34.601],[36.4038,34.6036],[36.4038,34.6073],[36.3983,34.612],[36.3944,34.6073],[36.3899,34.6056],[36.3866,34.6013],[36.3834,34.5991],[36.3779,34.5987],[36.3698,34.5992],[36.3654,34.5961],[36.3597,34.5985],[36.3604,34.6044],[36.3576,34.6062],[36.3518,34.6134],[36.3476,34.6201],[36.3516,34.6243],[36.3552,34.6265],[36.3561,34.6294]]]},"properties":{"adm3_name":"Mazareaa Jabal Akroum","adm2_name":"Akkar","adm1_name":"Akkar"}},
{"type":"Feature","geometry":{"type":"Polygon","coordinates":[[[36.4589,34.6071],[36.4607,34.6103],[36.4591,34.6137],[36.4608,34.6157],[36.4567,34.6215],[36.4575,34.6242],[36.4613,34.6265],[36.4602,34.6297],[36.4615,34.6337],[36.4645,34.6363],[36.4584,34.6376],[36.4497,34.6367],[36.4407,34.6328],[36.4349,34.6309],[36.4335,34.626],[36.4334,34.6192],[36.4364,34.6207],[36.4443,34.6169],[36.4439,34.6128],[36.4504,34.6105],[36.4536,34.6085],[36.4589,34.6071]]]},"properties":{"adm3_name":"Qarha Aakkar","adm2_name":"Akkar","adm1_name":"Akkar"}},
{"type":"Feature","geometry":{"type":"Polygon","coordinates":[[[35.9873,34.2124],[35.992,34.2093],[35.9912,34.2076],[35.9936,34.2032],[35.9921,34.1995],[35.9933,34.1949],[36.0026,34.193],[36.0058,34.193],[36.01,34.1909],[36.0115,34.1887],[36.019,34.1845],[36.0201,34.1803],[36.0202,34.1729],[36.0218,34.1772],[36.0351,34.1942],[36.0456,34.2041],[36.0489,34.2057],[36.0393,34.209],[36.0349,34.212],[36.0329,34.2134],[36.0247,34.216],[36.0182,34.2144],[36.014,34.2113],[36.0117,34.2115],[36.0058,34.2091],[35.9973,34.2099],[35.9909,34.2122],[35.9873,34.2124]]]},"properties":{"adm3_name":"Mchaa Ej-Jibbé","adm2_name":"Bcharre","adm1_name":"North"}},
{"type":"Feature","geometry":{"type":"Polygon","coordinates":[[[36.1399,34.3008],[36.1357,34.3044],[36.1346,34.307],[36.1297,34.3109],[36.1274,34.3081],[36.1267,34.3034],[36.1163,34.3071],[36.1167,34.3023],[36.1136,34.2985],[36.1149,34.2916],[36.1091,34.2864],[36.0949,34.2822],[36.0893,34.2843],[36.0836,34.2841],[36.0817,34.2814],[36.0704,34.2788],[36.0669,34.2744],[36.0613,34.2729],[36.0606,34.2758],[36.0516,34.28],[36.0405,34.2808],[36.0384,34.2793],[36.0339,34.28],[36.0284,34.2796],[36.0257,34.2784],[36.0138,34.2765],[36.0072,34.2703],[36.0037,34.2692],[35.9986,34.2697],[35.9966,34.2674],[35.9908,34.2653],[35.9892,34.2646],[35.9941,34.26],[35.9938,34.2545],[35.9903,34.2519],[35.9923,34.2477],[35.9961,34.2473],[35.9988,34.2435],[35.9977,34.2403],[36.0007,34.2378],[36.0039,34.2409],[36.0119,34.2405],[36.0139,34.2373],[36.0224,34.235],[36.0243,34.2335],[36.0307,34.2334],[36.0335,34.2323],[36.0373,34.228],[36.0385,34.2251],[36.0349,34.212],[36.0393,34.209],[36.0489,34.2057],[36.0522,34.2062],[36.0598,34.2114],[36.063,34.2144],[36.0698,34.224],[36.0785,34.2309],[36.0825,34.2365],[36.0877,34.2457],[36.0922,34.2473],[36.1006,34.2578],[36.1078,34.2649],[36.1089,34.269],[36.12,34.2723],[36.1246,34.2782],[36.1304,34.2835],[36.1298,34.2847],[36.1382,34.2873],[36.1362,34.294],[36.1374,34.297],[36.1406,34.2989],[36.1399,34.3008]]]},"properties":{"adm3_name":"Bcharreh","adm2_name":"Bcharre","adm1_name":"North"}},
{"type":"Feature","geometry":{"type":"Polygon","coordinates":[[[35.9128,34.277],[35.9132,34.2745],[35.9185,34.264],[35.9219,34.2589],[35.9209,34.2555],[35.9262,34.253],[35.929,34.2558],[35.9314,34.2609],[35.9297,34.2644],[35.9319,34.2657],[35.9283,34.2708],[35.927,34.278],[35.9236,34.2775],[35.9196,34.2802],[35.9161,34.2805],[35.9128,34.277]]]},"properties":{"adm3_name":"Qnayouer","adm2_name":"Bcharre","adm1_name":"North"}},
{"type":"Feature","geometry":{"type":"Polygon","coordinates":[[[35.8972,34.2706],[35.8935,34.2705],[35.8869,34.2671],[35.882,34.2678],[35.8808,34.2663],[35.8855,34.2629],[35.8893,34.2621],[35.8928,34.2597],[35.8984,34.262],[35.903,34.2605],[35.8968,34.2686],[35.8972,34.2706]]]},"properties":{"adm3_name":"Billa","adm2_name":"Bcharre","adm1_name":"North"}},
{"type":"Feature","geometry":{"type":"Polygon","coordinates":[[[35.8834,34.2837],[35.8716,34.2869],[35.8714,34.2814],[35.8796,34.2775],[35.8796,34.2713],[35.882,34.2678],[35.8869,34.2671],[35.8935,34.2705],[35.8972,34.2706],[35.8938,34.2807],[35.8884,34.2804],[35.8834,34.2837]]]},"properties":{"adm3_name":"Aabdine","adm2_name":"Bcharre","adm1_name":"North"}},
{"type":"Feature","geometry":{"type":"Polygon","coordinates":[[[35.92,34.2845],[35.9119,34.2841],[35.9056,34.2856],[35.9014,34.2884],[35.8968,34.2888],[35.8919,34.2875],[35.8864,34.2887],[35.8849,34.2886],[35.8834,34.2837],[35.8884,34.2804],[35.8938,34.2807],[35.8972,34.2706],[35.8968,34.2686],[35.903,34.2605],[35.9034,34.2604],[35.9062,34.2611],[35.9075,34.2627],[35.9058,34.2697],[35.9067,34.2718],[35.9128,34.277],[35.9161,34.2805],[35.9196,34.2802],[35.92,34.2845]]]},"properties":{"adm3_name":"Tourza","adm2_name":"Bcharre","adm1_name":"North"}},
{"type":"Feature","geometry":{"type":"Polygon","coordinates":[[[35.9062,34.2611],[35.9034,34.2604],[35.9026,34.2587],[35.8947,34.2564],[35.8863,34.257],[35.8834,34.253],[35.8829,34.2524],[35.8855,34.2505],[35.8891,34.2503],[35.8919,34.2471],[35.8967,34.2439],[35.8999,34.2404],[35.9029,34.2392],[35.9044,34.2345],[35.9095,34.2271],[35.9116,34.2291],[35.915,34.2292],[35.9172,34.2324],[35.9157,34.2352],[35.9171,34.2376],[35.9224,34.2417],[35.9236,34.2459],[35.9203,34.2507],[35.9171,34.2526],[35.9118,34.2534],[35.9112,34.258],[35.9062,34.2611]]]},"properties":{"adm3_name":"Qnat","adm2_name":"Bcharre","adm1_name":"North"}},
{"type":"Feature","geometry":{"type":"Polygon","coordinates":[[[35.9314,34.2609],[35.929,34.2558],[35.9262,34.253],[35.9203,34.2507],[35.9236,34.2459],[35.9224,34.2417],[35.9171,34.2376],[35.9157,34.2352],[35.9172,34.2324],[35.915,34.2292],[35.9116,34.2291],[35.9095,34.2271],[35.9104,34.2252],[35.91,34.22],[35.9112,34.2174],[35.9131,34.2122],[35.9179,34.2114],[35.9236,34.2144],[35.9252,34.2165],[35.933,34.2163],[35.9369,34.2174],[35.9393,34.2163],[35.947,34.2181],[35.9587,34.2136],[35.9561,34.218],[35.9554,34.2214],[35.9512,34.2243],[35.9511,34.2265],[35.9469,34.2303],[35.9434,34.2329],[35.9364,34.2434],[35.9397,34.247],[35.9409,34.2483],[35.9408,34.2499],[35.936,34.2539],[35.9358,34.2564],[35.9314,34.2609]]]},"properties":{"adm3_name":"Hadath Ej-Jebbeh","adm2_name":"Bcharre","adm1_name":"North"}},
{"type":"Feature","geometry":{"type":"Polygon","coordinates":[[[35.8999,34.2404],[35.8967,34.2439],[35.8919,34.2471],[35.8891,34.2503],[35.8855,34.2505],[35.8829,34.2524],[35.8804,34.2515],[35.8798,34.2426],[35.8798,34.2402],[35.88,34.2375],[35.886,34.2397],[35.8919,34.238],[35.8964,34.2377],[35.8999,34.2404]]]},"properties":{"adm3_name":"Mazraat Bani Saab","adm2_name":"Bcharre","adm1_name":"North"}},
{"type":"Feature","geometry":{"type":"Polygon","coordinates":[[[35.882,34.2678],[35.8796,34.2713],[35.8796,34.2775],[35.8714,34.2814],[35.8713,34.2786],[35.8689,34.2758],[35.8642,34.2729],[35.8576,34.2644],[35.8566,34.2626],[35.8577,34.2553],[35.8556,34.2523],[35.8654,34.2528],[35.8709,34.2511],[35.8834,34.253],[35.8863,34.257],[35.8947,34.2564],[35.9026,34.2587],[35.9034,34.2604],[35.903,34.2605],[35.8984,34.262],[35.8928,34.2597],[35.8893,34.2621],[35.8855,34.2629],[35.8808,34.2663],[35.882,34.2678]]]},"properties":{"adm3_name":"Berhalioun","adm2_name":"Bcharre","adm1_name":"North"}},
{"type":"Feature","geometry":{"type":"Polygon","coordinates":[[[35.9407,34.2661],[35.9369,34.2653],[35.9357,34.2696],[35.9313,34.2786],[35.927,34.278],[35.9283,34.2708],[35.9319,34.2657],[35.9297,34.2644],[35.9314,34.2609],[35.9358,34.2564],[35.936,34.2539],[35.9408,34.2499],[35.9409,34.2483],[35.9432,34.2472],[35.9465,34.2512],[35.9479,34.2483],[35.9509,34.2502],[35.9572,34.2498],[35.9646,34.247],[35.9643,34.251],[35.9575,34.2533],[35.9582,34.2567],[35.9526,34.2581],[35.9407,34.2661]]]},"properties":{"adm3_name":"Ouadi Qannoubine","adm2_name":"Bcharre","adm1_name":"North"}},
{"type":"Feature","geometry":{"type":"Polygon","coordinates":[[[35.8798,34.2426],[35.8804,34.2515],[35.8829,34.2524],[35.8834,34.253],[35.8709,34.2511],[35.8654,34.2528],[35.8556,34.2523],[35.856,34.2505],[35.859,34.2478],[35.87,34.2473],[35.8798,34.2426]]]},"properties":{"adm3_name":"Mazraat Aassaf","adm2_name":"Bcharre","adm1_name":"North"}},
{"type":"Feature","geometry":{"type":"Polygon","coordinates":[[[35.9534,34.2806],[35.9485,34.2783],[35.9503,34.276],[35.9482,34.2722],[35.9534,34.2681],[35.9557,34.2657],[35.9601,34.2659],[35.9631,34.2662],[35.9726,34.2639],[35.9759,34.2639],[35.9811,34.2655],[35.9862,34.2638],[35.9892,34.2646],[35.9908,34.2653],[35.9922,34.2692],[35.9897,34.2685],[35.9857,34.2702],[35.9812,34.2693],[35.9732,34.2705],[35.9684,34.273],[35.966,34.2755],[35.9599,34.2744],[35.9599,34.2775],[35.9563,34.2803],[35.9534,34.2806]]]},"properties":{"adm3_name":"Bane","adm2_name":"Bcharre","adm1_name":"North"}},
{"type":"Feature","geometry":{"type":"Polygon","coordinates":[[[35.9534,34.2681],[35.9496,34.2686],[35.9407,34.2661],[35.9526,34.2581],[35.9582,34.2567],[35.9611,34.2597],[35.9601,34.2659],[35.9557,34.2657],[35.9534,34.2681]]]},"properties":{"adm3_name":"Blaouza","adm2_name":"Bcharre","adm1_name":"North"}},
{"type":"Feature","geometry":{"type":"Polygon","coordinates":[[[35.8849,34.2886],[35.8819,34.2911],[35.8808,34.2949],[35.8714,34.2947],[35.8703,34.2933],[35.8723,34.2893],[35.8716,34.2869],[35.8834,34.2837],[35.8849,34.2886]]]},"properties":{"adm3_name":"Moghr El-Ahoual","adm2_name":"Bcharre","adm1_name":"North"}},
{"type":"Feature","geometry":{"type":"Polygon","coordinates":[[[35.9397,34.247],[35.9364,34.2434],[35.9434,34.2329],[35.9469,34.2303],[35.9446,34.2398],[35.9421,34.2446],[35.9397,34.247]]]},"properties":{"adm3_name":"Breissat","adm2_name":"Bcharre","adm1_name":"North"}},
{"type":"Feature","geometry":{"type":"Polygon","coordinates":[[[35.9409,34.2483],[35.9397,34.247],[35.9421,34.2446],[35.9446,34.2398],[35.9469,34.2303],[35.9511,34.2265],[35.9512,34.2243],[35.9554,34.2214],[35.9579,34.2237],[35.9602,34.2287],[35.9606,34.2329],[35.9629,34.2351],[35.9623,34.2389],[35.9576,34.24],[35.9587,34.2426],[35.9646,34.247],[35.9572,34.2498],[35.9509,34.2502],[35.9479,34.2483],[35.9465,34.2512],[35.9432,34.2472],[35.9409,34.2483]]]},"properties":{"adm3_name":"Dimane","adm2_name":"Bcharre","adm1_name":"North"}},
{"type":"Feature","geometry":{"type":"Polygon","coordinates":[[[35.8435,34.2749],[35.842,34.275],[35.8384,34.2708],[35.8335,34.2725],[35.8273,34.2722],[35.8259,34.2687],[35.8261,34.2646],[35.8267,34.2612],[35.8335,34.2598],[35.838,34.2558],[35.8486,34.257],[35.8526,34.2556],[35.8556,34.2523],[35.8577,34.2553],[35.8566,34.2626],[35.8576,34.2644],[35.8543,34.2651],[35.8523,34.2676],[35.8461,34.2699],[35.8435,34.2749]]]},"properties":{"adm3_name":"Metrit","adm2_name":"Bcharre","adm1_name":"North"}},
{"type":"Feature","geometry":{"type":"Polygon","coordinates":[[[35.9643,34.251],[35.9646,34.247],[35.9587,34.2426],[35.9576,34.24],[35.9623,34.2389],[35.9629,34.2351],[35.9606,34.2329],[35.9602,34.2287],[35.9579,34.2237],[35.9554,34.2214],[35.9561,34.218],[35.9587,34.2136],[35.9611,34.2111],[35.9694,34.2101],[35.9769,34.2109],[35.9851,34.2101],[35.9873,34.2124],[35.9846,34.213],[35.9849,34.2174],[35.987,34.2196],[35.9878,34.2231],[35.986,34.2242],[35.9899,34.229],[35.9863,34.2322],[35.9867,34.235],[35.9842,34.2367],[35.9823,34.2427],[35.9842,34.2457],[35.9812,34.2482],[35.9725,34.2478],[35.969,34.2499],[35.9643,34.251]]]},"properties":{"adm3_name":"Hasroun","adm2_name":"Bcharre","adm1_name":"North"}},
{"type":"Feature","geometry":{"type":"Polygon","coordinates":[[[35.9892,34.2646],[35.9862,34.2638],[35.9811,34.2655],[35.9759,34.2639],[35.9726,34.2639],[35.9631,34.2662],[35.9601,34.2659],[35.9611,34.2597],[35.9582,34.2567],[35.9575,34.2533],[35.9643,34.251],[35.969,34.2499],[35.9725,34.2478],[35.9812,34.2482],[35.9874,34.2469],[35.9923,34.2477],[35.9903,34.2519],[35.9938,34.2545],[35.9941,34.26],[35.9892,34.2646]]]},"properties":{"adm3_name":"Hadchit","adm2_name":"Bcharre","adm1_name":"North"}},
{"type":"Feature","geometry":{"type":"Polygon","coordinates":[[[35.9874,34.2469],[35.9812,34.2482],[35.9842,34.2457],[35.9823,34.2427],[35.9842,34.2367],[35.9867,34.235],[35.9863,34.2322],[35.9899,34.229],[35.986,34.2242],[35.9878,34.2231],[35.987,34.2196],[35.9849,34.2174],[35.9846,34.213],[35.9873,34.2124],[35.9909,34.2122],[35.9912,34.2201],[35.9883,34.2198],[35.9899,34.2243],[35.9956,34.2253],[35.997,34.2294],[35.9954,34.231],[35.9951,34.2349],[35.9911,34.2427],[35.9874,34.2469]]]},"properties":{"adm3_name":"Bazaaoun","adm2_name":"Bcharre","adm1_name":"North"}},
{"type":"Feature","geometry":{"type":"Polygon","coordinates":[[[35.9923,34.2477],[35.9874,34.2469],[35.9911,34.2427],[35.9951,34.2349],[35.9954,34.231],[35.997,34.2294],[35.9956,34.2253],[35.9899,34.2243],[35.9883,34.2198],[35.9912,34.2201],[35.9909,34.2122],[35.9973,34.2099],[36.0058,34.2091],[36.0117,34.2115],[36.014,34.2113],[36.008,34.2234],[36.003,34.2239],[36.0022,34.2285],[36.0032,34.2332],[36.0007,34.2378],[35.9977,34.2403],[35.9988,34.2435],[35.9961,34.2473],[35.9923,34.2477]]]},"properties":{"adm3_name":"Bqerqacha","adm2_name":"Bcharre","adm1_name":"North"}},
{"type":"Feature","geometry":{"type":"Polygon","coordinates":[[[35.9128,34.277],[35.9067,34.2718],[35.9058,34.2697],[35.9075,34.2627],[35.9062,34.2611],[35.9112,34.258],[35.9118,34.2534],[35.9171,34.2526],[35.9203,34.2507],[35.9262,34.253],[35.9209,34.2555],[35.9219,34.2589],[35.9185,34.264],[35.9132,34.2745],[35.9128,34.277]]]},"properties":{"adm3_name":"Beit Menzer","adm2_name":"Bcharre","adm1_name":"North"}},
{"type":"Feature","geometry":{"type":"Polygon","coordinates":[[[36.0349,34.212],[36.0385,34.2251],[36.0373,34.228],[36.0335,34.2323],[36.0307,34.2334],[36.0243,34.2335],[36.0224,34.235],[36.0139,34.2373],[36.0119,34.2405],[36.0039,34.2409],[36.0007,34.2378],[36.0032,34.2332],[36.0022,34.2285],[36.003,34.2239],[36.008,34.2234],[36.014,34.2113],[36.0182,34.2144],[36.0247,34.216],[36.0329,34.2134],[36.0349,34.212]]]},"properties":{"adm3_name":"Bqaa Kafra","adm2_name":"Bcharre","adm1_name":"North"}},
{"type":"Feature","geometry":{"type":"Polygon","coordinates":[[[36.0528,34.4139],[36.0485,34.4143],[36.0426,34.4163],[36.035,34.4134],[36.0447,34.4097],[36.0477,34.4098],[36.0528,34.4139]]]},"properties":{"adm3_name":"Litige","adm2_name":"El Minieh-Dennie","adm1_name":"North"}},
{"type":"Feature","geometry":{"type":"Polygon","coordinates":[[[36.0809,34.365],[36.0743,34.3642],[36.0696,34.3656],[36.0559,34.3656],[36.053,34.3665],[36.0477,34.3679],[36.0474,34.3642],[36.053,34.3574],[36.0613,34.3521],[36.0656,34.3473],[36.0727,34.3469],[36.0819,34.3488],[36.0835,34.3472],[36.0883,34.3467],[36.0937,34.3444],[36.0971,34.3416],[36.1009,34.3406],[36.1109,34.3444],[36.1168,34.3445],[36.1195,34.3458],[36.1244,34.3526],[36.1261,34.3562],[36.1196,34.3573],[36.1164,34.3601],[36.1089,34.363],[36.1059,34.3649],[36.1013,34.3661],[36.1006,34.3637],[36.0924,34.3639],[36.0892,34.3651],[36.0821,34.364],[36.0809,34.365]]]},"properties":{"adm3_name":"Litige","adm2_name":"El Minieh-Dennie","adm1_name":"North"}},
{"type":"Feature","geometry":{"type":"Polygon","coordinates":[[[35.9819,34.3528],[35.9829,34.3563],[35.9814,34.3574],[35.9819,34.3528]]]},"properties":{"adm3_name":"Litige","adm2_name":"El Minieh-Dennie","adm1_name":"North"}},
{"type":"Feature","geometry":{"type":"Polygon","coordinates":[[[35.9634,34.3533],[35.9621,34.353],[35.9629,34.3516],[35.961,34.3457],[35.9641,34.3491],[35.9634,34.3533]]]},"properties":{"adm3_name":"Litige","adm2_name":"El Minieh-Dennie","adm1_name":"North"}},
{"type":"Feature","geometry":{"type":"Polygon","coordinates":[[[35.9623,34.3443],[35.9626,34.3438],[35.9668,34.3433],[35.9623,34.3443]]]},"properties":{"adm3_name":"Litige","adm2_name":"El Minieh-Dennie","adm1_name":"North"}},
{"type":"Feature","geometry":{"type":"Polygon","coordinates":[[[36.0276,34.3461],[36.0265,34.3381],[36.0242,34.3324],[36.0277,34.3237],[36.0307,34.3197],[36.0306,34.3156],[36.0291,34.3125],[36.0256,34.3091],[36.0286,34.3061],[36.0326,34.3071],[36.0369,34.3108],[36.0417,34.3124],[36.0493,34.3093],[36.0537,34.3092],[36.0545,34.3114],[36.0507,34.3181],[36.0503,34.3205],[36.0446,34.3224],[36.0423,34.3263],[36.0427,34.3321],[36.0419,34.3348],[36.0372,34.3421],[36.0351,34.3436],[36.0276,34.3461]]]},"properties":{"adm3_name":"Litige","adm2_name":"El Minieh-Dennie","adm1_name":"North"}},
{"type":"Feature","geometry":{"type":"Polygon","coordinates":[[[35.8563,34.4563],[35.8592,34.4499],[35.8625,34.4463],[35.8634,34.4433],[35.8615,34.4399],[35.8649,34.4354],[35.8697,34.4352],[35.873,34.4364],[35.8732,34.4416],[35.8757,34.444],[35.8889,34.4517],[35.892,34.4545],[35.892,34.4563],[35.8874,34.4592],[35.8844,34.4598],[35.8845,34.4633],[35.8621,34.4586],[35.8563,34.4563]]]},"properties":{"adm3_name":"Beddaoui","adm2_name":"El Minieh-Dennie","adm1_name":"North"}},
{"type":"Feature","geometry":{"type":"Polygon","coordinates":[[[35.8845,34.4633],[35.8844,34.4598],[35.8874,34.4592],[35.892,34.4563],[35.892,34.4545],[35.8931,34.4513],[35.8959,34.4493],[35.9021,34.4481],[35.9044,34.449],[35.9084,34.448],[35.9109,34.4524],[35.9093,34.4562],[35.9089,34.4603],[35.9057,34.4681],[35.9008,34.4664],[35.8962,34.4674],[35.8909,34.4649],[35.8845,34.4633]]]},"properties":{"adm3_name":"Deir Aammar","adm2_name":"El Minieh-Dennie","adm1_name":"North"}},
{"type":"Feature","geometry":{"type":"Polygon","coordinates":[[[35.9057,34.4681],[35.9089,34.4603],[35.9093,34.4562],[35.9109,34.4524],[35.9084,34.448],[35.9183,34.4476],[35.9222,34.4492],[35.9258,34.4492],[35.9269,34.4502],[35.9236,34.4562],[35.9148,34.4615],[35.9108,34.461],[35.9111,34.4654],[35.9079,34.47],[35.9057,34.4681]]]},"properties":{"adm3_name":"Borj El-Yahoudiyeh","adm2_name":"El Minieh-Dennie","adm1_name":"North"}},
{"type":"Feature","geometry":{"type":"Polygon","coordinates":[[[35.9111,34.4654],[35.9108,34.461],[35.9148,34.4615],[35.9236,34.4562],[35.9302,34.4573],[35.9407,34.4537],[35.9408,34.4565],[35.9447,34.4579],[35.9527,34.4582],[35.9531,34.4633],[35.9521,34.4655],[35.9458,34.4654],[35.9421,34.4631],[35.939,34.4631],[35.9358,34.4659],[35.9248,34.4666],[35.9218,34.4673],[35.9139,34.4665],[35.9111,34.4654]]]},"properties":{"adm3_name":"Nabi Youcheaa","adm2_name":"El Minieh-Dennie","adm1_name":"North"}},
{"type":"Feature","geometry":{"type":"Polygon","coordinates":[[[35.9388,34.4974],[35.9305,34.493],[35.9285,34.4881],[35.9133,34.4751],[35.9079,34.47],[35.9111,34.4654],[35.9139,34.4665],[35.9218,34.4673],[35.9248,34.4666],[35.9358,34.4659],[35.939,34.4631],[35.9421,34.4631],[35.9458,34.4654],[35.9521,34.4655],[35.9511,34.4672],[35.9557,34.4705],[35.9528,34.4782],[35.953,34.4833],[35.9545,34.4853],[35.9537,34.4875],[35.9494,34.4902],[35.9449,34.4981],[35.9388,34.4974]]]},"properties":{"adm3_name":"Minie","adm2_name":"El Minieh-Dennie","adm1_name":"North"}},
{"type":"Feature","geometry":{"type":"Polygon","coordinates":[[[35.9834,34.5017],[35.9787,34.4975],[35.9737,34.4943],[35.9748,34.4918],[35.978,34.4901],[35.9806,34.4869],[35.9839,34.4852],[35.9852,34.4825],[35.9866,34.4827],[35.9844,34.4856],[35.9899,34.4879],[35.9895,34.493],[35.9854,34.4969],[35.9834,34.5017]]]},"properties":{"adm3_name":"Rihaniyet-Miniyeh","adm2_name":"El Minieh-Dennie","adm1_name":"North"}},
{"type":"Feature","geometry":{"type":"Polygon","coordinates":[[[35.9388,34.4974],[35.9449,34.4981],[35.9494,34.4902],[35.9537,34.4875],[35.9545,34.4853],[35.9593,34.4858],[35.9643,34.4839],[35.9676,34.4796],[35.9728,34.4794],[35.9799,34.4844],[35.9806,34.4869],[35.978,34.4901],[35.9748,34.4918],[35.9737,34.4943],[35.971,34.4961],[35.9662,34.4971],[35.9645,34.4994],[35.9617,34.5069],[35.9619,34.5087],[35.9573,34.5103],[35.9547,34.5126],[35.9532,34.5094],[35.9503,34.5095],[35.9438,34.5072],[35.9431,34.5033],[35.9388,34.4974]]]},"properties":{"adm3_name":"Zouq Bhannine","adm2_name":"El Minieh-Dennie","adm1_name":"North"}},
{"type":"Feature","geometry":{"type":"Polygon","coordinates":[[[36.0184,34.3897],[36.0168,34.3852],[36.0188,34.3836],[36.0121,34.3776],[36.0154,34.3719],[36.016,34.3771],[36.0213,34.3805],[36.0279,34.3779],[36.0319,34.3779],[36.0349,34.3803],[36.0405,34.3829],[36.046,34.3829],[36.0431,34.387],[36.0359,34.3896],[36.0295,34.3889],[36.0233,34.3908],[36.0214,34.3874],[36.0184,34.3897]]]},"properties":{"adm3_name":"Sir Ed-Danniyeh","adm2_name":"El Minieh-Dennie","adm1_name":"North"}},
{"type":"Feature","geometry":{"type":"Polygon","coordinates":[[[36.0149,34.398],[36.0115,34.4002],[36.0064,34.3982],[36.0024,34.3977],[35.9986,34.4],[35.9935,34.3986],[35.9933,34.3948],[35.9949,34.3937],[36.0014,34.3907],[36.0029,34.3856],[36.0055,34.3828],[36.0056,34.3787],[36.0082,34.373],[36.012,34.372],[36.0147,34.3675],[36.0154,34.3719],[36.0121,34.3776],[36.0188,34.3836],[36.0168,34.3852],[36.0184,34.3897],[36.0172,34.3922],[36.0146,34.3922],[36.0128,34.3963],[36.0149,34.398]]]},"properties":{"adm3_name":"Aassoun","adm2_name":"El Minieh-Dennie","adm1_name":"North"}},
{"type":"Feature","geometry":{"type":"Polygon","coordinates":[[[36.0056,34.3787],[36.0055,34.3828],[36.0029,34.3856],[36.0014,34.3907],[35.9949,34.3937],[35.997,34.3915],[35.9976,34.3861],[35.9959,34.3833],[35.9963,34.3778],[36.0036,34.3752],[36.0056,34.3787]]]},"properties":{"adm3_name":"Mazraat Ketrane","adm2_name":"El Minieh-Dennie","adm1_name":"North"}},
{"type":"Feature","geometry":{"type":"Polygon","coordinates":[[[36.0373,34.3925],[36.0336,34.3957],[36.0284,34.3972],[36.0248,34.4032],[36.0194,34.3981],[36.0172,34.3922],[36.0184,34.3897],[36.0214,34.3874],[36.0233,34.3908],[36.0295,34.3889],[36.0359,34.3896],[36.0431,34.387],[36.042,34.3892],[36.0373,34.3925]]]},"properties":{"adm3_name":"Qattineh-Miniyeh","adm2_name":"El Minieh-Dennie","adm1_name":"North"}},
{"type":"Feature","geometry":{"type":"Polygon","coordinates":[[[36.0319,34.3779],[36.0279,34.3779],[36.0213,34.3805],[36.016,34.3771],[36.0154,34.3719],[36.0147,34.3675],[36.0159,34.3623],[36.0236,34.3534],[36.0284,34.3518],[36.0285,34.3493],[36.0237,34.35],[36.0276,34.3461],[36.0351,34.3436],[36.0372,34.3421],[36.0419,34.3348],[36.0427,34.3321],[36.0423,34.3263],[36.0446,34.3224],[36.0503,34.3205],[36.0507,34.3181],[36.0545,34.3114],[36.0537,34.3092],[36.0493,34.3093],[36.0417,34.3124],[36.0369,34.3108],[36.0326,34.3071],[36.0286,34.3061],[36.0256,34.3091],[36.026,34.3012],[36.0238,34.2974],[36.0274,34.2934],[36.0339,34.28],[36.0384,34.2793],[36.0405,34.2808],[36.0516,34.28],[36.0606,34.2758],[36.0613,34.2729],[36.0669,34.2744],[36.0704,34.2788],[36.0817,34.2814],[36.0836,34.2841],[36.0893,34.2843],[36.0949,34.2822],[36.1091,34.2864],[36.1149,34.2916],[36.1136,34.2985],[36.1167,34.3023],[36.1163,34.3071],[36.1267,34.3034],[36.1274,34.3081],[36.1297,34.3109],[36.1346,34.307],[36.1357,34.3044],[36.1399,34.3008],[36.1402,34.3082],[36.1442,34.3125],[36.1488,34.3139],[36.1536,34.3235],[36.1581,34.3288],[36.162,34.3368],[36.1503,34.3393],[36.1485,34.3382],[36.1414,34.3464],[36.1373,34.3497],[36.1348,34.3538],[36.1318,34.3553],[36.1261,34.3562],[36.1244,34.3526],[36.1195,34.3458],[36.1168,34.3445],[36.1109,34.3444],[36.1009,34.3406],[36.0971,34.3416],[36.0937,34.3444],[36.0883,34.3467],[36.0835,34.3472],[36.0819,34.3488],[36.0727,34.3469],[36.0656,34.3473],[36.0613,34.3521],[36.053,34.3574],[36.0474,34.3642],[36.0477,34.3679],[36.053,34.3665],[36.0524,34.371],[36.0455,34.3732],[36.0378,34.372],[36.0355,34.3707],[36.0319,34.3779]]]},"properties":{"adm3_name":"Bqaa Sefrine","adm2_name":"El Minieh-Dennie","adm1_name":"North"}},
{"type":"Feature","geometry":{"type":"Polygon","coordinates":[[[36.046,34.3829],[36.0405,34.3829],[36.0349,34.3803],[36.0319,34.3779],[36.0355,34.3707],[36.0378,34.372],[36.0455,34.3732],[36.0524,34.371],[36.053,34.3665],[36.0559,34.3656],[36.0696,34.3656],[36.0743,34.3642],[36.0809,34.365],[36.0783,34.3687],[36.0748,34.3704],[36.0674,34.3723],[36.0566,34.3734],[36.05,34.3778],[36.046,34.3829]]]},"properties":{"adm3_name":"Bqarsouna","adm2_name":"El Minieh-Dennie","adm1_name":"North"}},
{"type":"Feature","geometry":{"type":"Polygon","coordinates":[[[36.0368,34.3946],[36.0373,34.3925],[36.042,34.3892],[36.0457,34.3892],[36.0418,34.395],[36.0368,34.3946]]]},"properties":{"adm3_name":"Hazmiyet-Miniyeh","adm2_name":"El Minieh-Dennie","adm1_name":"North"}},
{"type":"Feature","geometry":{"type":"Polygon","coordinates":[[[36.0411,34.4016],[36.0381,34.4041],[36.0379,34.407],[36.0447,34.4097],[36.035,34.4134],[36.0281,34.4186],[36.0266,34.4154],[36.0275,34.4114],[36.0257,34.4088],[36.0255,34.4049],[36.0248,34.4032],[36.0284,34.3972],[36.0323,34.3997],[36.0386,34.402],[36.0411,34.4016]]]},"properties":{"adm3_name":"Tarane","adm2_name":"El Minieh-Dennie","adm1_name":"North"}},
{"type":"Feature","geometry":{"type":"Polygon","coordinates":[[[36.0457,34.3892],[36.042,34.3892],[36.0431,34.387],[36.046,34.3829],[36.05,34.3778],[36.0566,34.3734],[36.0674,34.3723],[36.0748,34.3704],[36.0783,34.3687],[36.0809,34.365],[36.0821,34.364],[36.0892,34.3651],[36.0924,34.3639],[36.1006,34.3637],[36.1013,34.3661],[36.1061,34.367],[36.1138,34.3708],[36.1109,34.3764],[36.1019,34.3771],[36.0951,34.3789],[36.0775,34.381],[36.0746,34.382],[36.0701,34.3784],[36.0608,34.3807],[36.0546,34.3848],[36.0538,34.3871],[36.05,34.3891],[36.0457,34.3892]]]},"properties":{"adm3_name":"Mimrine","adm2_name":"El Minieh-Dennie","adm1_name":"North"}},
{"type":"Feature","geometry":{"type":"Polygon","coordinates":[[[36.0172,34.3922],[36.0194,34.3981],[36.0248,34.4032],[36.0255,34.4049],[36.0184,34.402],[36.0149,34.398],[36.0128,34.3963],[36.0146,34.3922],[36.0172,34.3922]]]},"properties":{"adm3_name":"Haql el Aazimeh","adm2_name":"El Minieh-Dennie","adm1_name":"North"}},
{"type":"Feature","geometry":{"type":"Polygon","coordinates":[[[36.0482,34.396],[36.0473,34.3931],[36.0497,34.3901],[36.0541,34.3901],[36.0567,34.3926],[36.0565,34.3952],[36.063,34.3938],[36.0649,34.3969],[36.069,34.3952],[36.066,34.3978],[36.054,34.3963],[36.0519,34.395],[36.0482,34.396]]]},"properties":{"adm3_name":"Beit El-Faqs","adm2_name":"El Minieh-Dennie","adm1_name":"North"}},
{"type":"Feature","geometry":{"type":"Polygon","coordinates":[[[36.0411,34.4016],[36.0386,34.402],[36.0323,34.3997],[36.0365,34.3968],[36.0368,34.3946],[36.0418,34.395],[36.045,34.3961],[36.0392,34.3981],[36.0411,34.4016]]]},"properties":{"adm3_name":"Mrah Es-Sfire","adm2_name":"El Minieh-Dennie","adm1_name":"North"}},
{"type":"Feature","geometry":{"type":"Polygon","coordinates":[[[36.045,34.3961],[36.0418,34.395],[36.0457,34.3892],[36.05,34.3891],[36.0497,34.3901],[36.0473,34.3931],[36.0482,34.396],[36.045,34.3961]]]},"properties":{"adm3_name":"Aain Et-Tineh-Miniyeh","adm2_name":"El Minieh-Dennie","adm1_name":"North"}},
{"type":"Feature","geometry":{"type":"Polygon","coordinates":[[[36.0184,34.402],[36.0136,34.4022],[36.0099,34.4054],[36.0032,34.4055],[35.9973,34.4033],[35.9986,34.4],[36.0024,34.3977],[36.0064,34.3982],[36.0115,34.4002],[36.0149,34.398],[36.0184,34.402]]]},"properties":{"adm3_name":"Kharroub-Miniyeh","adm2_name":"El Minieh-Dennie","adm1_name":"North"}},
{"type":"Feature","geometry":{"type":"Polygon","coordinates":[[[36.0697,34.4088],[36.0649,34.4139],[36.0633,34.4185],[36.0607,34.417],[36.0594,34.4138],[36.0528,34.4139],[36.0477,34.4098],[36.0447,34.4097],[36.0379,34.407],[36.0381,34.4041],[36.0411,34.4016],[36.0392,34.3981],[36.045,34.3961],[36.0482,34.396],[36.0519,34.395],[36.054,34.3963],[36.066,34.3978],[36.069,34.3952],[36.0774,34.3929],[36.0806,34.3964],[36.077,34.4014],[36.0724,34.4037],[36.0697,34.4088]]]},"properties":{"adm3_name":"Sfireh","adm2_name":"El Minieh-Dennie","adm1_name":"North"}},
{"type":"Feature","geometry":{"type":"Polygon","coordinates":[[[36.0806,34.3964],[36.0774,34.3929],[36.069,34.3952],[36.0649,34.3969],[36.063,34.3938],[36.0565,34.3952],[36.0567,34.3926],[36.0541,34.3901],[36.0497,34.3901],[36.05,34.3891],[36.0538,34.3871],[36.0546,34.3848],[36.0608,34.3807],[36.0701,34.3784],[36.0746,34.382],[36.0775,34.381],[36.0951,34.3789],[36.1019,34.3771],[36.0995,34.3832],[36.0888,34.3872],[36.0853,34.3918],[36.0806,34.3964]]]},"properties":{"adm3_name":"Qarsaita","adm2_name":"El Minieh-Dennie","adm1_name":"North"}},
{"type":"Feature","geometry":{"type":"Polygon","coordinates":[[[35.9927,34.3989],[35.9875,34.3981],[35.9843,34.3999],[35.9786,34.4008],[35.9749,34.4032],[35.9716,34.4009],[35.9691,34.4028],[35.9667,34.3993],[35.9581,34.3982],[35.9538,34.3994],[35.9512,34.397],[35.9453,34.3939],[35.9558,34.3883],[35.9504,34.3872],[35.9465,34.3823],[35.9448,34.3785],[35.9486,34.3712],[35.9527,34.3724],[35.96,34.3711],[35.967,34.3709],[35.9744,34.3683],[35.9837,34.3701],[35.9909,34.3691],[35.9941,34.3667],[35.9951,34.3627],[35.9971,34.3624],[36.0028,34.3572],[36.0071,34.3578],[36.0096,34.3532],[36.0139,34.3541],[36.0181,34.3533],[36.0237,34.35],[36.0285,34.3493],[36.0284,34.3518],[36.0236,34.3534],[36.0159,34.3623],[36.0147,34.3675],[36.012,34.372],[36.0082,34.373],[36.0056,34.3787],[36.0036,34.3752],[35.9963,34.3778],[35.9959,34.3833],[35.9976,34.3861],[35.997,34.3915],[35.9949,34.3937],[35.9933,34.3948],[35.9935,34.3986],[35.9927,34.3989]]]},"properties":{"adm3_name":"Izal","adm2_name":"El Minieh-Dennie","adm1_name":"North"}},
{"type":"Feature","geometry":{"type":"Polygon","coordinates":[[[36.0515,34.4455],[36.0469,34.4423],[36.0422,34.4416],[36.0325,34.4438],[36.028,34.4438],[36.0233,34.4411],[36.0181,34.4394],[36.011,34.4404],[36.0059,34.4396],[36.0103,34.4382],[36.0124,34.4356],[36.0139,34.434],[36.0199,34.4317],[36.0243,34.4296],[36.0264,34.4246],[36.0273,34.4204],[36.0281,34.4186],[36.035,34.4134],[36.0426,34.4163],[36.0485,34.4143],[36.0528,34.4139],[36.0594,34.4138],[36.0607,34.417],[36.0633,34.4185],[36.0643,34.4224],[36.0608,34.4235],[36.0543,34.431],[36.0512,34.4339],[36.0458,34.4359],[36.0458,34.4379],[36.0524,34.4436],[36.0515,34.4455]]]},"properties":{"adm3_name":"Btermaz","adm2_name":"El Minieh-Dennie","adm1_name":"North"}},
{"type":"Feature","geometry":{"type":"Polygon","coordinates":[[[36.158,34.3982],[36.1554,34.3991],[36.1515,34.4028],[36.1483,34.4088],[36.1426,34.4145],[36.1425,34.4217],[36.1405,34.4269],[36.135,34.4238],[36.1313,34.4204],[36.1322,34.4162],[36.1283,34.4125],[36.1333,34.407],[36.1398,34.4028],[36.1433,34.4028],[36.1463,34.3973],[36.1534,34.392],[36.158,34.3982]]]},"properties":{"adm3_name":"Qemmamine","adm2_name":"El Minieh-Dennie","adm1_name":"North"}},
{"type":"Feature","geometry":{"type":"MultiPolygon","coordinates":[[[[36.0199,34.4317],[36.0139,34.434],[36.0124,34.4356],[36.007,34.4375],[36.005,34.4342],[36.006,34.4307],[36.0116,34.4268],[36.0147,34.4273],[36.0199,34.4317]]],[[[36.0273,34.4204],[36.0264,34.4246],[36.0201,34.4214],[36.0221,34.4174],[36.0256,34.418],[36.0273,34.4204]]]]},"properties":{"adm3_name":"Harf Es-Sayad","adm2_name":"El Minieh-Dennie","adm1_name":"North"}},
{"type":"Feature","geometry":{"type":"Polygon","coordinates":[[[35.9624,34.3668],[35.966,34.3629],[35.9716,34.3634],[35.982,34.3608],[35.9829,34.3563],[35.9819,34.3528],[35.9845,34.3513],[35.9892,34.3518],[35.992,34.3461],[35.9969,34.3478],[35.9997,34.3473],[36.0045,34.3514],[36.006,34.3478],[36.0057,34.3439],[36.0072,34.3415],[36.0114,34.3414],[36.0148,34.3358],[36.0223,34.3353],[36.0226,34.3312],[36.0277,34.3237],[36.0242,34.3324],[36.0265,34.3381],[36.0276,34.3461],[36.0237,34.35],[36.0181,34.3533],[36.0139,34.3541],[36.0096,34.3532],[36.0071,34.3578],[36.0028,34.3572],[35.9971,34.3624],[35.9951,34.3627],[35.9941,34.3667],[35.9909,34.3691],[35.9837,34.3701],[35.9744,34.3683],[35.967,34.3709],[35.96,34.3711],[35.9624,34.3668]]]},"properties":{"adm3_name":"Karm El-Mohr","adm2_name":"El Minieh-Dennie","adm1_name":"North"}},
{"type":"Feature","geometry":{"type":"Polygon","coordinates":[[[35.9946,34.4136],[35.9894,34.4122],[35.9858,34.4147],[35.9804,34.4131],[35.9829,34.4119],[35.9836,34.4089],[35.9786,34.4008],[35.9843,34.3999],[35.9875,34.3981],[35.9927,34.3989],[35.9897,34.4026],[35.9852,34.405],[35.9878,34.4084],[35.9902,34.4067],[35.9954,34.4091],[35.9946,34.4136]]]},"properties":{"adm3_name":"Beit Zoud","adm2_name":"El Minieh-Dennie","adm1_name":"North"}},
{"type":"Feature","geometry":{"type":"Polygon","coordinates":[[[35.9766,34.4219],[35.9734,34.4187],[35.9778,34.4177],[35.9804,34.4131],[35.9858,34.4147],[35.9894,34.4122],[35.9946,34.4136],[35.9978,34.4127],[35.9998,34.4169],[36.0036,34.4193],[35.997,34.4239],[35.9938,34.4247],[35.992,34.4255],[35.9854,34.4223],[35.9766,34.4219]]]},"properties":{"adm3_name":"Mrah Es-Srayj","adm2_name":"El Minieh-Dennie","adm1_name":"North"}},
{"type":"Feature","geometry":{"type":"Polygon","coordinates":[[[36.0323,34.3997],[36.0284,34.3972],[36.0336,34.3957],[36.0373,34.3925],[36.0368,34.3946],[36.0365,34.3968],[36.0323,34.3997]]]},"properties":{"adm3_name":"Qraine","adm2_name":"El Minieh-Dennie","adm1_name":"North"}},
{"type":"Feature","geometry":{"type":"Polygon","coordinates":[[[36.0772,34.4258],[36.0754,34.4216],[36.0696,34.4238],[36.0643,34.4224],[36.0633,34.4185],[36.0649,34.4139],[36.0697,34.4088],[36.073,34.4148],[36.0804,34.4142],[36.0877,34.4114],[36.0935,34.4134],[36.0969,34.4131],[36.0997,34.4166],[36.0966,34.4228],[36.0913,34.4257],[36.0889,34.429],[36.085,34.4295],[36.0772,34.4258]]]},"properties":{"adm3_name":"Haouaret-Miniyeh","adm2_name":"El Minieh-Dennie","adm1_name":"North"}},
{"type":"Feature","geometry":{"type":"Polygon","coordinates":[[[36.053,34.4461],[36.0515,34.4455],[36.0524,34.4436],[36.0458,34.4379],[36.0458,34.4359],[36.0512,34.4339],[36.0543,34.431],[36.0608,34.4235],[36.0643,34.4224],[36.0696,34.4238],[36.074,34.4271],[36.0772,34.4258],[36.085,34.4295],[36.0889,34.429],[36.0913,34.4344],[36.0875,34.4359],[36.0822,34.4358],[36.0822,34.4393],[36.0776,34.439],[36.0696,34.4423],[36.0651,34.4457],[36.0581,34.4452],[36.053,34.4461]]]},"properties":{"adm3_name":"Debaael","adm2_name":"El Minieh-Dennie","adm1_name":"North"}},
{"type":"Feature","geometry":{"type":"Polygon","coordinates":[[[36.0772,34.4258],[36.074,34.4271],[36.0696,34.4238],[36.0754,34.4216],[36.0772,34.4258]]]},"properties":{"adm3_name":"Beit Haouik","adm2_name":"El Minieh-Dennie","adm1_name":"North"}},
{"type":"Feature","geometry":{"type":"Polygon","coordinates":[[[36.1283,34.4125],[36.1233,34.4115],[36.1182,34.414],[36.1175,34.4155],[36.1096,34.4185],[36.1134,34.4285],[36.1101,34.4349],[36.1058,34.4368],[36.096,34.4334],[36.0921,34.4354],[36.0913,34.4344],[36.0889,34.429],[36.0913,34.4257],[36.0966,34.4228],[36.0997,34.4166],[36.0999,34.4109],[36.1017,34.4077],[36.1004,34.405],[36.1032,34.3985],[36.1025,34.393],[36.113,34.3887],[36.1163,34.3852],[36.117,34.3822],[36.1214,34.3841],[36.1285,34.3853],[36.1338,34.3903],[36.1365,34.3917],[36.1374,34.3957],[36.1407,34.3996],[36.1398,34.4028],[36.1333,34.407],[36.1283,34.4125]]]},"properties":{"adm3_name":"Jayroun","adm2_name":"El Minieh-Dennie","adm1_name":"North"}},
{"type":"Feature","geometry":{"type":"Polygon","coordinates":[[[35.9668,34.3433],[35.9702,34.3406],[35.9761,34.3404],[35.9762,34.3376],[35.9867,34.3311],[35.9879,34.3283],[35.9846,34.3274],[35.9779,34.3281],[35.972,34.3304],[35.9693,34.3275],[35.9707,34.3274],[35.9755,34.3253],[35.9796,34.3236],[35.9826,34.3192],[35.9887,34.3169],[35.9947,34.3134],[35.9967,34.3133],[35.9987,34.3097],[36.004,34.3061],[36.0085,34.2981],[36.0129,34.2968],[36.0149,34.2934],[36.0176,34.2934],[36.0238,34.2974],[36.026,34.3012],[36.0256,34.3091],[36.0291,34.3125],[36.0306,34.3156],[36.0307,34.3197],[36.0277,34.3237],[36.0226,34.3312],[36.0223,34.3353],[36.0148,34.3358],[36.0114,34.3414],[36.0072,34.3415],[36.0057,34.3439],[36.006,34.3478],[36.0045,34.3514],[35.9997,34.3473],[35.9969,34.3478],[35.992,34.3461],[35.9892,34.3518],[35.9845,34.3513],[35.9796,34.3466],[35.9744,34.343],[35.9668,34.3433]]]},"properties":{"adm3_name":"Bechnnata","adm2_name":"El Minieh-Dennie","adm1_name":"North"}},
{"type":"Feature","geometry":{"type":"Polygon","coordinates":[[[36.0893,34.4435],[36.0741,34.4457],[36.072,34.4472],[36.0651,34.4457],[36.0696,34.4423],[36.0776,34.439],[36.0822,34.4393],[36.0822,34.4358],[36.0875,34.4359],[36.0913,34.4344],[36.0921,34.4354],[36.0909,34.4377],[36.092,34.441],[36.0893,34.4435]]]},"properties":{"adm3_name":"Qarhaiya","adm2_name":"El Minieh-Dennie","adm1_name":"North"}},
{"type":"Feature","geometry":{"type":"Polygon","coordinates":[[[35.9803,34.4446],[35.9757,34.4409],[35.9747,34.4382],[35.9784,34.4361],[35.974,34.434],[35.976,34.4279],[35.9896,34.4278],[35.992,34.4293],[35.9959,34.428],[35.9997,34.4282],[36.006,34.4307],[36.005,34.4342],[36.007,34.4375],[36.0124,34.4356],[36.0103,34.4382],[36.0059,34.4396],[36.0024,34.4405],[35.9935,34.4408],[35.9907,34.4419],[35.9877,34.4447],[35.9803,34.4446]]]},"properties":{"adm3_name":"Aazqai","adm2_name":"El Minieh-Dennie","adm1_name":"North"}},
{"type":"Feature","geometry":{"type":"Polygon","coordinates":[[[36.1001,34.4467],[36.0893,34.4435],[36.092,34.441],[36.0909,34.4377],[36.0921,34.4354],[36.096,34.4334],[36.1058,34.4368],[36.1101,34.4349],[36.1036,34.4409],[36.1001,34.4467]]]},"properties":{"adm3_name":"Aasaymout","adm2_name":"El Minieh-Dennie","adm1_name":"North"}},
{"type":"Feature","geometry":{"type":"Polygon","coordinates":[[[35.9896,34.4278],[35.976,34.4279],[35.9714,34.4255],[35.9728,34.4231],[35.9766,34.4219],[35.9854,34.4223],[35.992,34.4255],[35.9938,34.4247],[35.9896,34.4278]]]},"properties":{"adm3_name":"Kfar Chellane","adm2_name":"El Minieh-Dennie","adm1_name":"North"}},
{"type":"Feature","geometry":{"type":"Polygon","coordinates":[[[35.9714,34.4255],[35.9655,34.4233],[35.9603,34.4226],[35.9576,34.4237],[35.9522,34.4219],[35.9477,34.4227],[35.9474,34.4189],[35.9514,34.4146],[35.948,34.4102],[35.9426,34.405],[35.9488,34.4041],[35.9538,34.3994],[35.9581,34.3982],[35.9667,34.3993],[35.9691,34.4028],[35.9716,34.4009],[35.9749,34.4032],[35.9786,34.4008],[35.9836,34.4089],[35.9829,34.4119],[35.9804,34.4131],[35.9778,34.4177],[35.9734,34.4187],[35.9766,34.4219],[35.9728,34.4231],[35.9714,34.4255]]]},"properties":{"adm3_name":"Kfar Habou","adm2_name":"El Minieh-Dennie","adm1_name":"North"}},
{"type":"Feature","geometry":{"type":"Polygon","coordinates":[[[35.9829,34.3563],[35.982,34.3608],[35.9716,34.3634],[35.966,34.3629],[35.969,34.3595],[35.9672,34.3561],[35.9634,34.3533],[35.9641,34.3491],[35.961,34.3457],[35.9623,34.3443],[35.9668,34.3433],[35.9744,34.343],[35.9796,34.3466],[35.9845,34.3513],[35.9819,34.3528],[35.9814,34.3574],[35.9829,34.3563]]]},"properties":{"adm3_name":"Aaymar","adm2_name":"El Minieh-Dennie","adm1_name":"North"}},
{"type":"Feature","geometry":{"type":"Polygon","coordinates":[[[35.9569,34.3643],[35.9508,34.3638],[35.9461,34.3648],[35.9439,34.362],[35.9428,34.3585],[35.947,34.3547],[35.9484,34.3513],[35.9527,34.3545],[35.956,34.3516],[35.9621,34.353],[35.9634,34.3533],[35.9672,34.3561],[35.9636,34.3582],[35.9569,34.3643]]]},"properties":{"adm3_name":"Zaghartaghrine","adm2_name":"El Minieh-Dennie","adm1_name":"North"}},
{"type":"Feature","geometry":{"type":"Polygon","coordinates":[[[35.9626,34.3438],[35.9535,34.3415],[35.9549,34.3342],[35.957,34.333],[35.962,34.3333],[35.9671,34.3301],[35.9693,34.3275],[35.972,34.3304],[35.9779,34.3281],[35.9846,34.3274],[35.9879,34.3283],[35.9867,34.3311],[35.9762,34.3376],[35.9761,34.3404],[35.9702,34.3406],[35.9668,34.3433],[35.9626,34.3438]]]},"properties":{"adm3_name":"Behouaita","adm2_name":"El Minieh-Dennie","adm1_name":"North"}},
{"type":"Feature","geometry":{"type":"Polygon","coordinates":[[[35.9621,34.353],[35.956,34.3516],[35.9527,34.3545],[35.9484,34.3513],[35.947,34.3547],[35.9428,34.3585],[35.94,34.356],[35.9428,34.3531],[35.9412,34.3499],[35.9431,34.3476],[35.9513,34.3422],[35.9547,34.3342],[35.9549,34.3342],[35.9535,34.3415],[35.9626,34.3438],[35.9623,34.3443],[35.961,34.3457],[35.9629,34.3516],[35.9621,34.353]]]},"properties":{"adm3_name":"Kahf El-Malloul","adm2_name":"El Minieh-Dennie","adm1_name":"North"}},
{"type":"Feature","geometry":{"type":"Polygon","coordinates":[[[35.9277,34.3586],[35.929,34.3556],[35.9319,34.3545],[35.936,34.3509],[35.9412,34.3499],[35.9428,34.3531],[35.94,34.356],[35.9344,34.3567],[35.9277,34.3586]]]},"properties":{"adm3_name":"Jarjour","adm2_name":"El Minieh-Dennie","adm1_name":"North"}},
{"type":"Feature","geometry":{"type":"Polygon","coordinates":[[[35.96,34.3711],[35.9527,34.3724],[35.9486,34.3712],[35.9448,34.3785],[35.9465,34.3823],[35.9504,34.3872],[35.9558,34.3883],[35.9453,34.3939],[35.9384,34.3904],[35.9342,34.3847],[35.9317,34.3848],[35.9295,34.3904],[35.9257,34.3932],[35.9239,34.3881],[35.9196,34.3889],[35.923,34.3793],[35.9197,34.3765],[35.9233,34.3744],[35.923,34.3713],[35.9274,34.3687],[35.9344,34.3678],[35.9362,34.3645],[35.9414,34.3652],[35.9439,34.362],[35.9461,34.3648],[35.9508,34.3638],[35.9569,34.3643],[35.9546,34.3673],[35.9601,34.3688],[35.9624,34.3668],[35.96,34.3711]]]},"properties":{"adm3_name":"Deir Nbouh","adm2_name":"El Minieh-Dennie","adm1_name":"North"}},
{"type":"Feature","geometry":{"type":"Polygon","coordinates":[[[35.9439,34.362],[35.9414,34.3652],[35.9362,34.3645],[35.928,34.3602],[35.9277,34.3586],[35.9344,34.3567],[35.94,34.356],[35.9428,34.3585],[35.9439,34.362]]]},"properties":{"adm3_name":"Bechehhara","adm2_name":"El Minieh-Dennie","adm1_name":"North"}},
{"type":"Feature","geometry":{"type":"Polygon","coordinates":[[[35.9676,34.4796],[35.9643,34.4839],[35.9593,34.4858],[35.9545,34.4853],[35.953,34.4833],[35.9528,34.4782],[35.9557,34.4705],[35.9511,34.4672],[35.9521,34.4655],[35.9531,34.4633],[35.9527,34.4582],[35.9567,34.4549],[35.9644,34.4503],[35.9703,34.4514],[35.9773,34.4506],[35.9823,34.4569],[35.9792,34.465],[35.9731,34.4692],[35.9693,34.4775],[35.9676,34.4796]]]},"properties":{"adm3_name":"Merkebta","adm2_name":"El Minieh-Dennie","adm1_name":"North"}},
{"type":"Feature","geometry":{"type":"Polygon","coordinates":[[[35.9852,34.4825],[35.9839,34.4852],[35.9806,34.4869],[35.9799,34.4844],[35.9728,34.4794],[35.9676,34.4796],[35.9693,34.4775],[35.9731,34.4692],[35.9792,34.465],[35.9823,34.4569],[35.9773,34.4506],[35.9803,34.4446],[35.9877,34.4447],[35.9907,34.4419],[35.9897,34.4442],[35.9895,34.4462],[35.9923,34.4499],[35.9907,34.4554],[35.9891,34.4573],[35.9878,34.4629],[35.9895,34.4719],[35.9854,34.4787],[35.9852,34.4825]]]},"properties":{"adm3_name":"Raouda-Aadoua","adm2_name":"El Minieh-Dennie","adm1_name":"North"}},
{"type":"Feature","geometry":{"type":"Polygon","coordinates":[[[36.1405,34.4269],[36.1358,34.4338],[36.1316,34.4381],[36.1235,34.4451],[36.1203,34.4468],[36.1161,34.4467],[36.1117,34.445],[36.1031,34.4468],[36.1001,34.4467],[36.1036,34.4409],[36.1101,34.4349],[36.1134,34.4285],[36.1096,34.4185],[36.1175,34.4155],[36.1182,34.414],[36.1233,34.4115],[36.1283,34.4125],[36.1322,34.4162],[36.1313,34.4204],[36.135,34.4238],[36.1405,34.4269]]]},"properties":{"adm3_name":"Qarne","adm2_name":"El Minieh-Dennie","adm1_name":"North"}},
{"type":"Feature","geometry":{"type":"Polygon","coordinates":[[[36.158,34.3982],[36.1534,34.392],[36.1463,34.3973],[36.1433,34.4028],[36.1398,34.4028],[36.1407,34.3996],[36.1374,34.3957],[36.1365,34.3917],[36.1338,34.3903],[36.1285,34.3853],[36.1214,34.3841],[36.117,34.3822],[36.1163,34.3852],[36.113,34.3887],[36.1025,34.393],[36.1033,34.3865],[36.0995,34.3832],[36.1019,34.3771],[36.1109,34.3764],[36.1138,34.3708],[36.1061,34.367],[36.1013,34.3661],[36.1059,34.3649],[36.1089,34.363],[36.1164,34.3601],[36.1196,34.3573],[36.1261,34.3562],[36.1318,34.3553],[36.1348,34.3538],[36.1373,34.3497],[36.1414,34.3464],[36.1485,34.3382],[36.1503,34.3393],[36.162,34.3368],[36.1648,34.341],[36.1698,34.3427],[36.1767,34.3436],[36.1801,34.3465],[36.1801,34.351],[36.1829,34.3581],[36.184,34.3631],[36.181,34.3691],[36.1823,34.3713],[36.1796,34.3769],[36.1807,34.3806],[36.1797,34.3839],[36.1811,34.3882],[36.1786,34.3902],[36.1751,34.3899],[36.1704,34.393],[36.1656,34.3918],[36.158,34.3982]]]},"properties":{"adm3_name":"Mrebbine","adm2_name":"El Minieh-Dennie","adm1_name":"North"}},
{"type":"Feature","geometry":{"type":"Polygon","coordinates":[[[35.9567,34.4549],[35.9527,34.4582],[35.9447,34.4579],[35.9408,34.4565],[35.9407,34.4537],[35.9348,34.4528],[35.9341,34.4511],[35.9377,34.4433],[35.9372,34.4414],[35.9397,34.434],[35.9421,34.4355],[35.9446,34.4334],[35.9491,34.4404],[35.9567,34.4423],[35.9513,34.4459],[35.9523,34.4494],[35.9506,34.4514],[35.9567,34.4549]]]},"properties":{"adm3_name":"Terbol-Miniyeh","adm2_name":"El Minieh-Dennie","adm1_name":"North"}},
{"type":"Feature","geometry":{"type":"Polygon","coordinates":[[[35.9624,34.3668],[35.9601,34.3688],[35.9546,34.3673],[35.9569,34.3643],[35.9636,34.3582],[35.9672,34.3561],[35.969,34.3595],[35.966,34.3629],[35.9624,34.3668]]]},"properties":{"adm3_name":"Mazraat El-Kreme","adm2_name":"El Minieh-Dennie","adm1_name":"North"}},
{"type":"Feature","geometry":{"type":"Polygon","coordinates":[[[36.0264,34.4246],[36.0243,34.4296],[36.0199,34.4317],[36.0147,34.4273],[36.0116,34.4268],[36.006,34.4307],[35.9997,34.4282],[35.9959,34.428],[35.992,34.4293],[35.9896,34.4278],[35.9938,34.4247],[35.997,34.4239],[36.0036,34.4193],[35.9998,34.4169],[35.9978,34.4127],[35.9946,34.4136],[35.9954,34.4091],[35.9902,34.4067],[35.9878,34.4084],[35.9852,34.405],[35.9897,34.4026],[35.9927,34.3989],[35.9935,34.3986],[35.9986,34.4],[35.9973,34.4033],[36.0032,34.4055],[36.0099,34.4054],[36.0136,34.4022],[36.0184,34.402],[36.0255,34.4049],[36.0257,34.4088],[36.0275,34.4114],[36.0266,34.4154],[36.0281,34.4186],[36.0273,34.4204],[36.0256,34.418],[36.0221,34.4174],[36.0201,34.4214],[36.0264,34.4246]]]},"properties":{"adm3_name":"Bakhaaoun","adm2_name":"El Minieh-Dennie","adm1_name":"North"}},
{"type":"Feature","geometry":{"type":"Polygon","coordinates":[[[36.1025,34.393],[36.1032,34.3985],[36.1004,34.405],[36.1017,34.4077],[36.0999,34.4109],[36.0997,34.4166],[36.0969,34.4131],[36.0935,34.4134],[36.0877,34.4114],[36.0804,34.4142],[36.073,34.4148],[36.0697,34.4088],[36.0724,34.4037],[36.077,34.4014],[36.0806,34.3964],[36.0853,34.3918],[36.0888,34.3872],[36.0995,34.3832],[36.1033,34.3865],[36.1025,34.393]]]},"properties":{"adm3_name":"Kfar Bibnine","adm2_name":"El Minieh-Dennie","adm1_name":"North"}},
{"type":"Feature","geometry":{"type":"Polygon","coordinates":[[[35.8185,33.7941],[35.8118,33.7897],[35.8114,33.7873],[35.8057,33.7817],[35.8025,33.7723],[35.8096,33.7732],[35.8135,33.7782],[35.8118,33.7807],[35.8148,33.7861],[35.8139,33.7898],[35.8185,33.7941]]]},"properties":{"adm3_name":"Litige","adm2_name":"Zahle","adm1_name":"Bekaa"}},
{"type":"Feature","geometry":{"type":"Polygon","coordinates":[[[35.9024,33.8494],[35.9005,33.8472],[35.903,33.8452],[35.9068,33.8445],[35.9086,33.8493],[35.9024,33.8494]]]},"properties":{"adm3_name":"Zahleh El-Midane","adm2_name":"Zahle","adm1_name":"Bekaa"}},
{"type":"Feature","geometry":{"type":"Polygon","coordinates":[[[35.9086,33.8493],[35.9068,33.8445],[35.9101,33.8424],[35.9129,33.8385],[35.9121,33.8447],[35.9117,33.8446],[35.9086,33.8493]]]},"properties":{"adm3_name":"Zahleh Haouch Ez-Zaraane","adm2_name":"Zahle","adm1_name":"Bekaa"}},
{"type":"Feature","geometry":{"type":"Polygon","coordinates":[[[35.8987,33.8472],[35.9018,33.8437],[35.9033,33.8432],[35.9101,33.8424],[35.9068,33.8445],[35.903,33.8452],[35.9005,33.8472],[35.8987,33.8472]]]},"properties":{"adm3_name":"Zahlé Mar Gerges","adm2_name":"Zahle","adm1_name":"Bekaa"}},
{"type":"Feature","geometry":{"type":"Polygon","coordinates":[[[35.8986,33.8487],[35.8955,33.8528],[35.8945,33.8467],[35.8972,33.8479],[35.8986,33.8487]]]},"properties":{"adm3_name":"Zahleh Er-Rassiyeh","adm2_name":"Zahle","adm1_name":"Bekaa"}},
{"type":"Feature","geometry":{"type":"Polygon","coordinates":[[[35.8958,33.8542],[35.8956,33.8532],[35.8955,33.8528],[35.8986,33.8487],[35.9005,33.8472],[35.9024,33.8494],[35.8958,33.8542]]]},"properties":{"adm3_name":"Zahleh El-Berbara","adm2_name":"Zahle","adm1_name":"Bekaa"}},
{"type":"Feature","geometry":{"type":"Polygon","coordinates":[[[35.9121,33.8447],[35.9129,33.8385],[35.9136,33.8376],[35.9194,33.8434],[35.9183,33.8448],[35.9261,33.8485],[35.9237,33.85],[35.9181,33.8465],[35.9147,33.8471],[35.9121,33.8447]]]},"properties":{"adm3_name":"Zahleh El-Maallaqa","adm2_name":"Zahle","adm1_name":"Bekaa"}},
{"type":"Feature","geometry":{"type":"Polygon","coordinates":[[[35.8986,33.8487],[35.8972,33.8479],[35.8982,33.847],[35.8987,33.8472],[35.9005,33.8472],[35.8986,33.8487]]]},"properties":{"adm3_name":"Zahlé Mar Antonios","adm2_name":"Zahle","adm1_name":"Bekaa"}},
{"type":"Feature","geometry":{"type":"Polygon","coordinates":[[[35.9547,33.8299],[35.9524,33.8335],[35.9543,33.8372],[35.9513,33.8384],[35.9482,33.8422],[35.947,33.8454],[35.9486,33.8472],[35.9415,33.8571],[35.9383,33.8597],[35.935,33.8651],[35.9322,33.868],[35.9287,33.8692],[35.9285,33.8721],[35.9262,33.8756],[35.9215,33.8704],[35.9219,33.8677],[35.9114,33.8595],[35.913,33.8544],[35.9119,33.8524],[35.9117,33.8446],[35.9121,33.8447],[35.9147,33.8471],[35.9181,33.8465],[35.9237,33.85],[35.9261,33.8485],[35.9183,33.8448],[35.9194,33.8434],[35.9136,33.8376],[35.9186,33.8342],[35.9279,33.8275],[35.9298,33.8231],[35.9339,33.8197],[35.9386,33.8137],[35.9323,33.8064],[35.9356,33.8027],[35.942,33.7972],[35.9464,33.8005],[35.9563,33.7905],[35.9547,33.7892],[35.9642,33.7817],[35.9676,33.782],[35.9704,33.7849],[35.9687,33.7864],[35.9623,33.7998],[35.9611,33.7996],[35.9573,33.809],[35.9537,33.8081],[35.9476,33.8186],[35.9451,33.8213],[35.946,33.8263],[35.9508,33.824],[35.9547,33.8299]]]},"properties":{"adm3_name":"Zahleh Maallaqa Aradi","adm2_name":"Zahle","adm1_name":"Bekaa"}},
{"type":"Feature","geometry":{"type":"Polygon","coordinates":[[[35.9186,33.8342],[35.9158,33.8272],[35.9128,33.8285],[35.9085,33.8253],[35.9074,33.8354],[35.9044,33.8347],[35.8972,33.8307],[35.8938,33.8296],[35.8952,33.8271],[35.8906,33.823],[35.8882,33.8244],[35.8903,33.8278],[35.887,33.826],[35.8872,33.8247],[35.8932,33.8174],[35.8968,33.8145],[35.901,33.8152],[35.9045,33.8175],[35.9072,33.8155],[35.9069,33.8102],[35.9102,33.8073],[35.908,33.8015],[35.9021,33.8017],[35.8944,33.8038],[35.8907,33.8015],[35.8938,33.7896],[35.8939,33.7849],[35.8907,33.7788],[35.8847,33.7759],[35.8854,33.7743],[35.8934,33.7776],[35.9004,33.7784],[35.9031,33.7827],[35.913,33.7917],[35.9172,33.7966],[35.9203,33.7978],[35.9323,33.8064],[35.9386,33.8137],[35.9339,33.8197],[35.9298,33.8231],[35.9279,33.8275],[35.9186,33.8342]]]},"properties":{"adm3_name":"Zahlé Haouch El-Oumara Aradi","adm2_name":"Zahle","adm1_name":"Bekaa"}},
{"type":"Feature","geometry":{"type":"Polygon","coordinates":[[[35.8982,33.847],[35.8972,33.8479],[35.8945,33.8467],[35.8948,33.8438],[35.8982,33.847]]]},"properties":{"adm3_name":"Zahlé Saydet En-Najat","adm2_name":"Zahle","adm1_name":"Bekaa"}},
{"type":"Feature","geometry":{"type":"Polygon","coordinates":[[[35.9101,33.8424],[35.9033,33.8432],[35.9054,33.8376],[35.9044,33.8347],[35.9074,33.8354],[35.9085,33.8253],[35.9128,33.8285],[35.9158,33.8272],[35.9186,33.8342],[35.9136,33.8376],[35.9129,33.8385],[35.9101,33.8424]]]},"properties":{"adm3_name":"Zahleh Haouch El-Oumara","adm2_name":"Zahle","adm1_name":"Bekaa"}},
{"type":"Feature","geometry":{"type":"Polygon","coordinates":[[[35.8634,33.8658],[35.8587,33.862],[35.8611,33.8564],[35.8579,33.8551],[35.8608,33.8504],[35.8567,33.8427],[35.8569,33.8385],[35.8601,33.8335],[35.8601,33.8296],[35.8617,33.8237],[35.8655,33.8264],[35.8702,33.8281],[35.8744,33.8279],[35.8758,33.8324],[35.8789,33.831],[35.8814,33.8242],[35.887,33.826],[35.8903,33.8278],[35.8938,33.8296],[35.8972,33.8307],[35.9044,33.8347],[35.9054,33.8376],[35.9033,33.8432],[35.9018,33.8437],[35.8954,33.8422],[35.8948,33.8438],[35.8945,33.8467],[35.8955,33.8528],[35.8956,33.8532],[35.8958,33.8542],[35.9024,33.8494],[35.9086,33.8493],[35.9117,33.8446],[35.9119,33.8524],[35.913,33.8544],[35.9114,33.8595],[35.9082,33.8606],[35.9043,33.858],[35.9017,33.8593],[35.9017,33.8653],[35.8985,33.8656],[35.8953,33.8625],[35.8953,33.8577],[35.8907,33.8589],[35.887,33.8655],[35.8837,33.8669],[35.8812,33.8657],[35.8851,33.8618],[35.8806,33.858],[35.8794,33.8556],[35.8749,33.8589],[35.87,33.8601],[35.8675,33.864],[35.8634,33.8658]]]},"properties":{"adm3_name":"Zahleh Aradi","adm2_name":"Zahle","adm1_name":"Bekaa"}},
{"type":"Feature","geometry":{"type":"Polygon","coordinates":[[[35.8987,33.8472],[35.8982,33.847],[35.8948,33.8438],[35.8954,33.8422],[35.9018,33.8437],[35.8987,33.8472]]]},"properties":{"adm3_name":"Zahlé Mar Elias","adm2_name":"Zahle","adm1_name":"Bekaa"}},
{"type":"Feature","geometry":{"type":"Polygon","coordinates":[[[35.9441,33.8984],[35.9368,33.9012],[35.9289,33.8931],[35.9254,33.8907],[35.9283,33.889],[35.9266,33.8856],[35.92,33.881],[35.9241,33.8788],[35.9262,33.8756],[35.9285,33.8721],[35.9287,33.8692],[35.9322,33.868],[35.935,33.8651],[35.9383,33.8597],[35.9415,33.8571],[35.9486,33.8472],[35.947,33.8454],[35.9482,33.8422],[35.9513,33.8384],[35.9543,33.8372],[35.9524,33.8335],[35.9547,33.8299],[35.9608,33.8325],[35.9679,33.8277],[35.9793,33.8359],[35.9782,33.839],[35.9746,33.8428],[35.9786,33.8449],[35.9734,33.8463],[35.9817,33.8514],[35.978,33.8549],[35.9708,33.8501],[35.9694,33.847],[35.9558,33.8656],[35.9563,33.8697],[35.9548,33.8728],[35.9525,33.8794],[35.9519,33.8852],[35.9487,33.888],[35.9425,33.8956],[35.9441,33.8984]]]},"properties":{"adm3_name":"Fourzol","adm2_name":"Zahle","adm1_name":"Bekaa"}},
{"type":"Feature","geometry":{"type":"Polygon","coordinates":[[[35.8527,33.8909],[35.8475,33.891],[35.8456,33.8857],[35.8469,33.8823],[35.8435,33.8796],[35.834,33.8773],[35.8323,33.8739],[35.8331,33.8714],[35.8256,33.8692],[35.8258,33.8662],[35.8239,33.862],[35.8214,33.8599],[35.8135,33.8535],[35.8126,33.8515],[35.8175,33.8523],[35.8282,33.8486],[35.8321,33.8439],[35.8354,33.843],[35.8416,33.8436],[35.838,33.8373],[35.8376,33.8349],[35.8417,33.8352],[35.8419,33.8324],[35.8479,33.8263],[35.8509,33.8282],[35.8546,33.8285],[35.8583,33.8225],[35.8619,33.8212],[35.8617,33.8237],[35.8601,33.8296],[35.8601,33.8335],[35.8569,33.8385],[35.8567,33.8427],[35.8608,33.8504],[35.8579,33.8551],[35.8611,33.8564],[35.8587,33.862],[35.8634,33.8658],[35.8655,33.8717],[35.8633,33.8734],[35.8582,33.8742],[35.8539,33.8786],[35.8514,33.8837],[35.8527,33.8909]]]},"properties":{"adm3_name":"Touaite Zahleh","adm2_name":"Zahle","adm1_name":"Bekaa"}},
{"type":"Feature","geometry":{"type":"MultiPolygon","coordinates":[[[[35.9971,33.8576],[35.9986,33.8666],[35.9953,33.8665],[35.9929,33.8693],[35.9857,33.8802],[35.9817,33.8816],[35.9752,33.8771],[35.9863,33.8641],[35.9872,33.8623],[35.9916,33.8574],[35.9971,33.8576]]],[[[35.9595,33.8797],[35.9591,33.8854],[35.9577,33.89],[35.9532,33.8918],[35.947,33.8976],[35.9441,33.8984],[35.9425,33.8956],[35.9487,33.888],[35.9519,33.8852],[35.9525,33.8794],[35.9548,33.8728],[35.9595,33.8797]]]]},"properties":{"adm3_name":"Nabi Ayla","adm2_name":"Zahle","adm1_name":"Bekaa"}},
{"type":"Feature","geometry":{"type":"Polygon","coordinates":[[[35.8595,33.8944],[35.8544,33.8949],[35.8527,33.8909],[35.8514,33.8837],[35.8539,33.8786],[35.8582,33.8742],[35.8633,33.8734],[35.8655,33.8717],[35.8634,33.8658],[35.8675,33.864],[35.87,33.8601],[35.8749,33.8589],[35.8794,33.8556],[35.8806,33.858],[35.8851,33.8618],[35.8812,33.8657],[35.8837,33.8669],[35.8814,33.8688],[35.8769,33.8746],[35.8711,33.8889],[35.8702,33.8932],[35.863,33.8932],[35.8595,33.8944]]]},"properties":{"adm3_name":"Hazerta","adm2_name":"Zahle","adm1_name":"Bekaa"}},
{"type":"Feature","geometry":{"type":"Polygon","coordinates":[[[35.9752,33.8771],[35.9706,33.8748],[35.9669,33.8761],[35.9641,33.8797],[35.9595,33.8797],[35.9548,33.8728],[35.9563,33.8697],[35.9558,33.8656],[35.9694,33.847],[35.9708,33.8501],[35.978,33.8549],[35.982,33.8582],[35.9838,33.8612],[35.9872,33.8623],[35.9863,33.8641],[35.9752,33.8771]]]},"properties":{"adm3_name":"Ablah","adm2_name":"Zahle","adm1_name":"Bekaa"}},
{"type":"Feature","geometry":{"type":"Polygon","coordinates":[[[35.9068,33.9332],[35.8988,33.9231],[35.8932,33.9182],[35.8891,33.9168],[35.8798,33.9162],[35.8786,33.9139],[35.8714,33.9134],[35.8704,33.9166],[35.8681,33.9184],[35.8645,33.9173],[35.8604,33.9113],[35.8543,33.905],[35.8547,33.903],[35.8586,33.9028],[35.8613,33.9003],[35.8595,33.8944],[35.863,33.8932],[35.8702,33.8932],[35.8711,33.8889],[35.8769,33.8746],[35.8814,33.8688],[35.884,33.8756],[35.8883,33.8733],[35.8937,33.8727],[35.9004,33.8748],[35.9066,33.8749],[35.9113,33.881],[35.914,33.8823],[35.9254,33.8907],[35.9289,33.8931],[35.9368,33.9012],[35.9353,33.9037],[35.9435,33.9092],[35.9378,33.9133],[35.9336,33.9138],[35.9304,33.9169],[35.9282,33.9162],[35.9207,33.9176],[35.9193,33.9228],[35.9166,33.9259],[35.9155,33.9317],[35.9091,33.9344],[35.9068,33.9332]]]},"properties":{"adm3_name":"Qaa Er-Rim","adm2_name":"Zahle","adm1_name":"Bekaa"}},
{"type":"Feature","geometry":{"type":"Polygon","coordinates":[[[35.9435,33.9092],[35.9353,33.9037],[35.9368,33.9012],[35.9441,33.8984],[35.947,33.8976],[35.9532,33.8918],[35.9577,33.89],[35.9591,33.8854],[35.9595,33.8797],[35.9641,33.8797],[35.9669,33.8761],[35.9706,33.8748],[35.9752,33.8771],[35.9817,33.8816],[35.9803,33.8831],[35.9838,33.8886],[35.981,33.8911],[35.9778,33.8971],[35.9742,33.8976],[35.9708,33.906],[35.9669,33.9093],[35.9621,33.9099],[35.9567,33.916],[35.9486,33.9133],[35.9435,33.9092]]]},"properties":{"adm3_name":"Niha Zahleh","adm2_name":"Zahle","adm1_name":"Bekaa"}},
{"type":"Feature","geometry":{"type":"Polygon","coordinates":[[[35.8938,33.8296],[35.8903,33.8278],[35.8882,33.8244],[35.8906,33.823],[35.8952,33.8271],[35.8938,33.8296]]]},"properties":{"adm3_name":"Ksara","adm2_name":"Zahle","adm1_name":"Bekaa"}},
{"type":"Feature","geometry":{"type":"Polygon","coordinates":[[[35.8126,33.8515],[35.8102,33.8485],[35.8024,33.8445],[35.7978,33.8411],[35.7966,33.8372],[35.7974,33.8325],[35.8005,33.8299],[35.8026,33.826],[35.8115,33.8245],[35.8168,33.8216],[35.8212,33.8232],[35.8252,33.8226],[35.826,33.82],[35.8284,33.8208],[35.8319,33.8297],[35.8376,33.8349],[35.838,33.8373],[35.8416,33.8436],[35.8354,33.843],[35.8321,33.8439],[35.8282,33.8486],[35.8175,33.8523],[35.8126,33.8515]]]},"properties":{"adm3_name":"Mazraat Er-Remtaniyeh","adm2_name":"Zahle","adm1_name":"Bekaa"}},
{"type":"Feature","geometry":{"type":"Polygon","coordinates":[[[35.9262,33.8756],[35.9241,33.8788],[35.92,33.881],[35.9266,33.8856],[35.9283,33.889],[35.9254,33.8907],[35.914,33.8823],[35.9113,33.881],[35.9066,33.8749],[35.9004,33.8748],[35.8937,33.8727],[35.8883,33.8733],[35.884,33.8756],[35.8814,33.8688],[35.8837,33.8669],[35.887,33.8655],[35.8907,33.8589],[35.8953,33.8577],[35.8953,33.8625],[35.8985,33.8656],[35.9017,33.8653],[35.9017,33.8593],[35.9043,33.858],[35.9082,33.8606],[35.9114,33.8595],[35.9219,33.8677],[35.9215,33.8704],[35.9262,33.8756]]]},"properties":{"adm3_name":"Ouadi El-Aarayech","adm2_name":"Zahle","adm1_name":"Bekaa"}},
{"type":"Feature","geometry":{"type":"Polygon","coordinates":[[[35.8619,33.8212],[35.8583,33.8225],[35.8508,33.8241],[35.8529,33.8203],[35.852,33.8128],[35.8536,33.8093],[35.8576,33.8068],[35.862,33.8066],[35.8631,33.8078],[35.8619,33.8129],[35.8619,33.8212]]]},"properties":{"adm3_name":"Chtaura","adm2_name":"Zahle","adm1_name":"Bekaa"}},
{"type":"Feature","geometry":{"type":"Polygon","coordinates":[[[35.8304,33.8146],[35.8383,33.8123],[35.8431,33.8084],[35.8457,33.8044],[35.8482,33.8078],[35.8435,33.8104],[35.8387,33.82],[35.8343,33.8201],[35.8304,33.8146]]]},"properties":{"adm3_name":"Zebdoul","adm2_name":"Zahle","adm1_name":"Bekaa"}},
{"type":"Feature","geometry":{"type":"Polygon","coordinates":[[[35.8268,33.8163],[35.826,33.8133],[35.8223,33.8113],[35.8214,33.8082],[35.8255,33.805],[35.8277,33.8052],[35.8363,33.8018],[35.837,33.7989],[35.845,33.7894],[35.8507,33.7848],[35.8501,33.7905],[35.8526,33.7942],[35.8564,33.7891],[35.8641,33.7823],[35.8641,33.7877],[35.8624,33.7916],[35.8585,33.7962],[35.8571,33.7996],[35.8489,33.7994],[35.8456,33.8014],[35.8457,33.8044],[35.8431,33.8084],[35.8383,33.8123],[35.8304,33.8146],[35.8268,33.8163]]]},"properties":{"adm3_name":"Makseh","adm2_name":"Zahle","adm1_name":"Bekaa"}},
{"type":"Feature","geometry":{"type":"Polygon","coordinates":[[[35.8702,33.8281],[35.8655,33.8264],[35.8617,33.8237],[35.8619,33.8212],[35.8619,33.8129],[35.8631,33.8078],[35.862,33.8066],[35.8665,33.8016],[35.8687,33.8026],[35.8757,33.7969],[35.8801,33.7943],[35.8896,33.802],[35.8874,33.8031],[35.8824,33.8084],[35.8802,33.8134],[35.8764,33.8178],[35.8748,33.8235],[35.8702,33.8281]]]},"properties":{"adm3_name":"Taalbaya","adm2_name":"Zahle","adm1_name":"Bekaa"}},
{"type":"Feature","geometry":{"type":"Polygon","coordinates":[[[35.8583,33.8225],[35.8546,33.8285],[35.8509,33.8282],[35.8479,33.8263],[35.8419,33.8324],[35.8417,33.8352],[35.8376,33.8349],[35.8319,33.8297],[35.8284,33.8208],[35.826,33.82],[35.8268,33.8163],[35.8304,33.8146],[35.8343,33.8201],[35.8387,33.82],[35.8435,33.8104],[35.8482,33.8078],[35.8457,33.8044],[35.8456,33.8014],[35.8489,33.7994],[35.8571,33.7996],[35.8585,33.7962],[35.8624,33.7916],[35.8621,33.7936],[35.8667,33.7988],[35.8665,33.8016],[35.862,33.8066],[35.8576,33.8068],[35.8536,33.8093],[35.852,33.8128],[35.8529,33.8203],[35.8508,33.8241],[35.8583,33.8225]]]},"properties":{"adm3_name":"Jdita","adm2_name":"Zahle","adm1_name":"Bekaa"}},
{"type":"Feature","geometry":{"type":"Polygon","coordinates":[[[35.8896,33.802],[35.8801,33.7943],[35.8757,33.7969],[35.8687,33.8026],[35.8665,33.8016],[35.8667,33.7988],[35.8621,33.7936],[35.8624,33.7916],[35.8641,33.7877],[35.8715,33.778],[35.8741,33.7805],[35.8814,33.7749],[35.8847,33.7759],[35.8907,33.7788],[35.8939,33.7849],[35.8938,33.7896],[35.8907,33.8015],[35.8896,33.802]]]},"properties":{"adm3_name":"Taanayel","adm2_name":"Zahle","adm1_name":"Bekaa"}},
{"type":"Feature","geometry":{"type":"Polygon","coordinates":[[[35.887,33.826],[35.8814,33.8242],[35.8789,33.831],[35.8758,33.8324],[35.8744,33.8279],[35.8702,33.8281],[35.8748,33.8235],[35.8764,33.8178],[35.8802,33.8134],[35.8824,33.8084],[35.8874,33.8031],[35.8896,33.802],[35.8907,33.8015],[35.8944,33.8038],[35.9021,33.8017],[35.908,33.8015],[35.9102,33.8073],[35.9069,33.8102],[35.9072,33.8155],[35.9045,33.8175],[35.901,33.8152],[35.8968,33.8145],[35.8932,33.8174],[35.8872,33.8247],[35.887,33.826]]]},"properties":{"adm3_name":"Saadnayel","adm2_name":"Zahle","adm1_name":"Bekaa"}},
{"type":"Feature","geometry":{"type":"Polygon","coordinates":[[[35.8209,33.7987],[35.8185,33.7941],[35.8139,33.7898],[35.8148,33.7861],[35.8118,33.7807],[35.8135,33.7782],[35.8096,33.7732],[35.8123,33.7701],[35.8136,33.7698],[35.817,33.7729],[35.82,33.7787],[35.8265,33.7747],[35.8277,33.7712],[35.8268,33.7661],[35.8277,33.764],[35.8311,33.7617],[35.8416,33.7515],[35.8422,33.7507],[35.8445,33.7535],[35.8498,33.7552],[35.8513,33.7581],[35.8521,33.7627],[35.848,33.7671],[35.8516,33.7716],[35.8537,33.7759],[35.8535,33.7785],[35.8507,33.7822],[35.8507,33.7848],[35.845,33.7894],[35.837,33.7989],[35.8363,33.8018],[35.8277,33.8052],[35.8255,33.805],[35.8209,33.7987]]]},"properties":{"adm3_name":"Qabb Elias","adm2_name":"Zahle","adm1_name":"Bekaa"}},
{"type":"Feature","geometry":{"type":"Polygon","coordinates":[[[35.8641,33.7823],[35.8564,33.7891],[35.8526,33.7942],[35.8501,33.7905],[35.8507,33.7848],[35.8507,33.7822],[35.8535,33.7785],[35.8537,33.7759],[35.8516,33.7716],[35.848,33.7671],[35.8521,33.7627],[35.8513,33.7581],[35.8528,33.7614],[35.861,33.7642],[35.8728,33.7716],[35.8678,33.7771],[35.8645,33.7794],[35.8641,33.7823]]]},"properties":{"adm3_name":"Haouch Mandara","adm2_name":"Zahle","adm1_name":"Bekaa"}},
{"type":"Feature","geometry":{"type":"Polygon","coordinates":[[[35.7992,33.8248],[35.7963,33.823],[35.7919,33.823],[35.7901,33.8119],[35.7905,33.8088],[35.7891,33.8055],[35.7955,33.8042],[35.8009,33.8002],[35.8045,33.8004],[35.813,33.7973],[35.8209,33.7987],[35.8255,33.805],[35.8214,33.8082],[35.8223,33.8113],[35.8151,33.8122],[35.8148,33.8098],[35.8119,33.8073],[35.8034,33.8124],[35.7973,33.8208],[35.7992,33.8248]]]},"properties":{"adm3_name":"Mrayjat Zahleh","adm2_name":"Zahle","adm1_name":"Bekaa"}},
{"type":"Feature","geometry":{"type":"Polygon","coordinates":[[[35.8026,33.826],[35.7992,33.8248],[35.7973,33.8208],[35.8034,33.8124],[35.8119,33.8073],[35.8148,33.8098],[35.8151,33.8122],[35.8223,33.8113],[35.826,33.8133],[35.8268,33.8163],[35.826,33.82],[35.8252,33.8226],[35.8212,33.8232],[35.8168,33.8216],[35.8115,33.8245],[35.8026,33.826]]]},"properties":{"adm3_name":"Bouarej","adm2_name":"Zahle","adm1_name":"Bekaa"}},
{"type":"Feature","geometry":{"type":"Polygon","coordinates":[[[35.8641,33.7877],[35.8641,33.7823],[35.8645,33.7794],[35.8678,33.7771],[35.8728,33.7716],[35.8814,33.7749],[35.8741,33.7805],[35.8715,33.778],[35.8641,33.7877]]]},"properties":{"adm3_name":"Chebrqiyet Tabet","adm2_name":"Zahle","adm1_name":"Bekaa"}},
{"type":"Feature","geometry":{"type":"Polygon","coordinates":[[[35.8277,33.764],[35.8268,33.7661],[35.8277,33.7712],[35.8265,33.7747],[35.82,33.7787],[35.817,33.7729],[35.8136,33.7698],[35.8208,33.768],[35.8178,33.7576],[35.8201,33.7561],[35.8209,33.7585],[35.825,33.7655],[35.8277,33.764]]]},"properties":{"adm3_name":"Haouch Es-Siyadeh","adm2_name":"Zahle","adm1_name":"Bekaa"}},
{"type":"Feature","geometry":{"type":"Polygon","coordinates":[[[35.7673,33.81],[35.7664,33.8092],[35.7681,33.8038],[35.7752,33.7974],[35.775,33.7946],[35.7818,33.7916],[35.7857,33.7931],[35.801,33.7893],[35.8106,33.7921],[35.8118,33.7897],[35.8185,33.7941],[35.8209,33.7987],[35.813,33.7973],[35.8045,33.8004],[35.8009,33.8002],[35.7955,33.8042],[35.7891,33.8055],[35.7905,33.8088],[35.7837,33.81],[35.7809,33.8126],[35.7759,33.811],[35.7673,33.81]]]},"properties":{"adm3_name":"Ouadi Ed-Delm","adm2_name":"Zahle","adm1_name":"Bekaa"}},
{"type":"Feature","geometry":{"type":"Polygon","coordinates":[[[35.8277,33.764],[35.825,33.7655],[35.8209,33.7585],[35.8203,33.7537],[35.8223,33.7512],[35.8264,33.7539],[35.8299,33.7526],[35.8315,33.7463],[35.8416,33.7515],[35.8311,33.7617],[35.8277,33.764]]]},"properties":{"adm3_name":"Tcheflik Qiqano","adm2_name":"Zahle","adm1_name":"Bekaa"}},
{"type":"Feature","geometry":{"type":"Polygon","coordinates":[[[35.8136,33.7698],[35.8123,33.7701],[35.8093,33.7615],[35.8078,33.7595],[35.8188,33.753],[35.8201,33.7561],[35.8178,33.7576],[35.8208,33.768],[35.8136,33.7698]]]},"properties":{"adm3_name":"Haouch Qayssar","adm2_name":"Zahle","adm1_name":"Bekaa"}},
{"type":"Feature","geometry":{"type":"Polygon","coordinates":[[[35.9642,33.7817],[35.9547,33.7892],[35.9563,33.7905],[35.9464,33.8005],[35.942,33.7972],[35.9356,33.8027],[35.9323,33.8064],[35.9203,33.7978],[35.9172,33.7966],[35.913,33.7917],[35.9031,33.7827],[35.9004,33.7784],[35.8934,33.7776],[35.8954,33.7758],[35.8931,33.7734],[35.8959,33.7709],[35.892,33.7675],[35.892,33.7623],[35.8939,33.7606],[35.8978,33.7598],[35.9005,33.7576],[35.9035,33.758],[35.906,33.7591],[35.91,33.7551],[35.9165,33.7538],[35.9184,33.7544],[35.9257,33.76],[35.9412,33.7537],[35.9507,33.7601],[35.9521,33.7625],[35.9563,33.7652],[35.9589,33.7692],[35.96,33.7743],[35.9568,33.7773],[35.9642,33.7817]]]},"properties":{"adm3_name":"Barr Elias","adm2_name":"Zahle","adm1_name":"Bekaa"}},
{"type":"Feature","geometry":{"type":"Polygon","coordinates":[[[35.8025,33.7723],[35.803,33.7707],[35.8004,33.767],[35.8036,33.7641],[35.8072,33.7638],[35.8093,33.7615],[35.8123,33.7701],[35.8096,33.7732],[35.8025,33.7723]]]},"properties":{"adm3_name":"Mzaraat Zahleh","adm2_name":"Zahle","adm1_name":"Bekaa"}},
{"type":"Feature","geometry":{"type":"Polygon","coordinates":[[[35.8093,33.7615],[35.8072,33.7638],[35.8036,33.7641],[35.8004,33.767],[35.7988,33.7613],[35.7938,33.7523],[35.7913,33.7504],[35.7961,33.7483],[35.8064,33.7458],[35.8086,33.753],[35.8161,33.7474],[35.8188,33.753],[35.8078,33.7595],[35.8093,33.7615]]]},"properties":{"adm3_name":"Tcheflik Eddé Haouch","adm2_name":"Zahle","adm1_name":"Bekaa"}},
{"type":"Feature","geometry":{"type":"Polygon","coordinates":[[[35.8209,33.7585],[35.8201,33.7561],[35.8188,33.753],[35.8161,33.7474],[35.815,33.7384],[35.8179,33.728],[35.8201,33.7244],[35.821,33.7198],[35.8232,33.7169],[35.825,33.7118],[35.8256,33.7057],[35.8267,33.7058],[35.829,33.7219],[35.8303,33.729],[35.8361,33.7377],[35.8398,33.7407],[35.8468,33.7422],[35.8431,33.7464],[35.8422,33.7507],[35.8416,33.7515],[35.8315,33.7463],[35.8299,33.7526],[35.8264,33.7539],[35.8223,33.7512],[35.8203,33.7537],[35.8209,33.7585]]]},"properties":{"adm3_name":"Tell El-Akhdar","adm2_name":"Zahle","adm1_name":"Bekaa"}},
{"type":"Feature","geometry":{"type":"Polygon","coordinates":[[[35.9412,33.7537],[35.9257,33.76],[35.9184,33.7544],[35.9165,33.7538],[35.91,33.7551],[35.906,33.7591],[35.9035,33.758],[35.9001,33.7556],[35.9039,33.7513],[35.9003,33.7507],[35.9085,33.7425],[35.9041,33.7388],[35.8975,33.7359],[35.9016,33.7353],[35.9064,33.7333],[35.9117,33.7333],[35.9175,33.7358],[35.9184,33.7333],[35.9265,33.7291],[35.9217,33.7225],[35.9291,33.7192],[35.9305,33.7219],[35.9337,33.7236],[35.9355,33.7205],[35.9416,33.7229],[35.9452,33.7227],[35.9504,33.7238],[35.9568,33.7295],[35.9621,33.7327],[35.9656,33.7334],[35.9665,33.7357],[35.9642,33.7386],[35.9571,33.7444],[35.9536,33.75],[35.9488,33.7506],[35.9465,33.7522],[35.9412,33.7537]]]},"properties":{"adm3_name":"Aanjar (Haouch Moussa)","adm2_name":"Zahle","adm1_name":"Bekaa"}},
{"type":"Feature","geometry":{"type":"Polygon","coordinates":[[[35.892,33.7283],[35.8856,33.7283],[35.8824,33.7268],[35.8807,33.7234],[35.8778,33.7227],[35.8759,33.7196],[35.8728,33.7136],[35.8731,33.7106],[35.881,33.7059],[35.8909,33.6971],[35.8916,33.6958],[35.8967,33.7012],[35.9019,33.7007],[35.9028,33.7043],[35.9063,33.7049],[35.9181,33.7017],[35.9217,33.7019],[35.9256,33.6979],[35.9356,33.6916],[35.9385,33.6885],[35.9441,33.688],[35.9477,33.6837],[35.956,33.6861],[35.9612,33.6892],[35.9684,33.6936],[35.9716,33.6941],[35.968,33.6977],[35.9648,33.6993],[35.9613,33.7034],[35.9491,33.7131],[35.9473,33.7173],[35.9411,33.7207],[35.9355,33.7205],[35.9337,33.7236],[35.9305,33.7219],[35.9291,33.7192],[35.9217,33.7225],[35.9265,33.7291],[35.9184,33.7333],[35.9175,33.7358],[35.9117,33.7333],[35.9064,33.7333],[35.9016,33.7353],[35.8975,33.7359],[35.892,33.7283]]]},"properties":{"adm3_name":"Majdel Aanjar","adm2_name":"Zahle","adm1_name":"Bekaa"}},
{"type":"Feature","geometry":{"type":"Polygon","coordinates":[[[35.861,33.7642],[35.8528,33.7614],[35.8513,33.7581],[35.8498,33.7552],[35.8445,33.7535],[35.8422,33.7507],[35.8431,33.7464],[35.8468,33.7422],[35.852,33.7457],[35.8563,33.7497],[35.8562,33.7561],[35.8576,33.7596],[35.861,33.7642]]]},"properties":{"adm3_name":"Nasriyet Zahleh","adm2_name":"Zahle","adm1_name":"Bekaa"}},
{"type":"Feature","geometry":{"type":"Polygon","coordinates":[[[36.0072,33.8596],[36.0066,33.8554],[36.0106,33.8523],[36.0091,33.8457],[36.0108,33.8407],[36.0137,33.8405],[36.0178,33.8422],[36.0235,33.8415],[36.0235,33.8447],[36.0288,33.8477],[36.0277,33.8508],[36.0285,33.8522],[36.0244,33.8534],[36.0215,33.8557],[36.0219,33.8594],[36.0182,33.863],[36.0122,33.8641],[36.01,33.8609],[36.0072,33.8596]]]},"properties":{"adm3_name":"Riyaq","adm2_name":"Zahle","adm1_name":"Bekaa"}},
{"type":"Feature","geometry":{"type":"Polygon","coordinates":[[[36.0013,33.8609],[35.9971,33.8576],[35.9914,33.8528],[35.9874,33.8548],[35.9817,33.8514],[35.9734,33.8463],[35.9786,33.8449],[35.9746,33.8428],[35.9782,33.839],[35.9793,33.8359],[35.981,33.8336],[35.9907,33.8404],[35.9967,33.8348],[35.9997,33.8387],[36.0091,33.8457],[36.0106,33.8523],[36.0066,33.8554],[36.0072,33.8596],[36.0013,33.8609]]]},"properties":{"adm3_name":"Haouch Hala","adm2_name":"Zahle","adm1_name":"Bekaa"}},
{"type":"Feature","geometry":{"type":"Polygon","coordinates":[[[36.0467,33.8676],[36.0428,33.8651],[36.0382,33.8674],[36.0345,33.8658],[36.0282,33.8693],[36.0243,33.8693],[36.0164,33.8717],[36.0086,33.8646],[36.007,33.8658],[36.0013,33.8609],[36.0072,33.8596],[36.01,33.8609],[36.0122,33.8641],[36.0182,33.863],[36.0219,33.8594],[36.0215,33.8557],[36.0244,33.8534],[36.0285,33.8522],[36.0369,33.8574],[36.041,33.856],[36.049,33.8586],[36.0467,33.859],[36.0445,33.8641],[36.048,33.8667],[36.0467,33.8676]]]},"properties":{"adm3_name":"Aali En-Nahri","adm2_name":"Zahle","adm1_name":"Bekaa"}},
{"type":"Feature","geometry":{"type":"Polygon","coordinates":[[[36.0218,33.8783],[36.0157,33.8739],[36.0164,33.8717],[36.0243,33.8693],[36.0282,33.8693],[36.0345,33.8658],[36.0382,33.8674],[36.0428,33.8651],[36.0467,33.8676],[36.0446,33.87],[36.0362,33.8734],[36.0392,33.8772],[36.0336,33.8829],[36.0305,33.883],[36.0297,33.8772],[36.0249,33.8803],[36.0218,33.8783]]]},"properties":{"adm3_name":"Haouch El-Ghanam","adm2_name":"Zahle","adm1_name":"Bekaa"}},
{"type":"Feature","geometry":{"type":"Polygon","coordinates":[[[35.9971,33.8576],[35.9916,33.8574],[35.9872,33.8623],[35.9838,33.8612],[35.982,33.8582],[35.978,33.8549],[35.9817,33.8514],[35.9874,33.8548],[35.9914,33.8528],[35.9971,33.8576]]]},"properties":{"adm3_name":"Haouch El-Aamara","adm2_name":"Zahle","adm1_name":"Bekaa"}},
{"type":"Feature","geometry":{"type":"Polygon","coordinates":[[[36.0235,33.8415],[36.0178,33.8422],[36.0137,33.8405],[36.0108,33.8407],[36.0091,33.8457],[35.9997,33.8387],[35.9967,33.8348],[36.0012,33.8304],[35.9957,33.8258],[36.001,33.8215],[36.0137,33.8123],[36.0135,33.815],[36.0179,33.8183],[36.0252,33.8169],[36.0297,33.8199],[36.0306,33.825],[36.0275,33.8303],[36.0278,33.8322],[36.0275,33.8341],[36.0233,33.8361],[36.0235,33.8415]]]},"properties":{"adm3_name":"Hoshmosh","adm2_name":"Zahle","adm1_name":"Bekaa"}},
{"type":"Feature","geometry":{"type":"Polygon","coordinates":[[[36.0606,33.8407],[36.0564,33.8368],[36.049,33.8336],[36.0464,33.8315],[36.0458,33.8284],[36.0387,33.8272],[36.0337,33.8307],[36.0278,33.8322],[36.0275,33.8303],[36.0306,33.825],[36.0297,33.8199],[36.0352,33.811],[36.0419,33.8074],[36.045,33.8078],[36.0473,33.8118],[36.0524,33.8142],[36.0611,33.8219],[36.0642,33.8271],[36.0641,33.8303],[36.0684,33.8319],[36.0671,33.8388],[36.0606,33.8407]]]},"properties":{"adm3_name":"Deir El-Ghazal","adm2_name":"Zahle","adm1_name":"Bekaa"}},
{"type":"Feature","geometry":{"type":"Polygon","coordinates":[[[36.0746,33.8293],[36.0756,33.8325],[36.0714,33.8345],[36.0671,33.8388],[36.0684,33.8319],[36.0641,33.8303],[36.0642,33.8271],[36.0611,33.8219],[36.0524,33.8142],[36.0473,33.8118],[36.045,33.8078],[36.0419,33.8074],[36.0352,33.811],[36.0297,33.8199],[36.0252,33.8169],[36.0179,33.8183],[36.0135,33.815],[36.0137,33.8123],[36.0147,33.8104],[36.0096,33.8059],[36.0174,33.7968],[36.0197,33.7953],[36.0247,33.7887],[36.0186,33.7753],[36.0135,33.7699],[36.0177,33.7697],[36.024,33.7668],[36.026,33.7648],[36.0307,33.7642],[36.0341,33.7681],[36.0363,33.7726],[36.0446,33.7795],[36.0491,33.7857],[36.0498,33.7889],[36.0543,33.7971],[36.0571,33.8045],[36.0635,33.8126],[36.066,33.8143],[36.0703,33.821],[36.0713,33.8235],[36.0789,33.8284],[36.0746,33.8293]]]},"properties":{"adm3_name":"Qoussaya","adm2_name":"Zahle","adm1_name":"Bekaa"}},
{"type":"Feature","geometry":{"type":"Polygon","coordinates":[[[36.048,33.8667],[36.0445,33.8641],[36.0467,33.859],[36.049,33.8586],[36.0542,33.8576],[36.0575,33.8585],[36.0664,33.8569],[36.0714,33.8549],[36.0773,33.8464],[36.0827,33.8415],[36.0832,33.8454],[36.0884,33.851],[36.0882,33.8543],[36.0909,33.8574],[36.1003,33.8602],[36.0956,33.8633],[36.0967,33.8655],[36.0925,33.8684],[36.083,33.8642],[36.0773,33.8705],[36.0734,33.8732],[36.0702,33.8704],[36.0655,33.8681],[36.06,33.8696],[36.058,33.8668],[36.0546,33.8659],[36.048,33.8667]]]},"properties":{"adm3_name":"Nasriyet Rizk","adm2_name":"Zahle","adm1_name":"Bekaa"}},
{"type":"Feature","geometry":{"type":"Polygon","coordinates":[[[36.0277,33.8508],[36.0288,33.8477],[36.0235,33.8447],[36.0235,33.8415],[36.0233,33.8361],[36.0275,33.8341],[36.0278,33.8322],[36.0337,33.8307],[36.0387,33.8272],[36.0458,33.8284],[36.0464,33.8315],[36.049,33.8336],[36.0564,33.8368],[36.0606,33.8407],[36.057,33.8417],[36.0522,33.8451],[36.0437,33.8473],[36.0363,33.8482],[36.0277,33.8508]]]},"properties":{"adm3_name":"Raait","adm2_name":"Zahle","adm1_name":"Bekaa"}},
{"type":"Feature","geometry":{"type":"Polygon","coordinates":[[[35.9967,33.8348],[35.9907,33.8404],[35.981,33.8336],[35.9793,33.8359],[35.9679,33.8277],[35.9722,33.8237],[35.9702,33.8223],[35.9716,33.8187],[35.9676,33.8156],[35.9697,33.811],[35.9723,33.8087],[35.9623,33.7998],[35.9687,33.7864],[35.9704,33.7849],[35.9795,33.7831],[35.9834,33.7855],[35.9872,33.7899],[35.9936,33.7952],[36.0061,33.8045],[36.0096,33.8059],[36.0147,33.8104],[36.0137,33.8123],[36.001,33.8215],[35.9957,33.8258],[36.0012,33.8304],[35.9967,33.8348]]]},"properties":{"adm3_name":"Terbol Zahleh","adm2_name":"Zahle","adm1_name":"Bekaa"}},
{"type":"Feature","geometry":{"type":"Polygon","coordinates":[[[36.0827,33.8415],[36.0773,33.8464],[36.0714,33.8549],[36.0664,33.8569],[36.0575,33.8585],[36.0542,33.8576],[36.049,33.8586],[36.041,33.856],[36.0369,33.8574],[36.0285,33.8522],[36.0277,33.8508],[36.0363,33.8482],[36.0437,33.8473],[36.0522,33.8451],[36.057,33.8417],[36.0606,33.8407],[36.0671,33.8388],[36.0714,33.8345],[36.0756,33.8325],[36.0746,33.8293],[36.0788,33.8322],[36.0799,33.8367],[36.0827,33.8415]]]},"properties":{"adm3_name":"Massa","adm2_name":"Zahle","adm1_name":"Bekaa"}},
{"type":"Feature","geometry":{"type":"Polygon","coordinates":[[[36.0096,33.8059],[36.0061,33.8045],[35.9936,33.7952],[36.0063,33.7827],[36.0186,33.7753],[36.0247,33.7887],[36.0197,33.7953],[36.0174,33.7968],[36.0096,33.8059]]]},"properties":{"adm3_name":"Aain Kfar Zabad","adm2_name":"Zahle","adm1_name":"Bekaa"}},
{"type":"Feature","geometry":{"type":"Polygon","coordinates":[[[35.9679,33.8277],[35.9608,33.8325],[35.9547,33.8299],[35.9508,33.824],[35.946,33.8263],[35.9451,33.8213],[35.9476,33.8186],[35.9537,33.8081],[35.9573,33.809],[35.9611,33.7996],[35.9623,33.7998],[35.9723,33.8087],[35.9697,33.811],[35.9676,33.8156],[35.9716,33.8187],[35.9702,33.8223],[35.9722,33.8237],[35.9679,33.8277]]]},"properties":{"adm3_name":"Dalhamiyet Zahleh","adm2_name":"Zahle","adm1_name":"Bekaa"}},
{"type":"Feature","geometry":{"type":"Polygon","coordinates":[[[36.0186,33.7753],[36.0063,33.7827],[35.9936,33.7952],[35.9872,33.7899],[35.9834,33.7855],[35.9795,33.7831],[35.9704,33.7849],[35.9676,33.782],[35.9642,33.7817],[35.9568,33.7773],[35.96,33.7743],[35.9589,33.7692],[35.9563,33.7652],[35.9521,33.7625],[35.9507,33.7601],[35.9412,33.7537],[35.9465,33.7522],[35.9488,33.7506],[35.9536,33.75],[35.9571,33.7444],[35.9642,33.7386],[35.9665,33.7357],[35.9678,33.7343],[35.9782,33.738],[35.9816,33.7401],[35.9881,33.7417],[35.9956,33.7455],[35.9985,33.7482],[35.9985,33.7503],[36.0101,33.7614],[36.0096,33.767],[36.0135,33.7699],[36.0186,33.7753]]]},"properties":{"adm3_name":"Kfarzabad","adm2_name":"Zahle","adm1_name":"Bekaa"}},
{"type":"Feature","geometry":{"type":"Polygon","coordinates":[[[35.7808,33.7407],[35.7792,33.7449],[35.7703,33.736],[35.7641,33.7335],[35.7616,33.7306],[35.7599,33.7263],[35.7608,33.7228],[35.7524,33.7177],[35.7444,33.7239],[35.7364,33.7253],[35.7358,33.7225],[35.7379,33.7178],[35.7421,33.7118],[35.7469,33.7078],[35.7495,33.7097],[35.755,33.7078],[35.7596,33.7089],[35.7595,33.7125],[35.7639,33.7151],[35.7694,33.7217],[35.7745,33.7295],[35.778,33.7329],[35.7808,33.7407]]]},"properties":{"adm3_name":"Litige","adm2_name":"West Bekaa","adm1_name":"Bekaa"}},
{"type":"Feature","geometry":{"type":"Polygon","coordinates":[[[35.744,33.6789],[35.7386,33.6851],[35.7324,33.689],[35.7246,33.6921],[35.7189,33.6872],[35.7155,33.6832],[35.713,33.6844],[35.7068,33.6793],[35.6992,33.6765],[35.6992,33.672],[35.7034,33.6668],[35.7058,33.6598],[35.707,33.6597],[35.7102,33.6629],[35.7118,33.6688],[35.7115,33.6751],[35.7158,33.6782],[35.7193,33.6822],[35.7259,33.6856],[35.7369,33.6797],[35.739,33.6768],[35.7418,33.6763],[35.744,33.6789]]]},"properties":{"adm3_name":"Litige","adm2_name":"West Bekaa","adm1_name":"Bekaa"}},
{"type":"Feature","geometry":{"type":"Polygon","coordinates":[[[35.6857,33.6389],[35.6821,33.6399],[35.6761,33.6338],[35.6742,33.6319],[35.6763,33.6313],[35.6815,33.6376],[35.6857,33.6389]]]},"properties":{"adm3_name":"Litige","adm2_name":"West Bekaa","adm1_name":"Bekaa"}},
{"type":"Feature","geometry":{"type":"Polygon","coordinates":[[[35.6922,33.5446],[35.6901,33.5448],[35.6815,33.5412],[35.6756,33.5457],[35.6723,33.5469],[35.6714,33.5501],[35.6649,33.5522],[35.6631,33.551],[35.6509,33.5525],[35.6483,33.5568],[35.6462,33.5508],[35.6429,33.5449],[35.6431,33.5426],[35.6365,33.5339],[35.6343,33.5318],[35.6347,33.526],[35.6308,33.5223],[35.6339,33.5179],[35.6319,33.5149],[35.629,33.5147],[35.6289,33.5116],[35.6329,33.508],[35.6363,33.5077],[35.6385,33.5094],[35.6449,33.5112],[35.6479,33.5063],[35.6507,33.5055],[35.6513,33.5003],[35.6447,33.4883],[35.6451,33.4868],[35.6516,33.4887],[35.6543,33.4903],[35.6558,33.4903],[35.6602,33.4952],[35.6677,33.5012],[35.6727,33.5027],[35.6744,33.5056],[35.6796,33.5096],[35.679,33.5145],[35.6832,33.516],[35.6833,33.5228],[35.6896,33.5263],[35.6892,33.5298],[35.6865,33.5297],[35.6882,33.5366],[35.6928,33.5386],[35.6924,33.5435],[35.6922,33.5446]]]},"properties":{"adm3_name":"Machghara","adm2_name":"West Bekaa","adm1_name":"Bekaa"}},
{"type":"Feature","geometry":{"type":"Polygon","coordinates":[[[35.6329,33.508],[35.6299,33.5063],[35.6314,33.5009],[35.6272,33.4969],[35.6264,33.4944],[35.6233,33.4925],[35.6249,33.491],[35.6235,33.4803],[35.6197,33.4755],[35.6211,33.4742],[35.6309,33.4752],[35.6333,33.4788],[35.6378,33.4788],[35.6419,33.4843],[35.6449,33.4865],[35.6531,33.4855],[35.6524,33.4884],[35.6543,33.4903],[35.6516,33.4887],[35.6451,33.4868],[35.6447,33.4883],[35.6513,33.5003],[35.6507,33.5055],[35.6479,33.5063],[35.6449,33.5112],[35.6385,33.5094],[35.6363,33.5077],[35.6329,33.508]]]},"properties":{"adm3_name":"Aain Et-Tineh BG","adm2_name":"West Bekaa","adm1_name":"Bekaa"}},
{"type":"Feature","geometry":{"type":"Polygon","coordinates":[[[35.6539,33.5832],[35.655,33.581],[35.6528,33.571],[35.6495,33.5641],[35.6489,33.5613],[35.6506,33.5577],[35.6483,33.5568],[35.6509,33.5525],[35.6631,33.551],[35.6649,33.5522],[35.6714,33.5501],[35.6723,33.5469],[35.6756,33.5457],[35.6815,33.5412],[35.6901,33.5448],[35.6922,33.5446],[35.6897,33.5483],[35.6945,33.5524],[35.6876,33.5575],[35.6876,33.5615],[35.6894,33.5655],[35.6969,33.5695],[35.6922,33.5739],[35.6924,33.5783],[35.6876,33.5782],[35.6789,33.5799],[35.6718,33.5829],[35.6539,33.5832]]]},"properties":{"adm3_name":"Aaytanit","adm2_name":"West Bekaa","adm1_name":"Bekaa"}},
{"type":"Feature","geometry":{"type":"Polygon","coordinates":[[[35.6618,33.6007],[35.6585,33.5908],[35.6575,33.59],[35.6546,33.5889],[35.6539,33.5832],[35.6718,33.5829],[35.6789,33.5799],[35.6876,33.5782],[35.6924,33.5783],[35.6989,33.5802],[35.6966,33.5866],[35.6954,33.59],[35.6881,33.5923],[35.6838,33.596],[35.6755,33.5979],[35.6686,33.598],[35.6618,33.6007]]]},"properties":{"adm3_name":"Bab Mareaa","adm2_name":"West Bekaa","adm1_name":"Bekaa"}},
{"type":"Feature","geometry":{"type":"Polygon","coordinates":[[[35.6838,33.596],[35.6881,33.5923],[35.6954,33.59],[35.6966,33.5866],[35.7006,33.5835],[35.7023,33.5871],[35.7067,33.5875],[35.7121,33.5898],[35.7161,33.589],[35.7234,33.589],[35.7218,33.5908],[35.7154,33.593],[35.706,33.595],[35.7054,33.5988],[35.7022,33.6001],[35.6969,33.5978],[35.6929,33.6009],[35.6892,33.6001],[35.6864,33.602],[35.6838,33.596]]]},"properties":{"adm3_name":"Deir Aain Ej-Jaouzeh","adm2_name":"West Bekaa","adm1_name":"Bekaa"}},
{"type":"Feature","geometry":{"type":"Polygon","coordinates":[[[35.6742,33.6319],[35.6732,33.6263],[35.6717,33.6223],[35.6634,33.6047],[35.6618,33.6007],[35.6686,33.598],[35.6755,33.5979],[35.6838,33.596],[35.6864,33.602],[35.6892,33.6001],[35.6929,33.6009],[35.6969,33.5978],[35.7022,33.6001],[35.7054,33.5988],[35.706,33.595],[35.7154,33.593],[35.7218,33.5908],[35.7226,33.5932],[35.72,33.5954],[35.7205,33.5978],[35.7241,33.6026],[35.7316,33.6085],[35.7325,33.6119],[35.7263,33.6153],[35.7234,33.6136],[35.718,33.6131],[35.7171,33.6165],[35.7142,33.6162],[35.7054,33.6174],[35.7008,33.6195],[35.6944,33.6202],[35.6917,33.6229],[35.6839,33.6258],[35.6781,33.6288],[35.6763,33.6313],[35.6742,33.6319]]]},"properties":{"adm3_name":"Saghbine","adm2_name":"West Bekaa","adm1_name":"Bekaa"}},
{"type":"Feature","geometry":{"type":"Polygon","coordinates":[[[35.6558,33.4903],[35.6543,33.4903],[35.6524,33.4884],[35.6531,33.4855],[35.6513,33.4832],[35.6497,33.478],[35.6479,33.4756],[35.6483,33.472],[35.6458,33.4677],[35.6472,33.4635],[35.6441,33.4595],[35.6445,33.4574],[35.6422,33.4522],[35.6373,33.446],[35.6293,33.4314],[35.6317,33.4279],[35.6369,33.4285],[35.6465,33.4353],[35.6494,33.4394],[35.6522,33.4404],[35.6552,33.4458],[35.6556,33.4493],[35.6601,33.4545],[35.6618,33.4605],[35.6644,33.4625],[35.6649,33.4654],[35.6637,33.4698],[35.667,33.4759],[35.663,33.4782],[35.6633,33.4818],[35.6595,33.4845],[35.6587,33.4877],[35.6558,33.4903]]]},"properties":{"adm3_name":"Loussa","adm2_name":"West Bekaa","adm1_name":"Bekaa"}},
{"type":"Feature","geometry":{"type":"Polygon","coordinates":[[[35.6763,33.6313],[35.6781,33.6288],[35.6839,33.6258],[35.6917,33.6229],[35.6944,33.6202],[35.7008,33.6195],[35.7054,33.6174],[35.7142,33.6162],[35.7171,33.6165],[35.7189,33.6204],[35.718,33.6255],[35.7203,33.6287],[35.7147,33.6305],[35.701,33.632],[35.6938,33.6333],[35.6861,33.6374],[35.6857,33.6389],[35.6815,33.6376],[35.6763,33.6313]]]},"properties":{"adm3_name":"Aain Zebdeh","adm2_name":"West Bekaa","adm1_name":"Bekaa"}},
{"type":"Feature","geometry":{"type":"Polygon","coordinates":[[[35.7668,33.6515],[35.7601,33.6455],[35.7594,33.6421],[35.7564,33.6385],[35.7524,33.6383],[35.7511,33.6355],[35.7458,33.6304],[35.7424,33.6363],[35.7384,33.6379],[35.7363,33.6425],[35.732,33.6466],[35.7275,33.6523],[35.7227,33.6541],[35.7149,33.6552],[35.7137,33.6544],[35.7076,33.6532],[35.7034,33.6563],[35.7041,33.6581],[35.7015,33.6615],[35.7014,33.6643],[35.6966,33.6685],[35.6958,33.6632],[35.6918,33.6591],[35.6915,33.655],[35.6868,33.6462],[35.6834,33.644],[35.6821,33.6399],[35.6857,33.6389],[35.6861,33.6374],[35.6938,33.6333],[35.701,33.632],[35.7147,33.6305],[35.7203,33.6287],[35.718,33.6255],[35.7189,33.6204],[35.7171,33.6165],[35.718,33.6131],[35.7234,33.6136],[35.7263,33.6153],[35.7325,33.6119],[35.7348,33.6119],[35.7399,33.6159],[35.7423,33.6195],[35.7501,33.6228],[35.7542,33.6253],[35.7577,33.6305],[35.7648,33.6302],[35.7651,33.6327],[35.7698,33.6333],[35.7721,33.6359],[35.7782,33.6371],[35.7769,33.639],[35.7778,33.6425],[35.7746,33.6443],[35.7692,33.6501],[35.7668,33.6515]]]},"properties":{"adm3_name":"Khirbet Qanafar","adm2_name":"West Bekaa","adm1_name":"Bekaa"}},
{"type":"Feature","geometry":{"type":"Polygon","coordinates":[[[35.744,33.6789],[35.7418,33.6763],[35.739,33.6768],[35.7369,33.6797],[35.7259,33.6856],[35.7193,33.6822],[35.7158,33.6782],[35.7115,33.6751],[35.7118,33.6688],[35.7102,33.6629],[35.707,33.6597],[35.709,33.657],[35.7137,33.6544],[35.7149,33.6552],[35.7227,33.6541],[35.7275,33.6523],[35.732,33.6466],[35.7363,33.6425],[35.7384,33.6379],[35.7424,33.6363],[35.7458,33.6304],[35.7511,33.6355],[35.7524,33.6383],[35.7564,33.6385],[35.7594,33.6421],[35.7601,33.6455],[35.7668,33.6515],[35.763,33.6538],[35.7603,33.6578],[35.7589,33.6639],[35.7569,33.6659],[35.7581,33.6699],[35.7544,33.673],[35.7517,33.6733],[35.7471,33.6758],[35.744,33.6789]]]},"properties":{"adm3_name":"Kafraiya BG","adm2_name":"West Bekaa","adm1_name":"Bekaa"}},
{"type":"Feature","geometry":{"type":"Polygon","coordinates":[[[35.7932,33.6944],[35.7916,33.6933],[35.7879,33.6955],[35.7849,33.6956],[35.7776,33.6989],[35.7746,33.6925],[35.765,33.691],[35.7564,33.696],[35.7538,33.6965],[35.7497,33.6982],[35.746,33.7055],[35.7427,33.7007],[35.7359,33.6958],[35.7324,33.689],[35.7386,33.6851],[35.744,33.6789],[35.7471,33.6758],[35.7517,33.6733],[35.7544,33.673],[35.7581,33.6699],[35.7628,33.671],[35.7692,33.6757],[35.7734,33.6755],[35.7835,33.6668],[35.7977,33.6558],[35.803,33.66],[35.7984,33.6619],[35.7907,33.671],[35.7939,33.674],[35.7909,33.6767],[35.7934,33.68],[35.7976,33.69],[35.8013,33.6891],[35.8036,33.6931],[35.7984,33.6953],[35.7932,33.6944]]]},"properties":{"adm3_name":"Aana","adm2_name":"West Bekaa","adm1_name":"Bekaa"}},
{"type":"Feature","geometry":{"type":"Polygon","coordinates":[[[35.7596,33.7089],[35.7577,33.703],[35.7538,33.6965],[35.7564,33.696],[35.765,33.691],[35.7746,33.6925],[35.7776,33.6989],[35.7849,33.6956],[35.7879,33.6955],[35.7916,33.6933],[35.7932,33.6944],[35.7944,33.6963],[35.7686,33.7078],[35.765,33.7098],[35.7596,33.7089]]]},"properties":{"adm3_name":"Deir Tahniche","adm2_name":"West Bekaa","adm1_name":"Bekaa"}},
{"type":"Feature","geometry":{"type":"Polygon","coordinates":[[[35.7984,33.6953],[35.8036,33.6931],[35.8013,33.6891],[35.7976,33.69],[35.7934,33.68],[35.7909,33.6767],[35.7939,33.674],[35.7907,33.671],[35.7984,33.6619],[35.803,33.66],[35.8103,33.6623],[35.8124,33.6675],[35.8189,33.6692],[35.8191,33.675],[35.8179,33.6812],[35.8198,33.6821],[35.8172,33.6858],[35.8181,33.6926],[35.8204,33.6946],[35.8199,33.6991],[35.8161,33.7004],[35.8105,33.6953],[35.8058,33.6949],[35.7991,33.6965],[35.7984,33.6953]]]},"properties":{"adm3_name":"Mansoura BG","adm2_name":"West Bekaa","adm1_name":"Bekaa"}},
{"type":"Feature","geometry":{"type":"Polygon","coordinates":[[[35.8161,33.7474],[35.8086,33.753],[35.8064,33.7458],[35.7961,33.7483],[35.7913,33.7504],[35.7858,33.7469],[35.7808,33.7407],[35.778,33.7329],[35.7745,33.7295],[35.7694,33.7217],[35.7639,33.7151],[35.7595,33.7125],[35.7596,33.7089],[35.765,33.7098],[35.7686,33.7078],[35.7944,33.6963],[35.8092,33.719],[35.8046,33.7211],[35.815,33.7384],[35.8161,33.7474]]]},"properties":{"adm3_name":"Aammiq BG","adm2_name":"West Bekaa","adm1_name":"Bekaa"}},
{"type":"Feature","geometry":{"type":"Polygon","coordinates":[[[35.8256,33.7057],[35.825,33.7118],[35.8232,33.7169],[35.821,33.7198],[35.8201,33.7244],[35.8179,33.728],[35.815,33.7384],[35.8046,33.7211],[35.8092,33.719],[35.7944,33.6963],[35.7932,33.6944],[35.7984,33.6953],[35.7991,33.6965],[35.8058,33.6949],[35.8105,33.6953],[35.8161,33.7004],[35.8199,33.6991],[35.8217,33.701],[35.8255,33.7015],[35.8256,33.7057]]]},"properties":{"adm3_name":"Chebrqiyet Aammiq","adm2_name":"West Bekaa","adm1_name":"Bekaa"}},
{"type":"Feature","geometry":{"type":"Polygon","coordinates":[[[35.8283,33.649],[35.8234,33.6519],[35.8207,33.6574],[35.8124,33.6675],[35.8103,33.6623],[35.803,33.66],[35.7977,33.6558],[35.7917,33.6485],[35.7891,33.6494],[35.7867,33.6454],[35.7811,33.6445],[35.7778,33.6425],[35.7769,33.639],[35.7782,33.6371],[35.7721,33.6359],[35.7698,33.6333],[35.7651,33.6327],[35.7648,33.6302],[35.7674,33.6272],[35.769,33.6199],[35.7731,33.6184],[35.7744,33.6143],[35.7826,33.6113],[35.7897,33.6057],[35.7933,33.6086],[35.7991,33.6091],[35.8007,33.6108],[35.7972,33.6184],[35.8039,33.6242],[35.8044,33.6293],[35.7963,33.6318],[35.8064,33.6375],[35.8105,33.6391],[35.8125,33.6439],[35.8283,33.649]]]},"properties":{"adm3_name":"Joubb Jannine","adm2_name":"West Bekaa","adm1_name":"Bekaa"}},
{"type":"Feature","geometry":{"type":"Polygon","coordinates":[[[35.7648,33.6302],[35.7577,33.6305],[35.7542,33.6253],[35.7501,33.6228],[35.7423,33.6195],[35.7399,33.6159],[35.7348,33.6119],[35.7325,33.6119],[35.7316,33.6085],[35.7351,33.6054],[35.7483,33.5972],[35.7543,33.5961],[35.7556,33.5928],[35.7635,33.5914],[35.7692,33.5913],[35.7745,33.5937],[35.7767,33.5931],[35.782,33.5935],[35.7851,33.5954],[35.7878,33.5982],[35.7897,33.6057],[35.7826,33.6113],[35.7744,33.6143],[35.7731,33.6184],[35.769,33.6199],[35.7674,33.6272],[35.7648,33.6302]]]},"properties":{"adm3_name":"Lala","adm2_name":"West Bekaa","adm1_name":"Bekaa"}},
{"type":"Feature","geometry":{"type":"Polygon","coordinates":[[[35.8283,33.649],[35.8125,33.6439],[35.8105,33.6391],[35.8064,33.6375],[35.7963,33.6318],[35.8044,33.6293],[35.8039,33.6242],[35.7972,33.6184],[35.8007,33.6108],[35.8023,33.6094],[35.813,33.6071],[35.8123,33.6023],[35.8165,33.6002],[35.8189,33.6017],[35.8229,33.598],[35.8246,33.5995],[35.8248,33.6054],[35.8281,33.6095],[35.8314,33.6111],[35.836,33.6116],[35.8395,33.6179],[35.8432,33.6184],[35.846,33.6205],[35.8471,33.6252],[35.8502,33.6283],[35.8488,33.6333],[35.8452,33.6334],[35.8336,33.6395],[35.8314,33.6428],[35.8305,33.65],[35.8283,33.649]]]},"properties":{"adm3_name":"Kamed El-Laouz","adm2_name":"West Bekaa","adm1_name":"Bekaa"}},
{"type":"Feature","geometry":{"type":"Polygon","coordinates":[[[35.7977,33.6558],[35.7835,33.6668],[35.7734,33.6755],[35.7692,33.6757],[35.7628,33.671],[35.7581,33.6699],[35.7569,33.6659],[35.7589,33.6639],[35.7603,33.6578],[35.763,33.6538],[35.7668,33.6515],[35.7692,33.6501],[35.7746,33.6443],[35.7778,33.6425],[35.7811,33.6445],[35.7867,33.6454],[35.7891,33.6494],[35.7917,33.6485],[35.7977,33.6558]]]},"properties":{"adm3_name":"Tall Znoub","adm2_name":"West Bekaa","adm1_name":"Bekaa"}},
{"type":"Feature","geometry":{"type":"Polygon","coordinates":[[[35.7767,33.5931],[35.7745,33.5937],[35.7692,33.5913],[35.7635,33.5914],[35.7556,33.5928],[35.7543,33.5961],[35.7483,33.5972],[35.7351,33.6054],[35.7316,33.6085],[35.7241,33.6026],[35.7205,33.5978],[35.72,33.5954],[35.7226,33.5932],[35.7218,33.5908],[35.7234,33.589],[35.7243,33.5842],[35.7319,33.5791],[35.7352,33.578],[35.7424,33.5793],[35.7469,33.576],[35.7542,33.5741],[35.756,33.5751],[35.7655,33.5726],[35.7698,33.5693],[35.7749,33.5758],[35.7777,33.5773],[35.7801,33.5839],[35.7823,33.586],[35.7767,33.5931]]]},"properties":{"adm3_name":"Baaloul BG","adm2_name":"West Bekaa","adm1_name":"Bekaa"}},
{"type":"Feature","geometry":{"type":"Polygon","coordinates":[[[35.8291,33.6985],[35.8255,33.7015],[35.8217,33.701],[35.8199,33.6991],[35.8204,33.6946],[35.8181,33.6926],[35.8172,33.6858],[35.8198,33.6821],[35.8179,33.6812],[35.8191,33.675],[35.8189,33.6692],[35.8124,33.6675],[35.8207,33.6574],[35.8234,33.6519],[35.8283,33.649],[35.8305,33.65],[35.8337,33.651],[35.831,33.6569],[35.8316,33.6603],[35.8391,33.6698],[35.8386,33.6717],[35.8428,33.6777],[35.8451,33.6806],[35.8375,33.6864],[35.8293,33.6855],[35.8202,33.6883],[35.8232,33.6936],[35.828,33.6956],[35.8291,33.6985]]]},"properties":{"adm3_name":"Ghazzeh","adm2_name":"West Bekaa","adm1_name":"Bekaa"}},
{"type":"Feature","geometry":{"type":"Polygon","coordinates":[[[35.8428,33.6777],[35.8386,33.6717],[35.8391,33.6698],[35.8316,33.6603],[35.831,33.6569],[35.8337,33.651],[35.8305,33.65],[35.8314,33.6428],[35.8336,33.6395],[35.8452,33.6334],[35.8488,33.6333],[35.8535,33.6387],[35.8641,33.6422],[35.8671,33.6502],[35.8699,33.6547],[35.87,33.6575],[35.8635,33.6607],[35.8678,33.6646],[35.8563,33.6698],[35.8428,33.6777]]]},"properties":{"adm3_name":"Soultan Yaacoub Faouqa","adm2_name":"West Bekaa","adm1_name":"Bekaa"}},
{"type":"Feature","geometry":{"type":"Polygon","coordinates":[[[35.8605,33.7027],[35.8492,33.7033],[35.8403,33.7065],[35.836,33.7043],[35.8291,33.6985],[35.828,33.6956],[35.8232,33.6936],[35.8202,33.6883],[35.8293,33.6855],[35.8375,33.6864],[35.8451,33.6806],[35.8428,33.6777],[35.8563,33.6698],[35.8678,33.6646],[35.8728,33.664],[35.8708,33.6665],[35.8577,33.6736],[35.8608,33.6811],[35.8577,33.6827],[35.8627,33.6923],[35.8617,33.6995],[35.8605,33.7027]]]},"properties":{"adm3_name":"Khiara","adm2_name":"West Bekaa","adm1_name":"Bekaa"}},
{"type":"Feature","geometry":{"type":"Polygon","coordinates":[[[35.7234,33.589],[35.7161,33.589],[35.7121,33.5898],[35.7067,33.5875],[35.7023,33.5871],[35.7006,33.5835],[35.6966,33.5866],[35.6989,33.5802],[35.6924,33.5783],[35.6922,33.5739],[35.6969,33.5695],[35.6894,33.5655],[35.6876,33.5615],[35.6876,33.5575],[35.6945,33.5524],[35.6897,33.5483],[35.6922,33.5446],[35.6924,33.5435],[35.6965,33.541],[35.7064,33.5413],[35.7082,33.5422],[35.717,33.5412],[35.7256,33.5455],[35.7294,33.5486],[35.7345,33.5494],[35.7389,33.5544],[35.7406,33.5524],[35.7451,33.5523],[35.753,33.5587],[35.7575,33.5576],[35.7629,33.5593],[35.7666,33.5575],[35.7706,33.558],[35.7714,33.5601],[35.7715,33.5656],[35.7698,33.5693],[35.7655,33.5726],[35.756,33.5751],[35.7542,33.5741],[35.7469,33.576],[35.7424,33.5793],[35.7352,33.578],[35.7319,33.5791],[35.7243,33.5842],[35.7234,33.589]]]},"properties":{"adm3_name":"Qaraaoun","adm2_name":"West Bekaa","adm1_name":"Bekaa"}},
{"type":"Feature","geometry":{"type":"Polygon","coordinates":[[[35.8798,33.6755],[35.8681,33.6777],[35.8608,33.6811],[35.8577,33.6736],[35.8708,33.6665],[35.8728,33.664],[35.8788,33.6747],[35.8798,33.6755]]]},"properties":{"adm3_name":"Soltan Yacoub el Aradi","adm2_name":"West Bekaa","adm1_name":"Bekaa"}},
{"type":"Feature","geometry":{"type":"Polygon","coordinates":[[[35.8788,33.6747],[35.8728,33.664],[35.8678,33.6646],[35.8635,33.6607],[35.87,33.6575],[35.8699,33.6547],[35.8671,33.6502],[35.8641,33.6422],[35.8664,33.6423],[35.8721,33.6369],[35.8826,33.6383],[35.8898,33.6421],[35.8957,33.6441],[35.9008,33.6443],[35.9091,33.652],[35.9142,33.6553],[35.9206,33.6578],[35.9238,33.6634],[35.9232,33.6739],[35.9203,33.6749],[35.9174,33.6746],[35.914,33.6705],[35.9085,33.6663],[35.9023,33.6674],[35.8994,33.6691],[35.8909,33.6698],[35.8788,33.6747]]]},"properties":{"adm3_name":"Manara (Hammara) BG","adm2_name":"West Bekaa","adm1_name":"Bekaa"}},
{"type":"Feature","geometry":{"type":"Polygon","coordinates":[[[35.829,33.7219],[35.8267,33.7058],[35.8256,33.7057],[35.8255,33.7015],[35.8291,33.6985],[35.836,33.7043],[35.8403,33.7065],[35.8453,33.7125],[35.8412,33.7147],[35.8374,33.7153],[35.8318,33.7205],[35.829,33.7219]]]},"properties":{"adm3_name":"Khiara El-Aatiqa","adm2_name":"West Bekaa","adm1_name":"Bekaa"}},
{"type":"Feature","geometry":{"type":"Polygon","coordinates":[[[35.8605,33.7027],[35.8617,33.6995],[35.8627,33.6923],[35.8577,33.6827],[35.8608,33.6811],[35.8681,33.6777],[35.8798,33.6755],[35.8824,33.6794],[35.8873,33.6839],[35.8916,33.6958],[35.8909,33.6971],[35.881,33.7059],[35.8731,33.7106],[35.8614,33.7028],[35.8605,33.7027]]]},"properties":{"adm3_name":"Dakoueh","adm2_name":"West Bekaa","adm1_name":"Bekaa"}},
{"type":"Feature","geometry":{"type":"Polygon","coordinates":[[[35.8605,33.7027],[35.8614,33.7028],[35.8731,33.7106],[35.8728,33.7136],[35.8759,33.7196],[35.8679,33.7245],[35.8595,33.7304],[35.855,33.7242],[35.8522,33.7224],[35.8453,33.7125],[35.8403,33.7065],[35.8492,33.7033],[35.8605,33.7027]]]},"properties":{"adm3_name":"Haouch El-Harime","adm2_name":"West Bekaa","adm1_name":"Bekaa"}},
{"type":"Feature","geometry":{"type":"Polygon","coordinates":[[[35.8607,33.7377],[35.8511,33.7313],[35.8491,33.7306],[35.8303,33.729],[35.829,33.7219],[35.8318,33.7205],[35.8374,33.7153],[35.8412,33.7147],[35.8453,33.7125],[35.8522,33.7224],[35.855,33.7242],[35.8595,33.7304],[35.8664,33.7392],[35.8662,33.7407],[35.8607,33.7377]]]},"properties":{"adm3_name":"Jazira BG","adm2_name":"West Bekaa","adm1_name":"Bekaa"}},
{"type":"Feature","geometry":{"type":"Polygon","coordinates":[[[35.852,33.7457],[35.8468,33.7422],[35.8398,33.7407],[35.8361,33.7377],[35.8303,33.729],[35.8491,33.7306],[35.8511,33.7313],[35.8607,33.7377],[35.852,33.7457]]]},"properties":{"adm3_name":"Ouaqf BG","adm2_name":"West Bekaa","adm1_name":"Bekaa"}},
{"type":"Feature","geometry":{"type":"Polygon","coordinates":[[[35.9441,33.688],[35.9385,33.6885],[35.9356,33.6916],[35.9256,33.6979],[35.9217,33.7019],[35.9181,33.7017],[35.9063,33.7049],[35.9028,33.7043],[35.9019,33.7007],[35.8967,33.7012],[35.8916,33.6958],[35.8873,33.6839],[35.8824,33.6794],[35.8798,33.6755],[35.8788,33.6747],[35.8909,33.6698],[35.8994,33.6691],[35.9023,33.6674],[35.9085,33.6663],[35.914,33.6705],[35.9174,33.6746],[35.9203,33.6749],[35.9263,33.6779],[35.9352,33.6839],[35.9397,33.6844],[35.9429,33.685],[35.9441,33.688]]]},"properties":{"adm3_name":"Souairi","adm2_name":"West Bekaa","adm1_name":"Bekaa"}},
{"type":"Feature","geometry":{"type":"Polygon","coordinates":[[[35.708,33.527],[35.6998,33.5291],[35.6892,33.5298],[35.6896,33.5263],[35.6833,33.5228],[35.6832,33.516],[35.679,33.5145],[35.6796,33.5096],[35.6744,33.5056],[35.6727,33.5027],[35.6677,33.5012],[35.6711,33.4961],[35.6773,33.4949],[35.6819,33.4924],[35.6941,33.4874],[35.6962,33.488],[35.7001,33.4934],[35.7034,33.4952],[35.7076,33.499],[35.7077,33.5033],[35.7106,33.5115],[35.7083,33.5138],[35.7075,33.519],[35.7093,33.5225],[35.708,33.527]]]},"properties":{"adm3_name":"Sohmor","adm2_name":"West Bekaa","adm1_name":"Bekaa"}},
{"type":"Feature","geometry":{"type":"Polygon","coordinates":[[[35.892,33.7283],[35.8883,33.7339],[35.879,33.746],[35.8774,33.7473],[35.8754,33.7433],[35.8674,33.7425],[35.8662,33.7407],[35.8664,33.7392],[35.8595,33.7304],[35.8679,33.7245],[35.8759,33.7196],[35.8778,33.7227],[35.8807,33.7234],[35.8824,33.7268],[35.8856,33.7283],[35.892,33.7283]]]},"properties":{"adm3_name":"Harimeh Es-Soughra","adm2_name":"West Bekaa","adm1_name":"Bekaa"}},
{"type":"Feature","geometry":{"type":"Polygon","coordinates":[[[35.7034,33.4952],[35.7001,33.4934],[35.6962,33.488],[35.6907,33.4858],[35.6909,33.4833],[35.6891,33.4789],[35.6858,33.4774],[35.6862,33.4749],[35.6923,33.4736],[35.6934,33.4722],[35.6917,33.4674],[35.6975,33.4642],[35.6955,33.4596],[35.7019,33.4597],[35.7049,33.4637],[35.7106,33.4621],[35.7156,33.4661],[35.7228,33.4675],[35.728,33.4717],[35.7356,33.4763],[35.7403,33.478],[35.7436,33.4816],[35.7306,33.4899],[35.7284,33.4925],[35.7212,33.4979],[35.7111,33.4886],[35.7034,33.4952]]]},"properties":{"adm3_name":"Libbaya BG","adm2_name":"West Bekaa","adm1_name":"Bekaa"}},
{"type":"Feature","geometry":{"type":"Polygon","coordinates":[[[35.8934,33.7776],[35.8854,33.7743],[35.8847,33.7759],[35.8814,33.7749],[35.8728,33.7716],[35.861,33.7642],[35.8576,33.7596],[35.8562,33.7561],[35.8563,33.7497],[35.852,33.7457],[35.8607,33.7377],[35.8662,33.7407],[35.8674,33.7425],[35.8754,33.7433],[35.8774,33.7473],[35.877,33.7512],[35.8813,33.7552],[35.8826,33.7587],[35.889,33.7579],[35.8939,33.7606],[35.892,33.7623],[35.892,33.7675],[35.8959,33.7709],[35.8931,33.7734],[35.8954,33.7758],[35.8934,33.7776]]]},"properties":{"adm3_name":"Marj BG","adm2_name":"West Bekaa","adm1_name":"Bekaa"}},
{"type":"Feature","geometry":{"type":"Polygon","coordinates":[[[35.6677,33.5012],[35.6602,33.4952],[35.6558,33.4903],[35.6587,33.4877],[35.6595,33.4845],[35.6633,33.4818],[35.663,33.4782],[35.667,33.4759],[35.6637,33.4698],[35.6649,33.4654],[35.67,33.464],[35.6745,33.4647],[35.6831,33.4622],[35.6845,33.4598],[35.6858,33.465],[35.6917,33.4674],[35.6934,33.4722],[35.6923,33.4736],[35.6862,33.4749],[35.6858,33.4774],[35.6891,33.4789],[35.6909,33.4833],[35.6907,33.4858],[35.6962,33.488],[35.6941,33.4874],[35.6819,33.4924],[35.6773,33.4949],[35.6711,33.4961],[35.6677,33.5012]]]},"properties":{"adm3_name":"Yohmor BG","adm2_name":"West Bekaa","adm1_name":"Bekaa"}},
{"type":"Feature","geometry":{"type":"Polygon","coordinates":[[[35.6845,33.4598],[35.6831,33.4622],[35.6745,33.4647],[35.67,33.464],[35.6649,33.4654],[35.6644,33.4625],[35.6618,33.4605],[35.6601,33.4545],[35.6647,33.4532],[35.6724,33.4526],[35.6772,33.4511],[35.6801,33.4488],[35.6844,33.4508],[35.6827,33.4562],[35.6845,33.4598]]]},"properties":{"adm3_name":"Zilaya","adm2_name":"West Bekaa","adm1_name":"Bekaa"}},
{"type":"Feature","geometry":{"type":"Polygon","coordinates":[[[35.6531,33.4855],[35.6449,33.4865],[35.6419,33.4843],[35.6378,33.4788],[35.6333,33.4788],[35.6309,33.4752],[35.6211,33.4742],[35.6212,33.4709],[35.6175,33.4628],[35.6146,33.4608],[35.614,33.4542],[35.6169,33.4506],[35.6144,33.4474],[35.6149,33.4433],[35.613,33.4428],[35.609,33.4326],[35.6093,33.4314],[35.6136,33.4312],[35.6159,33.4328],[35.6198,33.4389],[35.619,33.4398],[35.6242,33.4483],[35.6299,33.4488],[35.6333,33.4463],[35.6373,33.446],[35.6422,33.4522],[35.6445,33.4574],[35.6441,33.4595],[35.6472,33.4635],[35.6458,33.4677],[35.6483,33.472],[35.6479,33.4756],[35.6497,33.478],[35.6513,33.4832],[35.6531,33.4855]]]},"properties":{"adm3_name":"Maydoun","adm2_name":"West Bekaa","adm1_name":"Bekaa"}},
{"type":"Feature","geometry":{"type":"Polygon","coordinates":[[[35.6801,33.4488],[35.6772,33.4511],[35.6724,33.4526],[35.6647,33.4532],[35.6601,33.4545],[35.6556,33.4493],[35.6552,33.4458],[35.6522,33.4404],[35.6494,33.4394],[35.6465,33.4353],[35.6496,33.4358],[35.6533,33.4294],[35.656,33.4264],[35.6582,33.421],[35.6579,33.4232],[35.6616,33.4238],[35.6695,33.4329],[35.669,33.4376],[35.6731,33.4399],[35.6801,33.4488]]]},"properties":{"adm3_name":"Qelaya","adm2_name":"West Bekaa","adm1_name":"Bekaa"}},
{"type":"Feature","geometry":{"type":"Polygon","coordinates":[[[35.9035,33.758],[35.9005,33.7576],[35.8978,33.7598],[35.8939,33.7606],[35.889,33.7579],[35.8826,33.7587],[35.8813,33.7552],[35.877,33.7512],[35.8774,33.7473],[35.879,33.746],[35.8883,33.7339],[35.892,33.7283],[35.8975,33.7359],[35.9041,33.7388],[35.9085,33.7425],[35.9003,33.7507],[35.9039,33.7513],[35.9001,33.7556],[35.9035,33.758]]]},"properties":{"adm3_name":"Raouda (Istabel)","adm2_name":"West Bekaa","adm1_name":"Bekaa"}},
{"type":"Feature","geometry":{"type":"Polygon","coordinates":[[[36.5854,34.2796],[36.5935,34.2837],[36.5988,34.2888],[36.5978,34.2901],[36.5898,34.2919],[36.5877,34.2935],[36.5749,34.2964],[36.574,34.2974],[36.5695,34.2965],[36.5675,34.2858],[36.5696,34.2857],[36.583,34.282],[36.5854,34.2796]]]},"properties":{"adm3_name":"Litige","adm2_name":"Baalbek","adm1_name":"Baalbek-El Hermel"}},
{"type":"Feature","geometry":{"type":"Polygon","coordinates":[[[36.5854,34.2796],[36.583,34.282],[36.5696,34.2857],[36.5675,34.2858],[36.5674,34.2813],[36.5646,34.2796],[36.565,34.2755],[36.5585,34.2747],[36.5562,34.2696],[36.5543,34.2687],[36.553,34.2617],[36.5516,34.2605],[36.5593,34.2546],[36.5591,34.25],[36.5507,34.2413],[36.5455,34.2341],[36.5486,34.2323],[36.5556,34.2253],[36.5691,34.2224],[36.5783,34.2192],[36.5825,34.2191],[36.5872,34.2168],[36.5907,34.2171],[36.5967,34.2146],[36.6052,34.2136],[36.6103,34.2138],[36.6018,34.2204],[36.5979,34.2218],[36.5921,34.2222],[36.5872,34.2248],[36.5828,34.2312],[36.5841,34.2402],[36.5839,34.2456],[36.5848,34.2497],[36.5789,34.2652],[36.5779,34.2727],[36.576,34.2754],[36.5854,34.2796]]]},"properties":{"adm3_name":"Litige","adm2_name":"Baalbek","adm1_name":"Baalbek-El Hermel"}},
{"type":"Feature","geometry":{"type":"Polygon","coordinates":[[[36.2429,33.8483],[36.2494,33.8532],[36.2465,33.8549],[36.2442,33.8527],[36.2429,33.8483]]]},"properties":{"adm3_name":"Litige","adm2_name":"Baalbek","adm1_name":"Baalbek-El Hermel"}},
{"type":"Feature","geometry":{"type":"Polygon","coordinates":[[[36.1929,34.0495],[36.1894,34.043],[36.1921,34.0348],[36.1871,34.0318],[36.185,34.032],[36.1812,34.0282],[36.1728,34.0296],[36.1727,34.0283],[36.166,34.0292],[36.1596,34.0215],[36.154,34.024],[36.1516,34.0202],[36.1544,34.0184],[36.1537,34.011],[36.1598,34.0007],[36.1634,33.9985],[36.1675,34.0019],[36.1757,33.9983],[36.1888,33.9955],[36.1905,33.9924],[36.193,33.9917],[36.1977,33.995],[36.2016,33.9959],[36.2013,33.998],[36.2056,33.9984],[36.21,33.9966],[36.2142,33.9932],[36.2131,33.9902],[36.2201,33.9864],[36.2289,33.9874],[36.2345,33.9855],[36.2408,33.9924],[36.2486,33.9973],[36.2513,34],[36.2563,34.0026],[36.2599,34.0074],[36.2573,34.01],[36.2579,34.0149],[36.2555,34.0168],[36.2516,34.0234],[36.2451,34.0243],[36.2377,34.0269],[36.2305,34.0277],[36.226,34.0294],[36.2151,34.0311],[36.2118,34.0332],[36.2093,34.0317],[36.2046,34.0318],[36.2053,34.0371],[36.2028,34.0391],[36.202,34.0466],[36.2022,34.0477],[36.1929,34.0495]]]},"properties":{"adm3_name":"Baalbek","adm2_name":"Baalbek","adm1_name":"Baalbek-El Hermel"}},
{"type":"Feature","geometry":{"type":"Polygon","coordinates":[[[36.2345,33.9855],[36.2289,33.9874],[36.2201,33.9864],[36.2131,33.9902],[36.2142,33.9932],[36.21,33.9966],[36.2056,33.9984],[36.2013,33.998],[36.2016,33.9959],[36.1977,33.995],[36.193,33.9917],[36.1999,33.9877],[36.1982,33.9817],[36.1941,33.9772],[36.1839,33.9702],[36.1831,33.9655],[36.1882,33.9555],[36.1984,33.9509],[36.2087,33.951],[36.216,33.9551],[36.2269,33.9582],[36.2337,33.9592],[36.2378,33.9588],[36.2436,33.9617],[36.2494,33.967],[36.2464,33.9678],[36.2423,33.9714],[36.2417,33.974],[36.2441,33.9766],[36.243,33.9787],[36.2439,33.9835],[36.2345,33.9855]]]},"properties":{"adm3_name":"Aain Bourday","adm2_name":"Baalbek","adm1_name":"Baalbek-El Hermel"}},
{"type":"Feature","geometry":{"type":"Polygon","coordinates":[[[36.1502,34.0104],[36.1469,34.0095],[36.1398,34.0096],[36.1397,34.0122],[36.1311,34.0157],[36.1287,34.0111],[36.1397,34.0084],[36.1338,33.9944],[36.144,33.9884],[36.1511,33.9824],[36.1392,33.9796],[36.145,33.9736],[36.152,33.9699],[36.1584,33.9674],[36.1622,33.9638],[36.1696,33.9625],[36.1831,33.9655],[36.1839,33.9702],[36.1941,33.9772],[36.1982,33.9817],[36.1999,33.9877],[36.193,33.9917],[36.1905,33.9924],[36.1888,33.9955],[36.1757,33.9983],[36.1675,34.0019],[36.1634,33.9985],[36.1598,34.0007],[36.1537,34.011],[36.1502,34.0104]]]},"properties":{"adm3_name":"Douris","adm2_name":"Baalbek","adm1_name":"Baalbek-El Hermel"}},
{"type":"Feature","geometry":{"type":"Polygon","coordinates":[[[36.1376,34.077],[36.1361,34.0717],[36.1309,34.0638],[36.1296,34.057],[36.1215,34.0622],[36.1226,34.055],[36.1227,34.05],[36.1272,34.0391],[36.1446,34.0286],[36.1472,34.0267],[36.1507,34.0331],[36.1542,34.0336],[36.1614,34.0309],[36.1627,34.0315],[36.1727,34.0283],[36.1728,34.0296],[36.1812,34.0282],[36.185,34.032],[36.1871,34.0318],[36.1921,34.0348],[36.1894,34.043],[36.1929,34.0495],[36.1912,34.05],[36.1922,34.0618],[36.1818,34.0636],[36.1729,34.067],[36.1696,34.0775],[36.1626,34.0801],[36.1608,34.0803],[36.1439,34.0866],[36.1376,34.077]]]},"properties":{"adm3_name":"Iaat","adm2_name":"Baalbek","adm1_name":"Baalbek-El Hermel"}},
{"type":"Feature","geometry":{"type":"Polygon","coordinates":[[[36.1727,34.0283],[36.1627,34.0315],[36.1614,34.0309],[36.1542,34.0336],[36.1507,34.0331],[36.1472,34.0267],[36.1467,34.0246],[36.1498,34.0201],[36.1502,34.0104],[36.1537,34.011],[36.1544,34.0184],[36.1516,34.0202],[36.154,34.024],[36.1596,34.0215],[36.166,34.0292],[36.1727,34.0283]]]},"properties":{"adm3_name":"Aadous","adm2_name":"Baalbek","adm1_name":"Baalbek-El Hermel"}},
{"type":"Feature","geometry":{"type":"Polygon","coordinates":[[[36.3843,34.0122],[36.3709,34.0145],[36.3671,34.0136],[36.3613,34.0172],[36.3518,34.0187],[36.3343,34.0163],[36.3289,34.014],[36.3239,34.0163],[36.3175,34.0178],[36.3115,34.0177],[36.3076,34.016],[36.2932,34.0199],[36.2859,34.0195],[36.2802,34.0165],[36.2744,34.0178],[36.2684,34.015],[36.2627,34.0075],[36.2599,34.0074],[36.2563,34.0026],[36.2513,34],[36.2486,33.9973],[36.2408,33.9924],[36.2345,33.9855],[36.2439,33.9835],[36.243,33.9787],[36.2441,33.9766],[36.2417,33.974],[36.2423,33.9714],[36.2464,33.9678],[36.2494,33.967],[36.2518,33.9688],[36.2568,33.9748],[36.2603,33.9728],[36.2639,33.9757],[36.2677,33.9742],[36.2644,33.9715],[36.2703,33.969],[36.2776,33.9679],[36.2821,33.9662],[36.2912,33.9718],[36.2942,33.9724],[36.2992,33.9694],[36.3049,33.9675],[36.3127,33.9669],[36.3239,33.9647],[36.3312,33.9705],[36.3429,33.9781],[36.3464,33.9779],[36.3472,33.9797],[36.3518,33.9809],[36.3514,33.9852],[36.3566,33.9856],[36.3634,33.983],[36.3693,33.9992],[36.3708,34.0044],[36.3763,34.0057],[36.3839,34.01],[36.3843,34.0122]]]},"properties":{"adm3_name":"Aamchki","adm2_name":"Baalbek","adm1_name":"Baalbek-El Hermel"}},
{"type":"Feature","geometry":{"type":"Polygon","coordinates":[[[36.1472,34.0267],[36.1446,34.0286],[36.1272,34.0391],[36.1239,34.0234],[36.1212,34.0179],[36.1281,34.0156],[36.1311,34.0157],[36.1397,34.0122],[36.1398,34.0096],[36.1469,34.0095],[36.1502,34.0104],[36.1498,34.0201],[36.1467,34.0246],[36.1472,34.0267]]]},"properties":{"adm3_name":"Haouch Tall Safiyeh","adm2_name":"Baalbek","adm1_name":"Baalbek-El Hermel"}},
{"type":"Feature","geometry":{"type":"Polygon","coordinates":[[[36.098,33.9831],[36.108,33.9651],[36.1069,33.9637],[36.1162,33.96],[36.1243,33.9582],[36.1262,33.9568],[36.1377,33.9547],[36.1416,33.9526],[36.1553,33.9498],[36.16,33.9493],[36.1623,33.9455],[36.171,33.943],[36.1755,33.9471],[36.1777,33.9453],[36.1817,33.946],[36.1891,33.9431],[36.1929,33.9449],[36.1984,33.9509],[36.1882,33.9555],[36.1831,33.9655],[36.1696,33.9625],[36.1622,33.9638],[36.1584,33.9674],[36.152,33.9699],[36.145,33.9736],[36.1392,33.9796],[36.1332,33.9769],[36.1265,33.9748],[36.111,33.9797],[36.098,33.9831]]]},"properties":{"adm3_name":"Taibet Baalbek","adm2_name":"Baalbek","adm1_name":"Baalbek-El Hermel"}},
{"type":"Feature","geometry":{"type":"Polygon","coordinates":[[[36.4891,34.0491],[36.4874,34.0497],[36.4397,34.0613],[36.4138,34.0677],[36.4055,34.0704],[36.4027,34.0723],[36.3981,34.0725],[36.3933,34.074],[36.3871,34.0745],[36.3848,34.0768],[36.3793,34.0771],[36.3753,34.0797],[36.3725,34.087],[36.3729,34.0886],[36.369,34.0917],[36.3656,34.0923],[36.3626,34.0949],[36.3559,34.1027],[36.3473,34.1046],[36.3417,34.103],[36.3387,34.1043],[36.3247,34.0962],[36.3225,34.0929],[36.3144,34.0872],[36.3119,34.0836],[36.3065,34.081],[36.3052,34.0783],[36.3072,34.0759],[36.3033,34.0707],[36.3006,34.0651],[36.296,34.0656],[36.2918,34.0616],[36.2853,34.0589],[36.276,34.0574],[36.2696,34.0591],[36.2658,34.0613],[36.2644,34.064],[36.2542,34.0626],[36.2538,34.0667],[36.2488,34.0668],[36.2474,34.0693],[36.244,34.0688],[36.2431,34.0716],[36.2357,34.0701],[36.2309,34.0651],[36.2344,34.0623],[36.231,34.0612],[36.231,34.059],[36.2339,34.0549],[36.2376,34.0526],[36.2381,34.05],[36.2269,34.0566],[36.2259,34.0522],[36.2179,34.0529],[36.2154,34.0517],[36.2148,34.0478],[36.2101,34.0491],[36.2067,34.0485],[36.2059,34.046],[36.202,34.0466],[36.2028,34.0391],[36.2053,34.0371],[36.2046,34.0318],[36.2093,34.0317],[36.2118,34.0332],[36.2151,34.0311],[36.226,34.0294],[36.2305,34.0277],[36.2377,34.0269],[36.2451,34.0243],[36.2516,34.0234],[36.2555,34.0168],[36.2579,34.0149],[36.2573,34.01],[36.2599,34.0074],[36.2627,34.0075],[36.2684,34.015],[36.2744,34.0178],[36.2802,34.0165],[36.2859,34.0195],[36.2932,34.0199],[36.3076,34.016],[36.3115,34.0177],[36.3175,34.0178],[36.3239,34.0163],[36.3289,34.014],[36.3343,34.0163],[36.3518,34.0187],[36.3613,34.0172],[36.3671,34.0136],[36.3709,34.0145],[36.3843,34.0122],[36.3856,34.0186],[36.3914,34.0288],[36.4062,34.0275],[36.4021,34.0415],[36.4107,34.0453],[36.4169,34.0417],[36.4224,34.0485],[36.426,34.0545],[36.4274,34.0539],[36.4325,34.0527],[36.444,34.0538],[36.4551,34.0438],[36.466,34.0433],[36.4753,34.0411],[36.4815,34.041],[36.4887,34.0487],[36.4891,34.0491]]]},"properties":{"adm3_name":"Nahleh baalbek","adm2_name":"Baalbek","adm1_name":"Baalbek-El Hermel"}},
{"type":"Feature","geometry":{"type":"Polygon","coordinates":[[[36.1085,34.0019],[36.1077,34.0004],[36.1021,33.9992],[36.0988,33.9958],[36.0957,33.9836],[36.098,33.9831],[36.111,33.9797],[36.1265,33.9748],[36.1332,33.9769],[36.1392,33.9796],[36.1511,33.9824],[36.144,33.9884],[36.1338,33.9944],[36.1286,33.9973],[36.1238,34.0065],[36.1171,34.0089],[36.1114,34.0068],[36.1085,34.0019]]]},"properties":{"adm3_name":"Majdaloun","adm2_name":"Baalbek","adm1_name":"Baalbek-El Hermel"}},
{"type":"Feature","geometry":{"type":"Polygon","coordinates":[[[36.094,34.0252],[36.0988,34.0148],[36.0994,34.0111],[36.0979,34.005],[36.1085,34.0019],[36.1114,34.0068],[36.1171,34.0089],[36.1238,34.0065],[36.1286,33.9973],[36.1338,33.9944],[36.1397,34.0084],[36.1287,34.0111],[36.1311,34.0157],[36.1281,34.0156],[36.1212,34.0179],[36.1084,34.022],[36.094,34.0252]]]},"properties":{"adm3_name":"Haouche Barada","adm2_name":"Baalbek","adm1_name":"Baalbek-El Hermel"}},
{"type":"Feature","geometry":{"type":"Polygon","coordinates":[[[36.203,34.1051],[36.1979,34.1071],[36.1922,34.1079],[36.1797,34.0994],[36.173,34.0955],[36.1719,34.0926],[36.1689,34.0901],[36.1626,34.0801],[36.1696,34.0775],[36.1729,34.067],[36.1818,34.0636],[36.1922,34.0618],[36.1912,34.05],[36.1929,34.0495],[36.2022,34.0477],[36.202,34.0466],[36.2059,34.046],[36.2067,34.0485],[36.2101,34.0491],[36.2148,34.0478],[36.2154,34.0517],[36.2179,34.0529],[36.2259,34.0522],[36.2269,34.0566],[36.2381,34.05],[36.2376,34.0526],[36.2339,34.0549],[36.231,34.059],[36.231,34.0612],[36.2344,34.0623],[36.2309,34.0651],[36.2357,34.0701],[36.2352,34.0738],[36.2307,34.0796],[36.2292,34.0849],[36.2251,34.0836],[36.2234,34.0861],[36.2231,34.0897],[36.2209,34.0959],[36.2189,34.0981],[36.2194,34.1015],[36.2147,34.1027],[36.203,34.1051]]]},"properties":{"adm3_name":"Maqneh","adm2_name":"Baalbek","adm1_name":"Baalbek-El Hermel"}},
{"type":"Feature","geometry":{"type":"Polygon","coordinates":[[[36.1155,34.056],[36.1127,34.0505],[36.1103,34.0431],[36.1128,34.0354],[36.1084,34.022],[36.1212,34.0179],[36.1239,34.0234],[36.1272,34.0391],[36.1227,34.05],[36.1226,34.055],[36.1155,34.056]]]},"properties":{"adm3_name":"Haouch El-Dehab","adm2_name":"Baalbek","adm1_name":"Baalbek-El Hermel"}},
{"type":"Feature","geometry":{"type":"Polygon","coordinates":[[[36.3239,33.9647],[36.3127,33.9669],[36.3049,33.9675],[36.2992,33.9694],[36.2942,33.9724],[36.2912,33.9718],[36.2821,33.9662],[36.2776,33.9679],[36.2703,33.969],[36.2644,33.9715],[36.2677,33.9742],[36.2639,33.9757],[36.2603,33.9728],[36.2568,33.9748],[36.2518,33.9688],[36.2494,33.967],[36.2436,33.9617],[36.2378,33.9588],[36.2337,33.9592],[36.2363,33.9572],[36.2376,33.953],[36.2411,33.9568],[36.2445,33.9545],[36.2329,33.9407],[36.2388,33.939],[36.244,33.9388],[36.2489,33.9386],[36.2532,33.9373],[36.2589,33.9367],[36.2685,33.9391],[36.2827,33.9377],[36.2829,33.9359],[36.2866,33.9308],[36.2964,33.929],[36.3135,33.9554],[36.3239,33.9647]]]},"properties":{"adm3_name":"Aain Es-Siyaa Chadoura","adm2_name":"Baalbek","adm1_name":"Baalbek-El Hermel"}},
{"type":"Feature","geometry":{"type":"Polygon","coordinates":[[[36.094,34.0252],[36.0927,34.0308],[36.0749,34.0353],[36.0722,34.0323],[36.0522,34.0331],[36.0483,34.0317],[36.047,34.0298],[36.0499,34.0275],[36.06,34.0242],[36.0724,34.0193],[36.0939,34.0154],[36.0988,34.0148],[36.094,34.0252]]]},"properties":{"adm3_name":"Saaideh","adm2_name":"Baalbek","adm1_name":"Baalbek-El Hermel"}},
{"type":"Feature","geometry":{"type":"Polygon","coordinates":[[[36.0131,34.04],[36.0141,34.0344],[36.0136,34.0303],[36.0096,34.0257],[36.01,34.0194],[36.0118,34.0152],[36.0217,34.0078],[36.03,34.0055],[36.0357,34.0063],[36.0387,34.0053],[36.0447,34.0059],[36.0422,34.0096],[36.0438,34.0127],[36.037,34.0158],[36.0328,34.0224],[36.0287,34.0274],[36.026,34.0326],[36.0197,34.0387],[36.0131,34.04]]]},"properties":{"adm3_name":"Jebaa","adm2_name":"Baalbek","adm1_name":"Baalbek-El Hermel"}},
{"type":"Feature","geometry":{"type":"Polygon","coordinates":[[[36.0483,34.0317],[36.0418,34.0346],[36.0351,34.0357],[36.0314,34.0352],[36.0247,34.0377],[36.0197,34.0387],[36.026,34.0326],[36.0287,34.0274],[36.0328,34.0224],[36.037,34.0158],[36.0438,34.0127],[36.0422,34.0096],[36.0447,34.0059],[36.0713,34.0021],[36.0752,34.0034],[36.0833,34.0082],[36.0925,34.0128],[36.0994,34.0111],[36.0988,34.0148],[36.0939,34.0154],[36.0724,34.0193],[36.06,34.0242],[36.0499,34.0275],[36.047,34.0298],[36.0483,34.0317]]]},"properties":{"adm3_name":"Kfar Dane","adm2_name":"Baalbek","adm1_name":"Baalbek-El Hermel"}},
{"type":"Feature","geometry":{"type":"Polygon","coordinates":[[[36.0447,34.0059],[36.0387,34.0053],[36.0357,34.0063],[36.03,34.0055],[36.0217,34.0078],[36.0118,34.0152],[36.01,34.0194],[36.0096,34.0257],[36.0136,34.0303],[36.0141,34.0344],[36.0131,34.04],[36.0062,34.0436],[36.0007,34.0449],[35.9942,34.049],[35.989,34.0444],[35.985,34.0395],[35.9772,34.0283],[35.9766,34.0236],[35.9809,34.013],[35.9857,34.0098],[35.9911,34.0082],[35.998,34.0033],[36.0094,34.0012],[36.0143,33.9977],[36.0187,33.997],[36.0219,33.9937],[36.0278,33.9907],[36.0418,33.9886],[36.0503,33.988],[36.0698,33.983],[36.0732,33.9841],[36.0749,33.9887],[36.0834,33.9857],[36.0798,33.9794],[36.0798,33.9754],[36.0772,33.9721],[36.0765,33.968],[36.0792,33.9633],[36.0831,33.9628],[36.0868,33.9691],[36.085,33.9742],[36.0841,33.9806],[36.0957,33.9836],[36.0988,33.9958],[36.1021,33.9992],[36.1077,34.0004],[36.1085,34.0019],[36.0979,34.005],[36.0994,34.0111],[36.0925,34.0128],[36.0833,34.0082],[36.0752,34.0034],[36.0713,34.0021],[36.0447,34.0059]]]},"properties":{"adm3_name":"Hadath Baalbek","adm2_name":"Baalbek","adm1_name":"Baalbek-El Hermel"}},
{"type":"Feature","geometry":{"type":"Polygon","coordinates":[[[36.3733,34.3525],[36.37,34.3467],[36.3714,34.3414],[36.3672,34.3316],[36.3666,34.3276],[36.3682,34.3253],[36.3668,34.3089],[36.3672,34.3037],[36.363,34.2997],[36.3642,34.2957],[36.3608,34.2902],[36.3611,34.2875],[36.3543,34.278],[36.3525,34.2742],[36.3492,34.271],[36.3474,34.267],[36.3473,34.2627],[36.3499,34.2627],[36.3506,34.2684],[36.3554,34.2732],[36.3552,34.2759],[36.359,34.2806],[36.37,34.2809],[36.3809,34.2751],[36.385,34.2695],[36.3901,34.2679],[36.3975,34.2635],[36.4026,34.2587],[36.4178,34.2484],[36.4211,34.2499],[36.4266,34.2452],[36.4314,34.2428],[36.4394,34.2464],[36.4438,34.2443],[36.4479,34.2444],[36.4521,34.2462],[36.4627,34.2491],[36.4672,34.2468],[36.4717,34.243],[36.4753,34.2447],[36.4807,34.2382],[36.4783,34.2431],[36.4778,34.2482],[36.4765,34.2499],[36.477,34.2557],[36.4739,34.2572],[36.469,34.2561],[36.4586,34.2567],[36.4539,34.2576],[36.4477,34.2564],[36.4372,34.2565],[36.4323,34.2529],[36.4293,34.2577],[36.4255,34.2603],[36.4319,34.2637],[36.4379,34.2695],[36.4436,34.2737],[36.4444,34.2763],[36.4489,34.2827],[36.4545,34.2861],[36.462,34.2896],[36.4684,34.2961],[36.4593,34.3027],[36.4541,34.3078],[36.4467,34.3114],[36.438,34.3165],[36.4351,34.3201],[36.4311,34.3228],[36.4231,34.3281],[36.4161,34.3318],[36.4061,34.34],[36.4029,34.3446],[36.3955,34.3416],[36.3939,34.3427],[36.389,34.3417],[36.381,34.3443],[36.3747,34.3486],[36.3733,34.3525]]]},"properties":{"adm3_name":"Ras Baalbek Es-Sahel","adm2_name":"Baalbek","adm1_name":"Baalbek-El Hermel"}},
{"type":"Feature","geometry":{"type":"Polygon","coordinates":[[[36.3051,34.2891],[36.3083,34.2844],[36.3056,34.2824],[36.3071,34.2806],[36.3084,34.2731],[36.3054,34.2697],[36.301,34.2677],[36.297,34.261],[36.2973,34.259],[36.3045,34.2556],[36.3113,34.2534],[36.3213,34.2492],[36.3344,34.2431],[36.3343,34.241],[36.3365,34.2396],[36.3428,34.2384],[36.3445,34.2409],[36.348,34.2387],[36.3593,34.2369],[36.3636,34.2385],[36.3686,34.2389],[36.3773,34.2396],[36.3833,34.2356],[36.3865,34.2354],[36.3931,34.2373],[36.3937,34.2325],[36.4045,34.226],[36.4039,34.2231],[36.4051,34.2179],[36.4085,34.2135],[36.4148,34.2134],[36.4214,34.2156],[36.4216,34.2124],[36.4237,34.2115],[36.4328,34.2138],[36.4353,34.2189],[36.4408,34.2215],[36.4435,34.2205],[36.4508,34.2212],[36.4543,34.2201],[36.4582,34.2206],[36.4585,34.2228],[36.4623,34.2239],[36.4732,34.2202],[36.4759,34.2223],[36.482,34.2246],[36.488,34.2303],[36.4807,34.2382],[36.4753,34.2447],[36.4717,34.243],[36.4672,34.2468],[36.4627,34.2491],[36.4521,34.2462],[36.4479,34.2444],[36.4438,34.2443],[36.4394,34.2464],[36.4314,34.2428],[36.4266,34.2452],[36.4211,34.2499],[36.4178,34.2484],[36.4026,34.2587],[36.3975,34.2635],[36.3901,34.2679],[36.385,34.2695],[36.3809,34.2751],[36.37,34.2809],[36.359,34.2806],[36.3552,34.2759],[36.3554,34.2732],[36.3506,34.2684],[36.3499,34.2627],[36.3473,34.2627],[36.3474,34.267],[36.3399,34.2719],[36.3354,34.2776],[36.3258,34.2824],[36.3203,34.2844],[36.3234,34.2876],[36.3134,34.2873],[36.3051,34.2891]]]},"properties":{"adm3_name":"Fekehe","adm2_name":"Baalbek","adm1_name":"Baalbek-El Hermel"}},
{"type":"Feature","geometry":{"type":"Polygon","coordinates":[[[36.4085,34.2135],[36.4051,34.2179],[36.4039,34.2231],[36.4045,34.226],[36.3937,34.2325],[36.3931,34.2373],[36.3865,34.2354],[36.3833,34.2356],[36.3773,34.2396],[36.3686,34.2389],[36.3668,34.2336],[36.3672,34.2263],[36.3665,34.2195],[36.3683,34.2175],[36.3748,34.2151],[36.3882,34.211],[36.3922,34.2075],[36.4039,34.2123],[36.4057,34.2123],[36.4085,34.2135]]]},"properties":{"adm3_name":"Aain Baalbek","adm2_name":"Baalbek","adm1_name":"Baalbek-El Hermel"}},
{"type":"Feature","geometry":{"type":"Polygon","coordinates":[[[36.3593,34.2369],[36.348,34.2387],[36.3445,34.2409],[36.3428,34.2384],[36.3365,34.2396],[36.3343,34.241],[36.3295,34.2371],[36.327,34.2329],[36.3265,34.229],[36.3235,34.2255],[36.3241,34.2221],[36.3278,34.2257],[36.3299,34.225],[36.3333,34.2213],[36.3327,34.219],[36.3381,34.2162],[36.3414,34.216],[36.3414,34.2122],[36.3458,34.2102],[36.3471,34.2123],[36.346,34.2162],[36.3473,34.2191],[36.3519,34.2223],[36.3553,34.2231],[36.3585,34.227],[36.3593,34.2369]]]},"properties":{"adm3_name":"Bajjaje","adm2_name":"Baalbek","adm1_name":"Baalbek-El Hermel"}},
{"type":"Feature","geometry":{"type":"Polygon","coordinates":[[[36.3686,34.2389],[36.3636,34.2385],[36.3593,34.2369],[36.3585,34.227],[36.3553,34.2231],[36.3519,34.2223],[36.3473,34.2191],[36.346,34.2162],[36.3471,34.2123],[36.3458,34.2102],[36.3537,34.206],[36.3555,34.2066],[36.3618,34.202],[36.3605,34.2001],[36.3694,34.1964],[36.378,34.1914],[36.3891,34.1968],[36.391,34.2015],[36.3945,34.205],[36.4013,34.2065],[36.4054,34.2087],[36.4057,34.2123],[36.4039,34.2123],[36.3922,34.2075],[36.3882,34.211],[36.3748,34.2151],[36.3683,34.2175],[36.3665,34.2195],[36.3672,34.2263],[36.3668,34.2336],[36.3686,34.2389]]]},"properties":{"adm3_name":"Nabi Osmane","adm2_name":"Baalbek","adm1_name":"Baalbek-El Hermel"}},
{"type":"Feature","geometry":{"type":"Polygon","coordinates":[[[36.4684,34.2961],[36.462,34.2896],[36.4545,34.2861],[36.4489,34.2827],[36.4444,34.2763],[36.4436,34.2737],[36.4379,34.2695],[36.4319,34.2637],[36.4255,34.2603],[36.4293,34.2577],[36.4323,34.2529],[36.4372,34.2565],[36.4477,34.2564],[36.4539,34.2576],[36.4586,34.2567],[36.469,34.2561],[36.4739,34.2572],[36.477,34.2557],[36.4765,34.2499],[36.4778,34.2482],[36.4783,34.2431],[36.4807,34.2382],[36.488,34.2303],[36.4929,34.2279],[36.4952,34.2246],[36.4989,34.222],[36.5039,34.2206],[36.507,34.2235],[36.5061,34.2272],[36.513,34.2289],[36.516,34.2269],[36.5179,34.2291],[36.5315,34.2331],[36.532,34.2356],[36.5394,34.2335],[36.5424,34.2349],[36.5455,34.2341],[36.5507,34.2413],[36.5591,34.25],[36.5593,34.2546],[36.5516,34.2605],[36.553,34.2617],[36.5543,34.2687],[36.5562,34.2696],[36.5585,34.2747],[36.565,34.2755],[36.5646,34.2796],[36.5674,34.2813],[36.5675,34.2858],[36.5635,34.2866],[36.5574,34.2855],[36.554,34.2881],[36.5509,34.2861],[36.5443,34.2851],[36.5433,34.283],[36.5385,34.2804],[36.5297,34.2773],[36.5265,34.2786],[36.5173,34.2772],[36.5139,34.2785],[36.5128,34.2856],[36.5064,34.2886],[36.5047,34.2925],[36.4989,34.2941],[36.4925,34.289],[36.4878,34.2922],[36.4851,34.2958],[36.4808,34.2967],[36.4768,34.2948],[36.4684,34.2961]]]},"properties":{"adm3_name":"Ras Baalbek Ech-Charqi","adm2_name":"Baalbek","adm1_name":"Baalbek-El Hermel"}},
{"type":"Feature","geometry":{"type":"Polygon","coordinates":[[[36.5455,34.2341],[36.5424,34.2349],[36.5394,34.2335],[36.532,34.2356],[36.5315,34.2331],[36.5179,34.2291],[36.516,34.2269],[36.513,34.2289],[36.5061,34.2272],[36.507,34.2235],[36.5039,34.2206],[36.4989,34.222],[36.4952,34.2246],[36.4929,34.2279],[36.488,34.2303],[36.482,34.2246],[36.4759,34.2223],[36.4732,34.2202],[36.4623,34.2239],[36.4585,34.2228],[36.4582,34.2206],[36.4543,34.2201],[36.4508,34.2212],[36.4435,34.2205],[36.4408,34.2215],[36.4353,34.2189],[36.4328,34.2138],[36.4237,34.2115],[36.4216,34.2124],[36.4214,34.2156],[36.4148,34.2134],[36.4085,34.2135],[36.4057,34.2123],[36.4054,34.2087],[36.4013,34.2065],[36.3945,34.205],[36.391,34.2015],[36.3891,34.1968],[36.378,34.1914],[36.3785,34.1866],[36.3813,34.182],[36.3789,34.1775],[36.3799,34.17],[36.3774,34.1662],[36.3688,34.1637],[36.3627,34.1627],[36.3564,34.1589],[36.3549,34.1525],[36.3507,34.1463],[36.3481,34.1451],[36.343,34.1386],[36.3364,34.134],[36.3296,34.1355],[36.3317,34.1321],[36.3381,34.1301],[36.3392,34.1266],[36.3432,34.1249],[36.3436,34.1221],[36.3481,34.1193],[36.3451,34.1113],[36.3402,34.1067],[36.3417,34.103],[36.3473,34.1046],[36.3559,34.1027],[36.3626,34.0949],[36.3656,34.0923],[36.369,34.0917],[36.3729,34.0886],[36.3725,34.087],[36.3753,34.0797],[36.3793,34.0771],[36.3848,34.0768],[36.3871,34.0745],[36.3933,34.074],[36.3981,34.0725],[36.4027,34.0723],[36.4055,34.0704],[36.4138,34.0677],[36.4397,34.0613],[36.4874,34.0497],[36.4891,34.0491],[36.4917,34.0495],[36.501,34.0481],[36.501,34.0536],[36.4994,34.056],[36.5084,34.063],[36.5092,34.0663],[36.5151,34.0746],[36.5094,34.088],[36.5071,34.0901],[36.5104,34.0995],[36.515,34.1001],[36.5197,34.1052],[36.52,34.1071],[36.5255,34.1142],[36.5351,34.1199],[36.5409,34.1215],[36.542,34.1266],[36.5523,34.131],[36.5539,34.1295],[36.5599,34.1309],[36.5617,34.1328],[36.5668,34.1336],[36.5691,34.142],[36.5736,34.1448],[36.569,34.1521],[36.5718,34.1567],[36.5784,34.159],[36.5824,34.1593],[36.584,34.1651],[36.5881,34.1686],[36.5861,34.1741],[36.5873,34.1772],[36.5907,34.18],[36.6008,34.1858],[36.6036,34.1912],[36.6129,34.1941],[36.6215,34.1945],[36.6229,34.1959],[36.6225,34.2008],[36.6182,34.2076],[36.6103,34.2138],[36.6052,34.2136],[36.5967,34.2146],[36.5907,34.2171],[36.5872,34.2168],[36.5825,34.2191],[36.5783,34.2192],[36.5691,34.2224],[36.5556,34.2253],[36.5486,34.2323],[36.5455,34.2341]]]},"properties":{"adm3_name":"Aarsal","adm2_name":"Baalbek","adm1_name":"Baalbek-El Hermel"}},
{"type":"Feature","geometry":{"type":"Polygon","coordinates":[[[36.3458,34.2102],[36.3414,34.2122],[36.3414,34.216],[36.3381,34.2162],[36.3327,34.219],[36.3333,34.2213],[36.3299,34.225],[36.3278,34.2257],[36.3241,34.2221],[36.326,34.218],[36.3222,34.2137],[36.3222,34.2084],[36.3183,34.1973],[36.3204,34.193],[36.3187,34.1896],[36.3185,34.1837],[36.315,34.1805],[36.3144,34.1775],[36.3158,34.1745],[36.3257,34.1812],[36.3283,34.1846],[36.331,34.1823],[36.3315,34.1792],[36.3357,34.1808],[36.3456,34.178],[36.3509,34.1667],[36.3492,34.1634],[36.3505,34.1615],[36.3564,34.1589],[36.3627,34.1627],[36.3688,34.1637],[36.3774,34.1662],[36.3799,34.17],[36.3789,34.1775],[36.3813,34.182],[36.3785,34.1866],[36.378,34.1914],[36.3694,34.1964],[36.3605,34.2001],[36.3618,34.202],[36.3555,34.2066],[36.3537,34.206],[36.3458,34.2102]]]},"properties":{"adm3_name":"Laboueh","adm2_name":"Baalbek","adm1_name":"Baalbek-El Hermel"}},
{"type":"Feature","geometry":{"type":"Polygon","coordinates":[[[36.2872,34.2473],[36.2942,34.2467],[36.2986,34.2482],[36.3054,34.2455],[36.3106,34.2425],[36.3076,34.2361],[36.3079,34.23],[36.3011,34.2274],[36.2935,34.2264],[36.3078,34.2229],[36.3125,34.2191],[36.3149,34.2194],[36.3206,34.2263],[36.3235,34.2255],[36.3265,34.229],[36.327,34.2329],[36.3295,34.2371],[36.3343,34.241],[36.3344,34.2431],[36.3213,34.2492],[36.3113,34.2534],[36.3045,34.2556],[36.2939,34.2553],[36.2893,34.2521],[36.2872,34.2473]]]},"properties":{"adm3_name":"Zabboud","adm2_name":"Baalbek","adm1_name":"Baalbek-El Hermel"}},
{"type":"Feature","geometry":{"type":"Polygon","coordinates":[[[36.4807,34.3584],[36.4609,34.3477],[36.4589,34.3436],[36.4543,34.3408],[36.4504,34.3408],[36.4462,34.3425],[36.4428,34.3415],[36.4402,34.337],[36.4349,34.3345],[36.4321,34.3292],[36.4311,34.3228],[36.4351,34.3201],[36.438,34.3165],[36.4467,34.3114],[36.4491,34.3153],[36.4587,34.3205],[36.4648,34.322],[36.4684,34.3217],[36.4746,34.323],[36.4745,34.3257],[36.4782,34.3275],[36.4808,34.3321],[36.4788,34.334],[36.4811,34.3407],[36.4848,34.3464],[36.4838,34.3477],[36.4801,34.3525],[36.4807,34.3584]]]},"properties":{"adm3_name":"Qaa Baalbek","adm2_name":"Baalbek","adm1_name":"Baalbek-El Hermel"}},
{"type":"Feature","geometry":{"type":"Polygon","coordinates":[[[36.3733,34.3525],[36.3747,34.3486],[36.381,34.3443],[36.389,34.3417],[36.3939,34.3427],[36.3955,34.3416],[36.4029,34.3446],[36.413,34.3501],[36.417,34.3531],[36.4167,34.3565],[36.4206,34.359],[36.4179,34.3641],[36.4161,34.3649],[36.4049,34.3618],[36.4019,34.3619],[36.3986,34.3587],[36.3933,34.3574],[36.3915,34.3557],[36.3764,34.3563],[36.3733,34.3525]]]},"properties":{"adm3_name":"Deir Mar Maroun Baalbek","adm2_name":"Baalbek","adm1_name":"Baalbek-El Hermel"}},
{"type":"Feature","geometry":{"type":"Polygon","coordinates":[[[36.1599,34.2636],[36.1642,34.2631],[36.1683,34.2605],[36.1743,34.2604],[36.1788,34.2592],[36.1878,34.2577],[36.1971,34.2571],[36.2049,34.255],[36.2197,34.2533],[36.2289,34.2537],[36.2383,34.2495],[36.2406,34.2493],[36.2442,34.2519],[36.2494,34.2523],[36.2592,34.2505],[36.2621,34.2509],[36.2722,34.2494],[36.2738,34.2469],[36.2807,34.2461],[36.2872,34.2473],[36.2893,34.2521],[36.2939,34.2553],[36.3045,34.2556],[36.2973,34.259],[36.2872,34.262],[36.2834,34.2651],[36.2755,34.2644],[36.2695,34.2698],[36.2653,34.2702],[36.2583,34.2701],[36.254,34.268],[36.2457,34.2661],[36.2434,34.2637],[36.2372,34.2644],[36.2293,34.2636],[36.2278,34.2626],[36.2078,34.2632],[36.2051,34.2645],[36.1942,34.2641],[36.188,34.2664],[36.181,34.2647],[36.1691,34.2672],[36.1642,34.2693],[36.1583,34.2753],[36.1562,34.2678],[36.1599,34.2636]]]},"properties":{"adm3_name":"Halbata","adm2_name":"Baalbek","adm1_name":"Baalbek-El Hermel"}},
{"type":"Feature","geometry":{"type":"Polygon","coordinates":[[[36.307,34.1698],[36.3057,34.1666],[36.3086,34.1597],[36.3141,34.1544],[36.3146,34.1514],[36.3225,34.1465],[36.3286,34.1443],[36.3315,34.1376],[36.3296,34.1355],[36.3364,34.134],[36.343,34.1386],[36.3481,34.1451],[36.3507,34.1463],[36.3549,34.1525],[36.3564,34.1589],[36.3505,34.1615],[36.3492,34.1634],[36.3509,34.1667],[36.3456,34.178],[36.3357,34.1808],[36.3315,34.1792],[36.331,34.1823],[36.3283,34.1846],[36.3257,34.1812],[36.3158,34.1745],[36.307,34.1698]]]},"properties":{"adm3_name":"Moqraq","adm2_name":"Baalbek","adm1_name":"Baalbek-El Hermel"}},
{"type":"Feature","geometry":{"type":"Polygon","coordinates":[[[36.5317,34.4251],[36.5334,34.4292],[36.5313,34.4321],[36.5285,34.4325],[36.5275,34.4287],[36.524,34.4266],[36.5221,34.4307],[36.5216,34.4347],[36.5143,34.4374],[36.5112,34.4409],[36.5136,34.4439],[36.5087,34.4482],[36.5024,34.4482],[36.4958,34.4495],[36.4926,34.4459],[36.4881,34.4456],[36.4841,34.4478],[36.4813,34.4363],[36.4756,34.4267],[36.4695,34.4231],[36.457,34.4133],[36.4537,34.4079],[36.4448,34.4043],[36.4294,34.391],[36.4251,34.3801],[36.4239,34.3744],[36.4161,34.3649],[36.4179,34.3641],[36.4206,34.359],[36.4167,34.3565],[36.417,34.3531],[36.413,34.3501],[36.4029,34.3446],[36.4061,34.34],[36.4161,34.3318],[36.4231,34.3281],[36.4311,34.3228],[36.4321,34.3292],[36.4349,34.3345],[36.4402,34.337],[36.4428,34.3415],[36.4462,34.3425],[36.4504,34.3408],[36.4543,34.3408],[36.4589,34.3436],[36.4609,34.3477],[36.4807,34.3584],[36.4832,34.365],[36.4854,34.3686],[36.4879,34.3766],[36.4918,34.3839],[36.4913,34.3879],[36.4995,34.4018],[36.5016,34.4017],[36.5098,34.4057],[36.5104,34.4079],[36.5192,34.4102],[36.5312,34.4213],[36.5317,34.4251]]]},"properties":{"adm3_name":"Qaa Ouadi El-Khanzir","adm2_name":"Baalbek","adm1_name":"Baalbek-El Hermel"}},
{"type":"Feature","geometry":{"type":"Polygon","coordinates":[[[36.574,34.2974],[36.5708,34.3024],[36.5666,34.3031],[36.5648,34.3049],[36.5571,34.3085],[36.5559,34.3109],[36.5594,34.3158],[36.5596,34.3189],[36.5633,34.3243],[36.5618,34.3277],[36.5516,34.3332],[36.5461,34.3397],[36.5433,34.348],[36.5362,34.3586],[36.533,34.3647],[36.5291,34.37],[36.5373,34.3753],[36.5392,34.3786],[36.5501,34.3852],[36.5613,34.3971],[36.5599,34.4007],[36.5594,34.402],[36.5539,34.3985],[36.5493,34.3975],[36.5443,34.3947],[36.535,34.3871],[36.5281,34.3834],[36.5234,34.3781],[36.5151,34.371],[36.504,34.3662],[36.5013,34.3636],[36.4936,34.36],[36.4923,34.3571],[36.489,34.3544],[36.4838,34.3477],[36.4848,34.3464],[36.4811,34.3407],[36.4788,34.334],[36.4808,34.3321],[36.4782,34.3275],[36.4745,34.3257],[36.4746,34.323],[36.4684,34.3217],[36.4648,34.322],[36.4587,34.3205],[36.4491,34.3153],[36.4467,34.3114],[36.4541,34.3078],[36.4593,34.3027],[36.4684,34.2961],[36.4768,34.2948],[36.4808,34.2967],[36.4851,34.2958],[36.4878,34.2922],[36.4925,34.289],[36.4989,34.2941],[36.5047,34.2925],[36.5064,34.2886],[36.5128,34.2856],[36.5139,34.2785],[36.5173,34.2772],[36.5265,34.2786],[36.5297,34.2773],[36.5385,34.2804],[36.5433,34.283],[36.5443,34.2851],[36.5509,34.2861],[36.554,34.2881],[36.5574,34.2855],[36.5635,34.2866],[36.5675,34.2858],[36.5695,34.2965],[36.574,34.2974]]]},"properties":{"adm3_name":"Qaa Baayoun","adm2_name":"Baalbek","adm1_name":"Baalbek-El Hermel"}},
{"type":"Feature","geometry":{"type":"Polygon","coordinates":[[[36.2581,34.2327],[36.2604,34.231],[36.2674,34.2289],[36.2676,34.2202],[36.2825,34.2142],[36.2991,34.2126],[36.3065,34.2165],[36.311,34.2161],[36.3125,34.2191],[36.3078,34.2229],[36.2935,34.2264],[36.2869,34.2269],[36.2827,34.2295],[36.274,34.2298],[36.2688,34.2335],[36.265,34.2339],[36.2581,34.2327]]]},"properties":{"adm3_name":"Sbouba","adm2_name":"Baalbek","adm1_name":"Baalbek-El Hermel"}},
{"type":"Feature","geometry":{"type":"Polygon","coordinates":[[[36.1788,34.2592],[36.1743,34.2604],[36.1683,34.2605],[36.1642,34.2631],[36.1599,34.2636],[36.1573,34.2612],[36.1504,34.2614],[36.1502,34.2558],[36.1458,34.2503],[36.135,34.2435],[36.1309,34.2433],[36.143,34.238],[36.1435,34.2371],[36.1539,34.2317],[36.1621,34.2285],[36.1735,34.2273],[36.1812,34.2241],[36.1833,34.22],[36.1903,34.2209],[36.1954,34.2199],[36.1991,34.218],[36.2062,34.2169],[36.2118,34.2112],[36.215,34.2091],[36.217,34.2047],[36.2224,34.205],[36.2347,34.2031],[36.2382,34.2021],[36.2436,34.2035],[36.25,34.2027],[36.2547,34.1946],[36.2638,34.1903],[36.2636,34.1886],[36.2686,34.1853],[36.2735,34.1834],[36.2765,34.1767],[36.2798,34.1746],[36.2809,34.1723],[36.2878,34.1659],[36.2956,34.1608],[36.3022,34.1669],[36.307,34.1698],[36.3158,34.1745],[36.3144,34.1775],[36.315,34.1805],[36.3185,34.1837],[36.3187,34.1896],[36.3204,34.193],[36.3183,34.1973],[36.3222,34.2084],[36.3222,34.2137],[36.326,34.218],[36.3241,34.2221],[36.3235,34.2255],[36.3206,34.2263],[36.3149,34.2194],[36.3125,34.2191],[36.311,34.2161],[36.3065,34.2165],[36.2991,34.2126],[36.2825,34.2142],[36.2676,34.2202],[36.2674,34.2289],[36.2604,34.231],[36.2581,34.2327],[36.2541,34.2358],[36.2481,34.2354],[36.2434,34.2378],[36.2325,34.2418],[36.2224,34.2434],[36.2221,34.2443],[36.2004,34.2439],[36.1911,34.2468],[36.1837,34.2516],[36.1814,34.2572],[36.1788,34.2592]]]},"properties":{"adm3_name":"Harabta","adm2_name":"Baalbek","adm1_name":"Baalbek-El Hermel"}},
{"type":"Feature","geometry":{"type":"Polygon","coordinates":[[[36.5547,34.4167],[36.5555,34.4176],[36.5502,34.4243],[36.5416,34.4219],[36.5363,34.4258],[36.5317,34.4251],[36.5312,34.4213],[36.5192,34.4102],[36.5104,34.4079],[36.5098,34.4057],[36.5016,34.4017],[36.4995,34.4018],[36.4913,34.3879],[36.4918,34.3839],[36.4879,34.3766],[36.4854,34.3686],[36.4832,34.365],[36.4807,34.3584],[36.4801,34.3525],[36.4838,34.3477],[36.489,34.3544],[36.4923,34.3571],[36.4936,34.36],[36.5013,34.3636],[36.504,34.3662],[36.5151,34.371],[36.5234,34.3781],[36.5281,34.3834],[36.535,34.3871],[36.5443,34.3947],[36.5493,34.3975],[36.5539,34.3985],[36.5594,34.402],[36.5547,34.4167]]]},"properties":{"adm3_name":"Qaa Jouar Maqiyé","adm2_name":"Baalbek","adm1_name":"Baalbek-El Hermel"}},
{"type":"Feature","geometry":{"type":"Polygon","coordinates":[[[36.1579,34.2762],[36.1571,34.283],[36.1517,34.2879],[36.1382,34.2873],[36.1298,34.2847],[36.1304,34.2835],[36.1246,34.2782],[36.12,34.2723],[36.1089,34.269],[36.1078,34.2649],[36.1006,34.2578],[36.0922,34.2473],[36.0877,34.2457],[36.0825,34.2365],[36.086,34.2342],[36.0958,34.2251],[36.102,34.2209],[36.0973,34.2121],[36.0955,34.2104],[36.1021,34.2047],[36.1098,34.1996],[36.1157,34.1979],[36.1216,34.1976],[36.1213,34.2016],[36.1253,34.2047],[36.1231,34.207],[36.1245,34.2117],[36.1295,34.2129],[36.1302,34.204],[36.129,34.2026],[36.135,34.2001],[36.1389,34.1969],[36.1548,34.196],[36.1559,34.1908],[36.16,34.1945],[36.1637,34.1941],[36.1677,34.1904],[36.1725,34.1896],[36.1772,34.1904],[36.1857,34.1887],[36.1878,34.1855],[36.1885,34.1817],[36.1877,34.1766],[36.1897,34.1726],[36.1954,34.1682],[36.1996,34.1681],[36.2008,34.1737],[36.2107,34.1747],[36.2138,34.1742],[36.2179,34.17],[36.2236,34.169],[36.2258,34.1659],[36.2296,34.1632],[36.2374,34.1571],[36.2437,34.1561],[36.2484,34.1563],[36.2545,34.1528],[36.2585,34.1541],[36.266,34.1587],[36.2756,34.1676],[36.2798,34.1746],[36.2765,34.1767],[36.2735,34.1834],[36.2686,34.1853],[36.2636,34.1886],[36.2638,34.1903],[36.2547,34.1946],[36.25,34.2027],[36.2436,34.2035],[36.2382,34.2021],[36.2347,34.2031],[36.2224,34.205],[36.217,34.2047],[36.215,34.2091],[36.2118,34.2112],[36.2062,34.2169],[36.1991,34.218],[36.1954,34.2199],[36.1903,34.2209],[36.1833,34.22],[36.1812,34.2241],[36.1735,34.2273],[36.1621,34.2285],[36.1539,34.2317],[36.1435,34.2371],[36.143,34.238],[36.1309,34.2433],[36.135,34.2435],[36.1458,34.2503],[36.1502,34.2558],[36.1504,34.2614],[36.1573,34.2612],[36.1599,34.2636],[36.1562,34.2678],[36.1583,34.2753],[36.1579,34.2762]]]},"properties":{"adm3_name":"Nabha Ed-Damdoum","adm2_name":"Baalbek","adm1_name":"Baalbek-El Hermel"}},
{"type":"Feature","geometry":{"type":"Polygon","coordinates":[[[36.307,34.1698],[36.3022,34.1669],[36.2956,34.1608],[36.2878,34.1659],[36.2809,34.1723],[36.2798,34.1746],[36.2756,34.1676],[36.266,34.1587],[36.2585,34.1541],[36.2545,34.1528],[36.2484,34.1563],[36.2437,34.1561],[36.2374,34.1571],[36.2296,34.1632],[36.2265,34.1599],[36.2195,34.162],[36.2137,34.1573],[36.211,34.1537],[36.2117,34.1512],[36.2167,34.1481],[36.2277,34.1435],[36.2248,34.1395],[36.2258,34.1369],[36.2239,34.1339],[36.2176,34.1339],[36.2165,34.1329],[36.2103,34.1372],[36.2041,34.1361],[36.2039,34.1334],[36.2134,34.1294],[36.2083,34.125],[36.2053,34.124],[36.2093,34.119],[36.2158,34.1143],[36.2138,34.1107],[36.2147,34.1027],[36.2194,34.1015],[36.2261,34.1172],[36.2321,34.13],[36.2361,34.1332],[36.2423,34.1361],[36.2449,34.1351],[36.2473,34.1395],[36.251,34.1421],[36.2554,34.1411],[36.2605,34.1355],[36.2693,34.1348],[36.2732,34.1335],[36.2798,34.1341],[36.283,34.1389],[36.2881,34.1373],[36.2889,34.1337],[36.2951,34.1341],[36.3005,34.1408],[36.3013,34.1454],[36.3033,34.1493],[36.3082,34.1461],[36.3097,34.1489],[36.3034,34.1507],[36.3086,34.1597],[36.3057,34.1666],[36.307,34.1698]]]},"properties":{"adm3_name":"Chaat","adm2_name":"Baalbek","adm1_name":"Baalbek-El Hermel"}},
{"type":"Feature","geometry":{"type":"Polygon","coordinates":[[[36.1906,34.165],[36.1933,34.1607],[36.199,34.1592],[36.2137,34.1573],[36.2195,34.162],[36.2265,34.1599],[36.2296,34.1632],[36.2258,34.1659],[36.2236,34.169],[36.2179,34.17],[36.2138,34.1742],[36.2107,34.1747],[36.2008,34.1737],[36.1996,34.1681],[36.1954,34.1682],[36.1906,34.165]]]},"properties":{"adm3_name":"Qarha Baalbek","adm2_name":"Baalbek","adm1_name":"Baalbek-El Hermel"}},
{"type":"Feature","geometry":{"type":"Polygon","coordinates":[[[36.1954,34.1682],[36.1897,34.1726],[36.1877,34.1766],[36.1885,34.1817],[36.1878,34.1855],[36.1857,34.1887],[36.1772,34.1904],[36.1725,34.1896],[36.1677,34.1904],[36.1663,34.1853],[36.1635,34.1808],[36.165,34.1769],[36.1633,34.1748],[36.1641,34.1675],[36.174,34.1615],[36.1836,34.1597],[36.1906,34.165],[36.1954,34.1682]]]},"properties":{"adm3_name":"Ram Baalbek","adm2_name":"Baalbek","adm1_name":"Baalbek-El Hermel"}},
{"type":"Feature","geometry":{"type":"Polygon","coordinates":[[[36.3296,34.1355],[36.3315,34.1376],[36.3286,34.1443],[36.3225,34.1465],[36.3146,34.1514],[36.3141,34.1544],[36.3086,34.1597],[36.3034,34.1507],[36.3097,34.1489],[36.3082,34.1461],[36.3033,34.1493],[36.3013,34.1454],[36.3005,34.1408],[36.2951,34.1341],[36.2889,34.1337],[36.2881,34.1373],[36.283,34.1389],[36.2798,34.1341],[36.2732,34.1335],[36.2693,34.1348],[36.2605,34.1355],[36.2554,34.1411],[36.251,34.1421],[36.2473,34.1395],[36.2449,34.1351],[36.2423,34.1361],[36.2361,34.1332],[36.2321,34.13],[36.2261,34.1172],[36.2194,34.1015],[36.2189,34.0981],[36.2209,34.0959],[36.2231,34.0897],[36.2234,34.0861],[36.2251,34.0836],[36.2292,34.0849],[36.2307,34.0796],[36.2352,34.0738],[36.2357,34.0701],[36.2431,34.0716],[36.244,34.0688],[36.2474,34.0693],[36.2488,34.0668],[36.2538,34.0667],[36.2542,34.0626],[36.2644,34.064],[36.2658,34.0613],[36.2696,34.0591],[36.276,34.0574],[36.2853,34.0589],[36.2918,34.0616],[36.296,34.0656],[36.3006,34.0651],[36.3033,34.0707],[36.3072,34.0759],[36.3052,34.0783],[36.3065,34.081],[36.3119,34.0836],[36.3144,34.0872],[36.3225,34.0929],[36.3247,34.0962],[36.3387,34.1043],[36.3417,34.103],[36.3402,34.1067],[36.3451,34.1113],[36.3481,34.1193],[36.3436,34.1221],[36.3432,34.1249],[36.3392,34.1266],[36.3381,34.1301],[36.3317,34.1321],[36.3296,34.1355]]]},"properties":{"adm3_name":"Youmine","adm2_name":"Baalbek","adm1_name":"Baalbek-El Hermel"}},
{"type":"Feature","geometry":{"type":"Polygon","coordinates":[[[36.093,34.1566],[36.0915,34.1601],[36.083,34.1608],[36.0795,34.1621],[36.0718,34.1574],[36.07,34.1543],[36.06,34.1533],[36.0564,34.1544],[36.0548,34.1566],[36.0529,34.1537],[36.0543,34.1448],[36.0565,34.1432],[36.0551,34.1403],[36.0603,34.1399],[36.0664,34.1367],[36.0669,34.134],[36.0736,34.1296],[36.0789,34.1301],[36.0851,34.1283],[36.0972,34.1297],[36.1066,34.1228],[36.1073,34.1184],[36.1136,34.1145],[36.1116,34.1095],[36.1156,34.1078],[36.1183,34.1047],[36.1326,34.0988],[36.1273,34.0902],[36.1243,34.0916],[36.1225,34.0895],[36.1252,34.0864],[36.1233,34.0852],[36.132,34.0814],[36.1376,34.077],[36.1439,34.0866],[36.1608,34.0803],[36.1626,34.0801],[36.1689,34.0901],[36.1719,34.0926],[36.173,34.0955],[36.152,34.1173],[36.1656,34.1263],[36.1658,34.1322],[36.1634,34.1392],[36.162,34.1403],[36.1566,34.1393],[36.1492,34.1402],[36.1484,34.1376],[36.138,34.1354],[36.133,34.1374],[36.1311,34.136],[36.1259,34.1421],[36.1203,34.1444],[36.1171,34.1443],[36.1114,34.1465],[36.105,34.1457],[36.1021,34.1485],[36.0973,34.1497],[36.0936,34.1543],[36.093,34.1566]]]},"properties":{"adm3_name":"Deir El-Ahmar","adm2_name":"Baalbek","adm1_name":"Baalbek-El Hermel"}},
{"type":"Feature","geometry":{"type":"Polygon","coordinates":[[[36.162,34.1403],[36.1634,34.1392],[36.1658,34.1322],[36.1656,34.1263],[36.152,34.1173],[36.173,34.0955],[36.1797,34.0994],[36.1922,34.1079],[36.1979,34.1071],[36.203,34.1051],[36.2037,34.1092],[36.2007,34.1276],[36.1986,34.1321],[36.1978,34.1365],[36.1892,34.139],[36.1937,34.1402],[36.1943,34.1422],[36.192,34.1487],[36.1893,34.1494],[36.1804,34.148],[36.1742,34.149],[36.1728,34.1511],[36.1725,34.1496],[36.162,34.1403]]]},"properties":{"adm3_name":"Kneisset Baalbek","adm2_name":"Baalbek","adm1_name":"Baalbek-El Hermel"}},
{"type":"Feature","geometry":{"type":"Polygon","coordinates":[[[36.1641,34.1675],[36.1597,34.1673],[36.1557,34.1659],[36.1523,34.1618],[36.1498,34.1618],[36.1473,34.1583],[36.1405,34.1582],[36.1309,34.1594],[36.1243,34.1596],[36.1206,34.1611],[36.1128,34.1672],[36.1078,34.165],[36.1031,34.1603],[36.102,34.1574],[36.0955,34.1576],[36.093,34.1566],[36.0936,34.1543],[36.0973,34.1497],[36.1021,34.1485],[36.105,34.1457],[36.1114,34.1465],[36.1171,34.1443],[36.1203,34.1444],[36.1259,34.1421],[36.1311,34.136],[36.133,34.1374],[36.138,34.1354],[36.1484,34.1376],[36.1492,34.1402],[36.1566,34.1393],[36.162,34.1403],[36.1725,34.1496],[36.1728,34.1511],[36.1644,34.1525],[36.1632,34.157],[36.1609,34.1578],[36.1609,34.1619],[36.1641,34.1675]]]},"properties":{"adm3_name":"Bechouat","adm2_name":"Baalbek","adm1_name":"Baalbek-El Hermel"}},
{"type":"Feature","geometry":{"type":"Polygon","coordinates":[[[36.1677,34.1904],[36.1637,34.1941],[36.16,34.1945],[36.1559,34.1908],[36.1548,34.196],[36.1389,34.1969],[36.135,34.2001],[36.129,34.2026],[36.1302,34.204],[36.1295,34.2129],[36.1245,34.2117],[36.1231,34.207],[36.1253,34.2047],[36.1213,34.2016],[36.1216,34.1976],[36.1171,34.1942],[36.1139,34.1944],[36.1133,34.191],[36.115,34.1879],[36.1126,34.1837],[36.1144,34.179],[36.1136,34.1753],[36.1076,34.1684],[36.1078,34.165],[36.1128,34.1672],[36.1206,34.1611],[36.1243,34.1596],[36.1309,34.1594],[36.1405,34.1582],[36.1473,34.1583],[36.1498,34.1618],[36.1523,34.1618],[36.1557,34.1659],[36.1597,34.1673],[36.1641,34.1675],[36.1633,34.1748],[36.165,34.1769],[36.1635,34.1808],[36.1663,34.1853],[36.1677,34.1904]]]},"properties":{"adm3_name":"Barqa","adm2_name":"Baalbek","adm1_name":"Baalbek-El Hermel"}},
{"type":"Feature","geometry":{"type":"Polygon","coordinates":[[[36.1906,34.165],[36.1836,34.1597],[36.174,34.1615],[36.1641,34.1675],[36.1609,34.1619],[36.1609,34.1578],[36.1632,34.157],[36.1644,34.1525],[36.1728,34.1511],[36.1742,34.149],[36.1804,34.148],[36.1893,34.1494],[36.192,34.1487],[36.1943,34.1422],[36.1937,34.1402],[36.1892,34.139],[36.1978,34.1365],[36.1986,34.1321],[36.2007,34.1276],[36.2037,34.1092],[36.203,34.1051],[36.2147,34.1027],[36.2138,34.1107],[36.2158,34.1143],[36.2093,34.119],[36.2053,34.124],[36.2083,34.125],[36.2134,34.1294],[36.2039,34.1334],[36.2041,34.1361],[36.2103,34.1372],[36.2165,34.1329],[36.2176,34.1339],[36.2239,34.1339],[36.2258,34.1369],[36.2248,34.1395],[36.2277,34.1435],[36.2167,34.1481],[36.2117,34.1512],[36.211,34.1537],[36.2137,34.1573],[36.199,34.1592],[36.1933,34.1607],[36.1906,34.165]]]},"properties":{"adm3_name":"Riha","adm2_name":"Baalbek","adm1_name":"Baalbek-El Hermel"}},
{"type":"Feature","geometry":{"type":"Polygon","coordinates":[[[36.0751,34.1212],[36.0655,34.1187],[36.0603,34.1151],[36.053,34.1142],[36.0465,34.1114],[36.0392,34.1109],[36.0369,34.1094],[36.0328,34.1093],[36.0345,34.1058],[36.0352,34.1004],[36.0421,34.0991],[36.0526,34.1],[36.0569,34.0978],[36.0634,34.0973],[36.066,34.0999],[36.0683,34.1041],[36.0743,34.1074],[36.0751,34.1212]]]},"properties":{"adm3_name":"Dar El-Ouassaa","adm2_name":"Baalbek","adm1_name":"Baalbek-El Hermel"}},
{"type":"Feature","geometry":{"type":"Polygon","coordinates":[[[36.1233,34.0852],[36.1252,34.0864],[36.1225,34.0895],[36.1243,34.0916],[36.1273,34.0902],[36.1326,34.0988],[36.1183,34.1047],[36.1156,34.1078],[36.1116,34.1095],[36.1136,34.1145],[36.1073,34.1184],[36.1066,34.1228],[36.0972,34.1297],[36.0851,34.1283],[36.0789,34.1301],[36.0736,34.1296],[36.0751,34.1212],[36.0743,34.1074],[36.0832,34.1078],[36.0878,34.1053],[36.0975,34.1017],[36.1019,34.0986],[36.1006,34.096],[36.101,34.0895],[36.1087,34.0898],[36.1153,34.0869],[36.1216,34.0871],[36.1233,34.0852]]]},"properties":{"adm3_name":"Btedaai","adm2_name":"Baalbek","adm1_name":"Baalbek-El Hermel"}},
{"type":"Feature","geometry":{"type":"Polygon","coordinates":[[[36.0825,34.2365],[36.0785,34.2309],[36.0698,34.224],[36.063,34.2144],[36.0598,34.2114],[36.0522,34.2062],[36.0489,34.2057],[36.0456,34.2041],[36.0351,34.1942],[36.0218,34.1772],[36.0202,34.1729],[36.0198,34.172],[36.0339,34.1679],[36.0394,34.1686],[36.0515,34.1611],[36.0548,34.1566],[36.0564,34.1544],[36.06,34.1533],[36.07,34.1543],[36.0718,34.1574],[36.0795,34.1621],[36.083,34.1608],[36.0915,34.1601],[36.093,34.1566],[36.0955,34.1576],[36.102,34.1574],[36.1031,34.1603],[36.1078,34.165],[36.1076,34.1684],[36.1136,34.1753],[36.1144,34.179],[36.1126,34.1837],[36.115,34.1879],[36.1133,34.191],[36.1139,34.1944],[36.1171,34.1942],[36.1216,34.1976],[36.1157,34.1979],[36.1098,34.1996],[36.1021,34.2047],[36.0955,34.2104],[36.0973,34.2121],[36.102,34.2209],[36.0958,34.2251],[36.086,34.2342],[36.0825,34.2365]]]},"properties":{"adm3_name":"Aaynata Baalbek","adm2_name":"Baalbek","adm1_name":"Baalbek-El Hermel"}},
{"type":"Feature","geometry":{"type":"Polygon","coordinates":[[[36.0548,34.1566],[36.0515,34.1611],[36.0394,34.1686],[36.0339,34.1679],[36.0198,34.172],[36.0042,34.1683],[36.028,34.1659],[36.0346,34.1643],[36.0275,34.1537],[36.019,34.1375],[36.0183,34.1327],[36.0149,34.1266],[36.0137,34.1226],[36.0103,34.1194],[36.0058,34.1102],[36.0058,34.1059],[36.0042,34.0979],[36.0021,34.0928],[36.003,34.0879],[36.0077,34.0898],[36.014,34.0912],[36.0172,34.0888],[36.0199,34.0885],[36.0227,34.0858],[36.0273,34.0877],[36.025,34.0931],[36.0263,34.0958],[36.0261,34.1],[36.0352,34.1004],[36.0345,34.1058],[36.0328,34.1093],[36.0369,34.1094],[36.0392,34.1109],[36.0465,34.1114],[36.053,34.1142],[36.0603,34.1151],[36.0655,34.1187],[36.0751,34.1212],[36.0736,34.1296],[36.0669,34.134],[36.0664,34.1367],[36.0603,34.1399],[36.0551,34.1403],[36.0565,34.1432],[36.0543,34.1448],[36.0529,34.1537],[36.0548,34.1566]]]},"properties":{"adm3_name":"Yammouneh","adm2_name":"Baalbek","adm1_name":"Baalbek-El Hermel"}},
{"type":"Feature","geometry":{"type":"Polygon","coordinates":[[[36.0059,33.9361],[36.0055,33.9402],[36.0015,33.9394],[35.996,33.9488],[35.9903,33.9512],[35.9853,33.9549],[35.9743,33.9569],[35.9716,33.956],[35.9592,33.9584],[35.9567,33.9578],[35.9425,33.964],[35.937,33.9669],[35.933,33.9659],[35.927,33.9671],[35.9217,33.9692],[35.9148,33.9699],[35.902,33.9663],[35.8782,33.9496],[35.8858,33.9399],[35.9068,33.9332],[35.9091,33.9344],[35.9155,33.9317],[35.9166,33.9259],[35.9193,33.9228],[35.9207,33.9176],[35.9282,33.9162],[35.9304,33.9169],[35.9336,33.9138],[35.9378,33.9133],[35.9435,33.9092],[35.9486,33.9133],[35.9567,33.916],[35.9544,33.9187],[35.9585,33.9197],[35.9634,33.9245],[35.9662,33.9283],[35.9724,33.9331],[35.9746,33.9317],[35.9813,33.9385],[35.9885,33.9337],[35.9926,33.929],[35.9918,33.9253],[36.001,33.9179],[36.0005,33.9145],[36.004,33.9108],[36.0036,33.9091],[36.0073,33.9054],[36.011,33.8986],[36.0126,33.8998],[36.023,33.8923],[36.0274,33.8901],[36.0231,33.8837],[36.0181,33.8801],[36.0218,33.8783],[36.0249,33.8803],[36.0288,33.883],[36.0355,33.8904],[36.0324,33.8921],[36.0349,33.8962],[36.0346,33.9013],[36.0306,33.8988],[36.029,33.901],[36.0327,33.9048],[36.0294,33.907],[36.03,33.9089],[36.0248,33.9117],[36.0213,33.9164],[36.0162,33.9202],[36.0126,33.9278],[36.0076,33.9332],[36.0059,33.9361]]]},"properties":{"adm3_name":"Bednayel Baalbak","adm2_name":"Baalbek","adm1_name":"Baalbek-El Hermel"}},
{"type":"Feature","geometry":{"type":"Polygon","coordinates":[[[36.023,33.8923],[36.0126,33.8998],[36.011,33.8986],[36.0073,33.9054],[36.0036,33.9091],[36.004,33.9108],[36.0005,33.9145],[36.001,33.9179],[35.9918,33.9253],[35.9899,33.9236],[35.9828,33.9204],[35.9786,33.9171],[35.9839,33.9071],[35.9903,33.9034],[35.9951,33.8979],[35.9993,33.8953],[36.001,33.8963],[36.0103,33.888],[36.016,33.8889],[36.023,33.8923]]]},"properties":{"adm3_name":"Qsarnaba","adm2_name":"Baalbek","adm1_name":"Baalbek-El Hermel"}},
{"type":"Feature","geometry":{"type":"Polygon","coordinates":[[[35.9918,33.9253],[35.9926,33.929],[35.9885,33.9337],[35.9813,33.9385],[35.9746,33.9317],[35.9724,33.9331],[35.9662,33.9283],[35.9634,33.9245],[35.9585,33.9197],[35.9544,33.9187],[35.9567,33.916],[35.9621,33.9099],[35.9669,33.9093],[35.9708,33.906],[35.9742,33.8976],[35.9778,33.8971],[35.981,33.8911],[35.9838,33.8886],[35.9894,33.8872],[35.9907,33.8885],[35.9958,33.8854],[36.0023,33.8871],[36.0045,33.8838],[36.0087,33.8847],[36.0103,33.888],[36.001,33.8963],[35.9993,33.8953],[35.9951,33.8979],[35.9903,33.9034],[35.9839,33.9071],[35.9786,33.9171],[35.9828,33.9204],[35.9899,33.9236],[35.9918,33.9253]]]},"properties":{"adm3_name":"Temnine El-Faouqa","adm2_name":"Baalbek","adm1_name":"Baalbek-El Hermel"}},
{"type":"Feature","geometry":{"type":"Polygon","coordinates":[[[36.0226,33.9399],[36.018,33.9363],[36.014,33.9356],[36.0128,33.9408],[36.0059,33.9361],[36.0076,33.9332],[36.0126,33.9278],[36.0162,33.9202],[36.0213,33.9164],[36.0248,33.9117],[36.03,33.9089],[36.0352,33.9153],[36.0325,33.9176],[36.0347,33.9216],[36.04,33.9274],[36.0408,33.9296],[36.0379,33.9324],[36.0333,33.9348],[36.0292,33.9356],[36.0226,33.9399]]]},"properties":{"adm3_name":"Beit Chama","adm2_name":"Baalbek","adm1_name":"Baalbek-El Hermel"}},
{"type":"Feature","geometry":{"type":"Polygon","coordinates":[[[36.0525,33.931],[36.0467,33.9259],[36.0408,33.9296],[36.04,33.9274],[36.0347,33.9216],[36.0325,33.9176],[36.0352,33.9153],[36.03,33.9089],[36.0294,33.907],[36.0327,33.9048],[36.029,33.901],[36.0306,33.8988],[36.0346,33.9013],[36.0349,33.8962],[36.0324,33.8921],[36.0355,33.8904],[36.0385,33.8959],[36.0424,33.8988],[36.0468,33.9003],[36.0548,33.9058],[36.0585,33.9091],[36.0552,33.9114],[36.0472,33.9048],[36.0407,33.9034],[36.0413,33.908],[36.0437,33.911],[36.0434,33.9134],[36.0463,33.9203],[36.0499,33.9227],[36.0575,33.9202],[36.0556,33.917],[36.0589,33.916],[36.0615,33.9179],[36.0676,33.9161],[36.0703,33.9188],[36.0673,33.9209],[36.0613,33.9232],[36.0581,33.9261],[36.0522,33.9278],[36.0541,33.9301],[36.0525,33.931]]]},"properties":{"adm3_name":"Haouch Er-Rafqa","adm2_name":"Baalbek","adm1_name":"Baalbek-El Hermel"}},
{"type":"Feature","geometry":{"type":"Polygon","coordinates":[[[36.0673,33.9209],[36.0703,33.9188],[36.0676,33.9161],[36.0615,33.9179],[36.0589,33.916],[36.0556,33.917],[36.0575,33.9202],[36.0499,33.9227],[36.0463,33.9203],[36.0434,33.9134],[36.0437,33.911],[36.0413,33.908],[36.0407,33.9034],[36.0472,33.9048],[36.0552,33.9114],[36.0585,33.9091],[36.069,33.9159],[36.0729,33.9188],[36.0673,33.9209]]]},"properties":{"adm3_name":"Mousrayeh","adm2_name":"Baalbek","adm1_name":"Baalbek-El Hermel"}},
{"type":"Feature","geometry":{"type":"Polygon","coordinates":[[[35.9261,34.0071],[35.9227,34.009],[35.9146,34.0022],[35.9096,33.9945],[35.9064,33.9924],[35.9022,33.9862],[35.902,33.9781],[35.901,33.9746],[35.902,33.9663],[35.9148,33.9699],[35.9217,33.9692],[35.927,33.9671],[35.933,33.9659],[35.937,33.9669],[35.9425,33.964],[35.9567,33.9578],[35.9592,33.9584],[35.9716,33.956],[35.9743,33.9569],[35.9853,33.9549],[35.9903,33.9512],[35.996,33.9488],[36.0015,33.9394],[36.0055,33.9402],[36.0059,33.9361],[36.0128,33.9408],[36.0205,33.9439],[36.022,33.9455],[36.0174,33.9498],[36.0109,33.9544],[36.0094,33.9579],[36.0058,33.9587],[35.9901,33.9576],[35.98,33.9589],[35.9748,33.9607],[35.9699,33.9643],[35.963,33.9615],[35.952,33.964],[35.9404,33.969],[35.9371,33.9719],[35.9347,33.982],[35.9333,33.983],[35.9288,33.9854],[35.9285,33.9944],[35.9275,33.9959],[35.9281,34.0046],[35.9261,34.0071]]]},"properties":{"adm3_name":"Slouqi","adm2_name":"Baalbek","adm1_name":"Baalbek-El Hermel"}},
{"type":"Feature","geometry":{"type":"Polygon","coordinates":[[[36.0218,33.8783],[36.0181,33.8801],[36.0231,33.8837],[36.0274,33.8901],[36.023,33.8923],[36.016,33.8889],[36.0103,33.888],[36.0087,33.8847],[36.0045,33.8838],[36.0023,33.8871],[35.9958,33.8854],[35.9907,33.8885],[35.9894,33.8872],[35.9838,33.8886],[35.9803,33.8831],[35.9817,33.8816],[35.9857,33.8802],[35.9929,33.8693],[35.9953,33.8665],[35.9986,33.8666],[35.9971,33.8576],[36.0013,33.8609],[36.007,33.8658],[36.0086,33.8646],[36.0164,33.8717],[36.0157,33.8739],[36.0218,33.8783]]]},"properties":{"adm3_name":"Temnine Et-Tahta","adm2_name":"Baalbek","adm1_name":"Baalbek-El Hermel"}},
{"type":"Feature","geometry":{"type":"Polygon","coordinates":[[[36.0549,33.9359],[36.0526,33.937],[36.0543,33.9406],[36.0522,33.9458],[36.049,33.9473],[36.0477,33.9536],[36.0405,33.9522],[36.0375,33.9501],[36.0324,33.9496],[36.0301,33.9456],[36.0226,33.9399],[36.0292,33.9356],[36.0333,33.9348],[36.0379,33.9324],[36.0408,33.9296],[36.0467,33.9259],[36.0525,33.931],[36.0549,33.9359]]]},"properties":{"adm3_name":"Kfar Dabach","adm2_name":"Baalbek","adm1_name":"Baalbek-El Hermel"}},
{"type":"Feature","geometry":{"type":"Polygon","coordinates":[[[36.0477,33.9536],[36.0481,33.9587],[36.0504,33.9601],[36.058,33.959],[36.0625,33.9595],[36.0642,33.9621],[36.0591,33.9657],[36.054,33.9679],[36.0523,33.971],[36.049,33.9713],[36.0364,33.9702],[36.0341,33.9719],[36.0244,33.975],[36.0091,33.9769],[36.0056,33.9781],[36.0033,33.9767],[35.9901,33.9758],[35.9879,33.9748],[35.9777,33.9746],[35.9755,33.9775],[35.9687,33.9824],[35.9658,33.983],[35.9561,33.9808],[35.95,33.9802],[35.9469,33.9824],[35.9417,33.9835],[35.9333,33.983],[35.9347,33.982],[35.9371,33.9719],[35.9404,33.969],[35.952,33.964],[35.963,33.9615],[35.9699,33.9643],[35.9748,33.9607],[35.98,33.9589],[35.9901,33.9576],[36.0058,33.9587],[36.0094,33.9579],[36.0109,33.9544],[36.0174,33.9498],[36.022,33.9455],[36.0205,33.9439],[36.0128,33.9408],[36.014,33.9356],[36.018,33.9363],[36.0226,33.9399],[36.0301,33.9456],[36.0324,33.9496],[36.0375,33.9501],[36.0405,33.9522],[36.0477,33.9536]]]},"properties":{"adm3_name":"Chmistar","adm2_name":"Baalbek","adm1_name":"Baalbek-El Hermel"}},
{"type":"Feature","geometry":{"type":"Polygon","coordinates":[[[36.0549,33.9359],[36.0525,33.931],[36.0541,33.9301],[36.0588,33.9299],[36.0623,33.9275],[36.0747,33.9279],[36.0699,33.9358],[36.0651,33.937],[36.0571,33.9408],[36.0549,33.9359]]]},"properties":{"adm3_name":"Haouch En-Nabi","adm2_name":"Baalbek","adm1_name":"Baalbek-El Hermel"}},
{"type":"Feature","geometry":{"type":"Polygon","coordinates":[[[36.0571,33.9408],[36.0651,33.937],[36.0699,33.9358],[36.0747,33.9279],[36.0623,33.9275],[36.0588,33.9299],[36.0541,33.9301],[36.0522,33.9278],[36.0581,33.9261],[36.0613,33.9232],[36.0673,33.9209],[36.0729,33.9188],[36.0745,33.9181],[36.0786,33.9214],[36.0824,33.9245],[36.0919,33.9208],[36.1051,33.9164],[36.1072,33.9201],[36.1075,33.9207],[36.1075,33.9241],[36.1045,33.9319],[36.0935,33.9369],[36.0742,33.9426],[36.0795,33.9457],[36.073,33.951],[36.0691,33.9504],[36.066,33.946],[36.0571,33.9408]]]},"properties":{"adm3_name":"Haouch Snaid","adm2_name":"Baalbek","adm1_name":"Baalbek-El Hermel"}},
{"type":"Feature","geometry":{"type":"Polygon","coordinates":[[[35.9772,34.0283],[35.975,34.0297],[35.9733,34.0349],[35.9681,34.0385],[35.9646,34.0426],[35.9625,34.0392],[35.9507,34.0265],[35.9432,34.0141],[35.929,34.0094],[35.9261,34.0071],[35.9281,34.0046],[35.9275,33.9959],[35.9285,33.9944],[35.9288,33.9854],[35.9333,33.983],[35.9417,33.9835],[35.9469,33.9824],[35.95,33.9802],[35.9561,33.9808],[35.9658,33.983],[35.9687,33.9824],[35.9755,33.9775],[35.9777,33.9746],[35.9879,33.9748],[35.9901,33.9758],[36.0033,33.9767],[36.0056,33.9781],[36.0091,33.9769],[36.0244,33.975],[36.0341,33.9719],[36.0364,33.9702],[36.049,33.9713],[36.0523,33.971],[36.054,33.9679],[36.0591,33.9657],[36.0642,33.9621],[36.0625,33.9595],[36.058,33.959],[36.0504,33.9601],[36.0481,33.9587],[36.0477,33.9536],[36.049,33.9473],[36.0522,33.9458],[36.0543,33.9406],[36.0526,33.937],[36.0549,33.9359],[36.0571,33.9408],[36.066,33.946],[36.0691,33.9504],[36.0728,33.9519],[36.0761,33.955],[36.0793,33.961],[36.0792,33.9633],[36.0765,33.968],[36.0772,33.9721],[36.0798,33.9754],[36.0798,33.9794],[36.0834,33.9857],[36.0749,33.9887],[36.0732,33.9841],[36.0698,33.983],[36.0503,33.988],[36.0418,33.9886],[36.0278,33.9907],[36.0219,33.9937],[36.0187,33.997],[36.0143,33.9977],[36.0094,34.0012],[35.998,34.0033],[35.9911,34.0082],[35.9857,34.0098],[35.9809,34.013],[35.9766,34.0236],[35.9772,34.0283]]]},"properties":{"adm3_name":"Taraiya","adm2_name":"Baalbek","adm1_name":"Baalbek-El Hermel"}},
{"type":"Feature","geometry":{"type":"Polygon","coordinates":[[[36.069,33.9159],[36.0585,33.9091],[36.0548,33.9058],[36.0468,33.9003],[36.0424,33.8988],[36.0385,33.8959],[36.0355,33.8904],[36.0288,33.883],[36.0249,33.8803],[36.0297,33.8772],[36.0305,33.883],[36.0336,33.8829],[36.0392,33.8772],[36.0362,33.8734],[36.0446,33.87],[36.0467,33.8676],[36.048,33.8667],[36.0546,33.8659],[36.058,33.8668],[36.06,33.8696],[36.0655,33.8681],[36.0702,33.8704],[36.0734,33.8732],[36.0773,33.8705],[36.083,33.8642],[36.0925,33.8684],[36.0942,33.8732],[36.1024,33.8761],[36.1064,33.8789],[36.1068,33.8822],[36.1006,33.8838],[36.1026,33.8854],[36.0982,33.8885],[36.0977,33.8916],[36.0919,33.8922],[36.0937,33.8969],[36.0819,33.9046],[36.0723,33.9142],[36.069,33.9159]]]},"properties":{"adm3_name":"Serraaine Et-Tahta","adm2_name":"Baalbek","adm1_name":"Baalbek-El Hermel"}},
{"type":"Feature","geometry":{"type":"Polygon","coordinates":[[[36.0831,33.9628],[36.0792,33.9633],[36.0793,33.961],[36.0761,33.955],[36.0728,33.9519],[36.0691,33.9504],[36.073,33.951],[36.0795,33.9457],[36.0742,33.9426],[36.0935,33.9369],[36.1045,33.9319],[36.1075,33.9241],[36.1075,33.9207],[36.1122,33.9278],[36.1107,33.9351],[36.1104,33.9362],[36.1147,33.9437],[36.114,33.9456],[36.1045,33.9488],[36.1055,33.9518],[36.0998,33.9541],[36.0897,33.9566],[36.0853,33.9617],[36.0831,33.9628]]]},"properties":{"adm3_name":"Talia","adm2_name":"Baalbek","adm1_name":"Baalbek-El Hermel"}},
{"type":"Feature","geometry":{"type":"Polygon","coordinates":[[[36.098,33.9831],[36.0957,33.9836],[36.0841,33.9806],[36.085,33.9742],[36.0868,33.9691],[36.0831,33.9628],[36.0853,33.9617],[36.0897,33.9566],[36.0998,33.9541],[36.098,33.9594],[36.1033,33.9639],[36.1069,33.9637],[36.108,33.9651],[36.098,33.9831]]]},"properties":{"adm3_name":"Hizzine","adm2_name":"Baalbek","adm1_name":"Baalbek-El Hermel"}},
{"type":"Feature","geometry":{"type":"Polygon","coordinates":[[[36.1072,33.9201],[36.1051,33.9164],[36.0919,33.9208],[36.0824,33.9245],[36.0786,33.9214],[36.0871,33.9168],[36.1105,33.9067],[36.1228,33.9001],[36.1284,33.8961],[36.1357,33.8921],[36.1424,33.8967],[36.1446,33.9016],[36.1355,33.9053],[36.1331,33.9087],[36.1315,33.9134],[36.1189,33.9173],[36.1072,33.9201]]]},"properties":{"adm3_name":"Khodr Baalbek","adm2_name":"Baalbek","adm1_name":"Baalbek-El Hermel"}},
{"type":"Feature","geometry":{"type":"Polygon","coordinates":[[[36.0786,33.9214],[36.0745,33.9181],[36.0729,33.9188],[36.069,33.9159],[36.0723,33.9142],[36.0819,33.9046],[36.0937,33.8969],[36.0919,33.8922],[36.0977,33.8916],[36.0982,33.8885],[36.1026,33.8854],[36.1006,33.8838],[36.1068,33.8822],[36.1064,33.8789],[36.1024,33.8761],[36.0942,33.8732],[36.0925,33.8684],[36.0967,33.8655],[36.0956,33.8633],[36.1003,33.8602],[36.11,33.86],[36.111,33.8636],[36.115,33.8658],[36.1151,33.8689],[36.125,33.8751],[36.1342,33.8703],[36.1388,33.8744],[36.1382,33.8807],[36.139,33.8855],[36.1357,33.8897],[36.1357,33.8921],[36.1284,33.8961],[36.1228,33.9001],[36.1105,33.9067],[36.0871,33.9168],[36.0786,33.9214]]]},"properties":{"adm3_name":"Nabi Chit","adm2_name":"Baalbek","adm1_name":"Baalbek-El Hermel"}},
{"type":"Feature","geometry":{"type":"Polygon","coordinates":[[[36.11,33.86],[36.1003,33.8602],[36.0909,33.8574],[36.0882,33.8543],[36.0884,33.851],[36.0832,33.8454],[36.0827,33.8415],[36.0799,33.8367],[36.0788,33.8322],[36.0746,33.8293],[36.0789,33.8284],[36.0713,33.8235],[36.0703,33.821],[36.0759,33.8226],[36.0788,33.8211],[36.0837,33.8155],[36.0867,33.8139],[36.0871,33.817],[36.09,33.8166],[36.0977,33.8186],[36.0984,33.8196],[36.1064,33.8217],[36.1128,33.8265],[36.115,33.8318],[36.1144,33.8335],[36.1147,33.8412],[36.1164,33.8451],[36.1139,33.8501],[36.1117,33.8508],[36.1126,33.8549],[36.1098,33.8565],[36.11,33.86]]]},"properties":{"adm3_name":"Jenta","adm2_name":"Baalbek","adm1_name":"Baalbek-El Hermel"}},
{"type":"Feature","geometry":{"type":"Polygon","coordinates":[[[36.1342,33.8703],[36.125,33.8751],[36.1151,33.8689],[36.115,33.8658],[36.111,33.8636],[36.11,33.86],[36.1098,33.8565],[36.1126,33.8549],[36.1117,33.8508],[36.1139,33.8501],[36.1164,33.8451],[36.1147,33.8412],[36.1223,33.8363],[36.135,33.833],[36.1381,33.8332],[36.1464,33.8445],[36.1489,33.8474],[36.148,33.85],[36.1503,33.8515],[36.1483,33.8559],[36.1529,33.8584],[36.1484,33.8632],[36.1476,33.8655],[36.1434,33.8691],[36.1387,33.8688],[36.1342,33.8703]]]},"properties":{"adm3_name":"Yahfoufa","adm2_name":"Baalbek","adm1_name":"Baalbek-El Hermel"}},
{"type":"Feature","geometry":{"type":"Polygon","coordinates":[[[36.1107,33.9351],[36.1122,33.9278],[36.1075,33.9207],[36.1072,33.9201],[36.1189,33.9173],[36.1315,33.9134],[36.1331,33.9087],[36.1355,33.9053],[36.1446,33.9016],[36.148,33.9053],[36.1505,33.9014],[36.1533,33.9003],[36.1542,33.8972],[36.1603,33.8969],[36.1652,33.8952],[36.1736,33.8949],[36.1841,33.8954],[36.1953,33.8948],[36.1994,33.8967],[36.205,33.8924],[36.2018,33.8888],[36.2054,33.8862],[36.2132,33.8855],[36.2188,33.8919],[36.2226,33.8946],[36.2338,33.8896],[36.2391,33.8851],[36.2417,33.8876],[36.2453,33.8877],[36.2425,33.8933],[36.245,33.8963],[36.2438,33.9014],[36.238,33.9052],[36.2354,33.9039],[36.2281,33.9046],[36.2242,33.9034],[36.2204,33.904],[36.2188,33.8993],[36.2141,33.8974],[36.2094,33.8997],[36.2035,33.9007],[36.1968,33.8997],[36.1929,33.9017],[36.1935,33.9081],[36.1906,33.9115],[36.185,33.9135],[36.1817,33.9121],[36.1712,33.9149],[36.1605,33.9138],[36.1536,33.9149],[36.1517,33.9177],[36.1525,33.9252],[36.1497,33.9273],[36.1465,33.9271],[36.1457,33.9328],[36.1391,33.9324],[36.1263,33.9339],[36.1144,33.934],[36.1107,33.9351]]]},"properties":{"adm3_name":"Haour Taala","adm2_name":"Baalbek","adm1_name":"Baalbek-El Hermel"}},
{"type":"Feature","geometry":{"type":"Polygon","coordinates":[[[36.1069,33.9637],[36.1033,33.9639],[36.098,33.9594],[36.0998,33.9541],[36.1055,33.9518],[36.1045,33.9488],[36.114,33.9456],[36.1147,33.9437],[36.1104,33.9362],[36.1107,33.9351],[36.1144,33.934],[36.1263,33.9339],[36.1391,33.9324],[36.1457,33.9328],[36.1465,33.9271],[36.1497,33.9273],[36.1525,33.9252],[36.1517,33.9177],[36.1536,33.9149],[36.1605,33.9138],[36.1712,33.9149],[36.1817,33.9121],[36.185,33.9135],[36.1906,33.9115],[36.1935,33.9081],[36.1929,33.9017],[36.1968,33.8997],[36.2035,33.9007],[36.2094,33.8997],[36.2116,33.9011],[36.2157,33.9099],[36.2193,33.9139],[36.2217,33.918],[36.2227,33.9223],[36.2271,33.9289],[36.225,33.9301],[36.2288,33.9342],[36.2329,33.9407],[36.2445,33.9545],[36.2411,33.9568],[36.2376,33.953],[36.2363,33.9572],[36.2337,33.9592],[36.2269,33.9582],[36.216,33.9551],[36.2087,33.951],[36.1984,33.9509],[36.1929,33.9449],[36.1891,33.9431],[36.1817,33.946],[36.1777,33.9453],[36.1755,33.9471],[36.171,33.943],[36.1623,33.9455],[36.16,33.9493],[36.1553,33.9498],[36.1416,33.9526],[36.1377,33.9547],[36.1262,33.9568],[36.1243,33.9582],[36.1162,33.96],[36.1069,33.9637]]]},"properties":{"adm3_name":"Brital","adm2_name":"Baalbek","adm1_name":"Baalbek-El Hermel"}},
{"type":"Feature","geometry":{"type":"Polygon","coordinates":[[[36.1446,33.9016],[36.1424,33.8967],[36.1357,33.8921],[36.1357,33.8897],[36.139,33.8855],[36.1382,33.8807],[36.1388,33.8744],[36.1342,33.8703],[36.1387,33.8688],[36.1434,33.8691],[36.1476,33.8655],[36.1484,33.8632],[36.1529,33.8584],[36.1603,33.8561],[36.1629,33.8491],[36.1652,33.8474],[36.1686,33.8498],[36.1723,33.8526],[36.1782,33.8588],[36.1814,33.864],[36.1861,33.8659],[36.1893,33.8685],[36.1927,33.873],[36.2018,33.8888],[36.205,33.8924],[36.1994,33.8967],[36.1953,33.8948],[36.1841,33.8954],[36.1736,33.8949],[36.1652,33.8952],[36.1603,33.8969],[36.1542,33.8972],[36.1533,33.9003],[36.1505,33.9014],[36.148,33.9053],[36.1446,33.9016]]]},"properties":{"adm3_name":"Khreibet Baalbek","adm2_name":"Baalbek","adm1_name":"Baalbek-El Hermel"}},
{"type":"Feature","geometry":{"type":"Polygon","coordinates":[[[36.0172,34.0888],[36.014,34.0912],[36.0077,34.0898],[36.003,34.0879],[35.9962,34.0872],[35.9904,34.0876],[35.9842,34.0858],[35.9774,34.0575],[35.9746,34.0477],[35.9681,34.0385],[35.9733,34.0349],[35.975,34.0297],[35.9772,34.0283],[35.985,34.0395],[35.989,34.0444],[35.9942,34.049],[35.996,34.0525],[36.0089,34.0728],[36.0114,34.0805],[36.0172,34.0888]]]},"properties":{"adm3_name":"Mazraat beit Mchaik","adm2_name":"Baalbek","adm1_name":"Baalbek-El Hermel"}},
{"type":"Feature","geometry":{"type":"Polygon","coordinates":[[[36.0352,34.1004],[36.0261,34.1],[36.0263,34.0958],[36.025,34.0931],[36.0273,34.0877],[36.0227,34.0858],[36.0199,34.0885],[36.0172,34.0888],[36.0114,34.0805],[36.0089,34.0728],[35.996,34.0525],[35.9942,34.049],[36.0007,34.0449],[36.0062,34.0436],[36.0131,34.04],[36.0197,34.0387],[36.0247,34.0377],[36.0314,34.0352],[36.0351,34.0357],[36.0418,34.0346],[36.0483,34.0317],[36.0522,34.0331],[36.0722,34.0323],[36.0749,34.0353],[36.0927,34.0308],[36.094,34.0252],[36.1084,34.022],[36.1128,34.0354],[36.1103,34.0431],[36.1127,34.0505],[36.1155,34.056],[36.1058,34.061],[36.108,34.0639],[36.1049,34.0675],[36.1064,34.0694],[36.098,34.0728],[36.0843,34.0762],[36.0887,34.0813],[36.0812,34.0842],[36.0753,34.0874],[36.0725,34.0912],[36.0659,34.094],[36.0634,34.0973],[36.0569,34.0978],[36.0526,34.1],[36.0421,34.0991],[36.0352,34.1004]]]},"properties":{"adm3_name":"Bouday","adm2_name":"Baalbek","adm1_name":"Baalbek-El Hermel"}},
{"type":"Feature","geometry":{"type":"Polygon","coordinates":[[[36.227,33.846],[36.2229,33.8478],[36.2204,33.8472],[36.213,33.851],[36.2087,33.8546],[36.2057,33.8596],[36.1997,33.8609],[36.1949,33.8599],[36.1903,33.8604],[36.1889,33.8644],[36.1861,33.8659],[36.1814,33.864],[36.1782,33.8588],[36.1723,33.8526],[36.1686,33.8498],[36.1691,33.8476],[36.1751,33.8405],[36.1823,33.8383],[36.1905,33.8431],[36.1947,33.8415],[36.198,33.8376],[36.1991,33.8339],[36.2056,33.8322],[36.209,33.8339],[36.2138,33.8341],[36.2161,33.838],[36.2202,33.8344],[36.226,33.8405],[36.227,33.846]]]},"properties":{"adm3_name":"Maaraboun","adm2_name":"Baalbek","adm1_name":"Baalbek-El Hermel"}},
{"type":"Feature","geometry":{"type":"Polygon","coordinates":[[[36.2132,33.8855],[36.2054,33.8862],[36.2018,33.8888],[36.1927,33.873],[36.1893,33.8685],[36.1861,33.8659],[36.1889,33.8644],[36.1903,33.8604],[36.1949,33.8599],[36.1997,33.8609],[36.2057,33.8596],[36.2087,33.8546],[36.213,33.851],[36.2204,33.8472],[36.2229,33.8478],[36.227,33.846],[36.2386,33.8418],[36.24,33.8456],[36.2429,33.8483],[36.2442,33.8527],[36.2465,33.8549],[36.2472,33.8558],[36.2472,33.8588],[36.2418,33.8619],[36.2349,33.8638],[36.2362,33.8703],[36.2346,33.8717],[36.2308,33.879],[36.2284,33.8819],[36.2178,33.8839],[36.2132,33.8855]]]},"properties":{"adm3_name":"Ham","adm2_name":"Baalbek","adm1_name":"Baalbek-El Hermel"}},
{"type":"Feature","geometry":{"type":"Polygon","coordinates":[[[36.2217,33.918],[36.2193,33.9139],[36.2157,33.9099],[36.2116,33.9011],[36.2094,33.8997],[36.2141,33.8974],[36.2188,33.8993],[36.2204,33.904],[36.2242,33.9034],[36.2281,33.9046],[36.2354,33.9039],[36.238,33.9052],[36.2438,33.9014],[36.245,33.8963],[36.2425,33.8933],[36.2453,33.8877],[36.2417,33.8876],[36.2391,33.8851],[36.2338,33.8896],[36.2226,33.8946],[36.2188,33.8919],[36.2132,33.8855],[36.2178,33.8839],[36.2284,33.8819],[36.2308,33.879],[36.2346,33.8717],[36.2362,33.8703],[36.2349,33.8638],[36.2418,33.8619],[36.2472,33.8588],[36.2472,33.8558],[36.2491,33.8596],[36.2532,33.8642],[36.2539,33.8694],[36.2559,33.88],[36.262,33.8836],[36.2681,33.8886],[36.2779,33.903],[36.2676,33.9078],[36.2569,33.9089],[36.253,33.9105],[36.2468,33.909],[36.2391,33.9099],[36.2355,33.9132],[36.2376,33.9177],[36.2314,33.9179],[36.2267,33.9139],[36.2217,33.918]]]},"properties":{"adm3_name":"Aain El-Barnaya","adm2_name":"Baalbek","adm1_name":"Baalbek-El Hermel"}},
{"type":"Feature","geometry":{"type":"Polygon","coordinates":[[[36.1233,34.0852],[36.1216,34.0871],[36.1153,34.0869],[36.1087,34.0898],[36.101,34.0895],[36.1006,34.096],[36.1019,34.0986],[36.0975,34.1017],[36.0878,34.1053],[36.0832,34.1078],[36.0743,34.1074],[36.0683,34.1041],[36.066,34.0999],[36.0634,34.0973],[36.0659,34.094],[36.0725,34.0912],[36.0753,34.0874],[36.0812,34.0842],[36.0887,34.0813],[36.0843,34.0762],[36.098,34.0728],[36.1064,34.0694],[36.1049,34.0675],[36.108,34.0639],[36.1058,34.061],[36.1155,34.056],[36.1226,34.055],[36.1215,34.0622],[36.1296,34.057],[36.1309,34.0638],[36.1361,34.0717],[36.1376,34.077],[36.132,34.0814],[36.1233,34.0852]]]},"properties":{"adm3_name":"Chlifa","adm2_name":"Baalbek","adm1_name":"Baalbek-El Hermel"}},
{"type":"Feature","geometry":{"type":"Polygon","coordinates":[[[36.2964,33.929],[36.2866,33.9308],[36.2829,33.9359],[36.2827,33.9377],[36.2685,33.9391],[36.2589,33.9367],[36.2532,33.9373],[36.2489,33.9386],[36.244,33.9388],[36.2399,33.9365],[36.2386,33.9342],[36.2353,33.9338],[36.2313,33.9303],[36.2271,33.9289],[36.2227,33.9223],[36.2217,33.918],[36.2267,33.9139],[36.2314,33.9179],[36.2376,33.9177],[36.2355,33.9132],[36.2391,33.9099],[36.2468,33.909],[36.253,33.9105],[36.2569,33.9089],[36.2676,33.9078],[36.2779,33.903],[36.278,33.9031],[36.2893,33.9172],[36.2964,33.929]]]},"properties":{"adm3_name":"Chaaibeh","adm2_name":"Baalbek","adm1_name":"Baalbek-El Hermel"}},
{"type":"Feature","geometry":{"type":"Polygon","coordinates":[[[36.244,33.9388],[36.2388,33.939],[36.2329,33.9407],[36.2288,33.9342],[36.225,33.9301],[36.2271,33.9289],[36.2313,33.9303],[36.2353,33.9338],[36.2386,33.9342],[36.2399,33.9365],[36.244,33.9388]]]},"properties":{"adm3_name":"Nabi Chbay","adm2_name":"Baalbek","adm1_name":"Baalbek-El Hermel"}},
{"type":"Feature","geometry":{"type":"Polygon","coordinates":[[[36.3474,33.8303],[36.3483,33.8372],[36.3462,33.8405],[36.3445,33.8495],[36.3413,33.8539],[36.3392,33.8537],[36.3365,33.8577],[36.3287,33.8606],[36.3263,33.8674],[36.3233,33.8707],[36.3171,33.8727],[36.3091,33.8771],[36.3011,33.8749],[36.2961,33.8723],[36.2838,33.8706],[36.2724,33.87],[36.2646,33.8705],[36.2539,33.8694],[36.2532,33.8642],[36.2491,33.8596],[36.2472,33.8558],[36.2465,33.8549],[36.2494,33.8532],[36.2506,33.8563],[36.2531,33.8575],[36.258,33.8553],[36.2677,33.8533],[36.2799,33.8519],[36.2814,33.8476],[36.2847,33.8452],[36.2896,33.844],[36.2933,33.841],[36.2966,33.8401],[36.3028,33.8365],[36.3105,33.8352],[36.316,33.8335],[36.3222,33.8323],[36.3255,33.8362],[36.3306,33.835],[36.3427,33.8309],[36.3474,33.8303]]]},"properties":{"adm3_name":"Aain Ej-Jaouz Baalbek","adm2_name":"Baalbek","adm1_name":"Baalbek-El Hermel"}},
{"type":"Feature","geometry":{"type":"Polygon","coordinates":[[[36.3857,33.8571],[36.3702,33.8656],[36.3546,33.8714],[36.3431,33.8761],[36.337,33.8745],[36.3292,33.8789],[36.3091,33.8876],[36.2991,33.8888],[36.2988,33.8856],[36.2944,33.8843],[36.2869,33.8842],[36.2838,33.8825],[36.2806,33.8859],[36.2745,33.8858],[36.2681,33.8886],[36.262,33.8836],[36.2559,33.88],[36.2539,33.8694],[36.2646,33.8705],[36.2724,33.87],[36.2838,33.8706],[36.2961,33.8723],[36.3011,33.8749],[36.3091,33.8771],[36.3171,33.8727],[36.3233,33.8707],[36.3263,33.8674],[36.3287,33.8606],[36.3365,33.8577],[36.3392,33.8537],[36.3413,33.8539],[36.3445,33.8495],[36.3462,33.8405],[36.3483,33.8372],[36.3474,33.8303],[36.3535,33.8306],[36.367,33.8336],[36.3858,33.8286],[36.3895,33.8289],[36.3941,33.8325],[36.3947,33.8347],[36.3936,33.8452],[36.3883,33.8497],[36.3857,33.8571]]]},"properties":{"adm3_name":"Tfail","adm2_name":"Baalbek","adm1_name":"Baalbek-El Hermel"}},
{"type":"Feature","geometry":{"type":"Polygon","coordinates":[[[36.4967,34.4544],[36.4978,34.4561],[36.4944,34.4555],[36.4945,34.4543],[36.4967,34.4544]]]},"properties":{"adm3_name":"Litige","adm2_name":"El Hermel","adm1_name":"Baalbek-El Hermel"}},
{"type":"Feature","geometry":{"type":"Polygon","coordinates":[[[36.2463,34.4341],[36.2483,34.4367],[36.2492,34.441],[36.2459,34.4435],[36.2423,34.4442],[36.2425,34.4353],[36.2463,34.4341]]]},"properties":{"adm3_name":"Litige","adm2_name":"El Hermel","adm1_name":"Baalbek-El Hermel"}},
{"type":"Feature","geometry":{"type":"Polygon","coordinates":[[[36.5599,34.4007],[36.5596,34.4044],[36.5547,34.4167],[36.5594,34.402],[36.5599,34.4007]]]},"properties":{"adm3_name":"Litige","adm2_name":"Baalbek","adm1_name":"Baalbek-El Hermel"}},
{"type":"Feature","geometry":{"type":"Polygon","coordinates":[[[36.4475,34.4865],[36.4451,34.4937],[36.4408,34.5003],[36.4379,34.5031],[36.4326,34.4984],[36.4192,34.4973],[36.4112,34.4989],[36.4071,34.4983],[36.4055,34.5014],[36.3991,34.5004],[36.3967,34.499],[36.3873,34.4962],[36.3867,34.4939],[36.3889,34.4911],[36.3776,34.4866],[36.3734,34.4855],[36.3628,34.4812],[36.3578,34.4785],[36.3614,34.4727],[36.362,34.4665],[36.361,34.4619],[36.3623,34.4597],[36.3665,34.4571],[36.3737,34.4548],[36.3798,34.4445],[36.3808,34.4394],[36.3773,34.4294],[36.3766,34.425],[36.3783,34.4206],[36.3773,34.418],[36.3701,34.4161],[36.3663,34.4136],[36.3597,34.405],[36.355,34.4004],[36.3514,34.3992],[36.3504,34.3945],[36.3473,34.3941],[36.3457,34.3905],[36.343,34.3881],[36.3451,34.386],[36.3523,34.3861],[36.3569,34.3829],[36.3604,34.3777],[36.3603,34.3737],[36.3626,34.371],[36.3572,34.3686],[36.3576,34.3666],[36.3547,34.3586],[36.3546,34.3549],[36.3527,34.3523],[36.3527,34.3492],[36.35,34.346],[36.344,34.3416],[36.3415,34.3388],[36.3393,34.3332],[36.3395,34.3309],[36.3518,34.3295],[36.356,34.3309],[36.3672,34.3316],[36.3714,34.3414],[36.37,34.3467],[36.3733,34.3525],[36.3764,34.3563],[36.3915,34.3557],[36.3933,34.3574],[36.3986,34.3587],[36.4019,34.3619],[36.4049,34.3618],[36.4161,34.3649],[36.4239,34.3744],[36.4251,34.3801],[36.4294,34.391],[36.4448,34.4043],[36.4537,34.4079],[36.457,34.4133],[36.4695,34.4231],[36.4756,34.4267],[36.4813,34.4363],[36.4841,34.4478],[36.4881,34.4456],[36.4926,34.4459],[36.4958,34.4495],[36.4931,34.4524],[36.4967,34.4544],[36.4945,34.4543],[36.4944,34.4555],[36.4978,34.4561],[36.502,34.4598],[36.502,34.4626],[36.4951,34.4592],[36.4876,34.4573],[36.4836,34.4579],[36.4801,34.4601],[36.4742,34.4608],[36.4708,34.4602],[36.4679,34.4628],[36.465,34.4626],[36.4604,34.4685],[36.4561,34.472],[36.4546,34.4761],[36.4503,34.4819],[36.4462,34.4834],[36.4475,34.4865]]]},"properties":{"adm3_name":"Hermel","adm2_name":"El Hermel","adm1_name":"Baalbek-El Hermel"}},
{"type":"Feature","geometry":{"type":"Polygon","coordinates":[[[36.2441,34.3937],[36.2417,34.394],[36.2452,34.3999],[36.2463,34.405],[36.25,34.4067],[36.2548,34.4124],[36.2562,34.4166],[36.2598,34.4218],[36.2642,34.4356],[36.2637,34.439],[36.2645,34.4448],[36.271,34.4485],[36.2753,34.4546],[36.2755,34.4578],[36.2831,34.4672],[36.2859,34.4677],[36.2893,34.4715],[36.2889,34.4785],[36.276,34.4701],[36.2711,34.4698],[36.2706,34.4677],[36.2643,34.4644],[36.261,34.4598],[36.2567,34.4583],[36.2508,34.4579],[36.2462,34.4593],[36.2429,34.4574],[36.2408,34.4543],[36.24,34.4505],[36.2423,34.4442],[36.2459,34.4435],[36.2492,34.441],[36.2483,34.4367],[36.2463,34.4341],[36.2476,34.4326],[36.2483,34.4247],[36.2451,34.4219],[36.244,34.4184],[36.2351,34.418],[36.2325,34.4202],[36.2307,34.425],[36.2279,34.4206],[36.2181,34.4172],[36.2153,34.42],[36.202,34.4175],[36.198,34.4156],[36.194,34.4158],[36.1864,34.4129],[36.1738,34.4179],[36.1586,34.4201],[36.1555,34.4192],[36.1518,34.4202],[36.145,34.42],[36.1425,34.4217],[36.1426,34.4145],[36.1483,34.4088],[36.1515,34.4028],[36.1554,34.3991],[36.158,34.3982],[36.1656,34.3918],[36.1704,34.393],[36.1751,34.3899],[36.1786,34.3902],[36.1811,34.3882],[36.1797,34.3839],[36.1807,34.3806],[36.1796,34.3769],[36.1823,34.3713],[36.181,34.3691],[36.184,34.3631],[36.1829,34.3581],[36.1801,34.351],[36.1801,34.3465],[36.1864,34.3483],[36.1939,34.3533],[36.1987,34.3549],[36.1995,34.3588],[36.2049,34.3631],[36.2101,34.3658],[36.2164,34.3735],[36.2261,34.3734],[36.2299,34.3762],[36.2351,34.3863],[36.2393,34.3878],[36.243,34.391],[36.2441,34.3937]]]},"properties":{"adm3_name":"Michaa Mrajhineh","adm2_name":"El Hermel","adm1_name":"Baalbek-El Hermel"}},
{"type":"Feature","geometry":{"type":"Polygon","coordinates":[[[36.2947,34.4117],[36.2972,34.4084],[36.2945,34.4034],[36.2916,34.4031],[36.2879,34.3999],[36.2856,34.3876],[36.2792,34.3855],[36.276,34.3836],[36.2783,34.3817],[36.28,34.3766],[36.2753,34.3713],[36.2771,34.3673],[36.2739,34.3652],[36.272,34.3609],[36.2683,34.3574],[36.2686,34.3471],[36.2703,34.3436],[36.2673,34.3407],[36.2636,34.3354],[36.2543,34.3296],[36.2499,34.3283],[36.2452,34.3243],[36.2582,34.3172],[36.262,34.3169],[36.2654,34.315],[36.2707,34.3163],[36.2729,34.3151],[36.2879,34.3229],[36.2914,34.3224],[36.2992,34.3253],[36.3037,34.3301],[36.3071,34.3301],[36.3112,34.3351],[36.3185,34.3401],[36.3211,34.3402],[36.329,34.3376],[36.3308,34.3337],[36.3354,34.3312],[36.3395,34.3309],[36.3393,34.3332],[36.3415,34.3388],[36.344,34.3416],[36.35,34.346],[36.3527,34.3492],[36.3527,34.3523],[36.3546,34.3549],[36.3547,34.3586],[36.3576,34.3666],[36.3572,34.3686],[36.3626,34.371],[36.3603,34.3737],[36.3604,34.3777],[36.3569,34.3829],[36.3523,34.3861],[36.3451,34.386],[36.343,34.3881],[36.3457,34.3905],[36.3473,34.3941],[36.3504,34.3945],[36.3514,34.3992],[36.355,34.4004],[36.3597,34.405],[36.3663,34.4136],[36.3701,34.4161],[36.3773,34.418],[36.3783,34.4206],[36.3766,34.425],[36.3773,34.4294],[36.3808,34.4394],[36.3798,34.4445],[36.3737,34.4548],[36.3665,34.4571],[36.3576,34.4567],[36.3463,34.4493],[36.3381,34.4491],[36.326,34.4461],[36.3214,34.4436],[36.3177,34.4443],[36.3106,34.4339],[36.3114,34.4294],[36.3043,34.4238],[36.3004,34.4176],[36.2986,34.4124],[36.2947,34.4117]]]},"properties":{"adm3_name":"Zighrine","adm2_name":"El Hermel","adm1_name":"Baalbek-El Hermel"}},
{"type":"Feature","geometry":{"type":"Polygon","coordinates":[[[36.3484,34.5097],[36.344,34.508],[36.3375,34.504],[36.3365,34.5074],[36.3362,34.5148],[36.3304,34.5219],[36.3281,34.5185],[36.3237,34.5176],[36.3215,34.5145],[36.3156,34.5154],[36.308,34.509],[36.3052,34.5049],[36.3055,34.498],[36.3013,34.4955],[36.2972,34.4959],[36.2947,34.4935],[36.2922,34.4835],[36.2889,34.4785],[36.2893,34.4715],[36.2859,34.4677],[36.2831,34.4672],[36.2755,34.4578],[36.2753,34.4546],[36.271,34.4485],[36.2645,34.4448],[36.2637,34.439],[36.2642,34.4356],[36.2598,34.4218],[36.2562,34.4166],[36.2548,34.4124],[36.25,34.4067],[36.2463,34.405],[36.2452,34.3999],[36.2417,34.394],[36.2441,34.3937],[36.246,34.3968],[36.251,34.3992],[36.2624,34.4084],[36.2696,34.4092],[36.2751,34.4087],[36.281,34.405],[36.2848,34.4051],[36.2858,34.4074],[36.2947,34.4117],[36.2986,34.4124],[36.3004,34.4176],[36.3043,34.4238],[36.3114,34.4294],[36.3106,34.4339],[36.3177,34.4443],[36.3214,34.4436],[36.326,34.4461],[36.3381,34.4491],[36.3463,34.4493],[36.3576,34.4567],[36.3665,34.4571],[36.3623,34.4597],[36.361,34.4619],[36.362,34.4665],[36.3614,34.4727],[36.3578,34.4785],[36.3628,34.4812],[36.3734,34.4855],[36.3776,34.4866],[36.3889,34.4911],[36.3867,34.4939],[36.3873,34.4962],[36.3845,34.5028],[36.3755,34.5002],[36.3759,34.5033],[36.3639,34.503],[36.359,34.5044],[36.3553,34.5072],[36.353,34.5069],[36.3484,34.5097]]]},"properties":{"adm3_name":"Charbine El-Hermel","adm2_name":"El Hermel","adm1_name":"Baalbek-El Hermel"}},
{"type":"Feature","geometry":{"type":"Polygon","coordinates":[[[36.3395,34.3309],[36.3354,34.3312],[36.3308,34.3337],[36.329,34.3376],[36.3211,34.3402],[36.3185,34.3401],[36.3112,34.3351],[36.3071,34.3301],[36.3037,34.3301],[36.2992,34.3253],[36.2914,34.3224],[36.2879,34.3229],[36.2729,34.3151],[36.2707,34.3163],[36.2654,34.315],[36.262,34.3169],[36.2582,34.3172],[36.2452,34.3243],[36.2399,34.3276],[36.2234,34.3341],[36.2163,34.3354],[36.214,34.3347],[36.207,34.3259],[36.2006,34.3136],[36.1922,34.3011],[36.1886,34.2971],[36.1817,34.2919],[36.1792,34.2868],[36.1753,34.2828],[36.1835,34.2839],[36.1882,34.2827],[36.1921,34.2832],[36.1947,34.2816],[36.1997,34.2816],[36.2035,34.2802],[36.2108,34.2794],[36.2182,34.28],[36.2204,34.282],[36.2239,34.2826],[36.2302,34.2853],[36.2353,34.2859],[36.2397,34.2889],[36.2475,34.2894],[36.2563,34.2935],[36.2586,34.2956],[36.2672,34.2977],[36.2724,34.2947],[36.2771,34.2952],[36.286,34.2937],[36.2932,34.294],[36.2996,34.2958],[36.3036,34.294],[36.3051,34.2891],[36.3134,34.2873],[36.3234,34.2876],[36.3286,34.2926],[36.3322,34.2999],[36.3315,34.3072],[36.3316,34.3171],[36.3332,34.3265],[36.3395,34.3309]]]},"properties":{"adm3_name":"Ras Baalbek El Gharbi","adm2_name":"El Hermel","adm1_name":"Baalbek-El Hermel"}},
{"type":"Feature","geometry":{"type":"Polygon","coordinates":[[[36.3672,34.3316],[36.356,34.3309],[36.3518,34.3295],[36.3395,34.3309],[36.3332,34.3265],[36.3316,34.3171],[36.3315,34.3072],[36.3322,34.2999],[36.3286,34.2926],[36.3234,34.2876],[36.3203,34.2844],[36.3258,34.2824],[36.3354,34.2776],[36.3399,34.2719],[36.3474,34.267],[36.3492,34.271],[36.3525,34.2742],[36.3543,34.278],[36.3611,34.2875],[36.3608,34.2902],[36.3642,34.2957],[36.363,34.2997],[36.3672,34.3037],[36.3668,34.3089],[36.3682,34.3253],[36.3666,34.3276],[36.3672,34.3316]]]},"properties":{"adm3_name":"Ras Baalbek Ouadi Faara","adm2_name":"El Hermel","adm1_name":"Baalbek-El Hermel"}},
{"type":"Feature","geometry":{"type":"Polygon","coordinates":[[[36.3056,34.2824],[36.3083,34.2844],[36.3051,34.2891],[36.3036,34.294],[36.2996,34.2958],[36.2932,34.294],[36.286,34.2937],[36.2771,34.2952],[36.2724,34.2947],[36.2672,34.2977],[36.2586,34.2956],[36.2563,34.2935],[36.2475,34.2894],[36.2397,34.2889],[36.2353,34.2859],[36.2302,34.2853],[36.2239,34.2826],[36.2204,34.282],[36.2182,34.28],[36.2108,34.2794],[36.2035,34.2802],[36.1997,34.2816],[36.1947,34.2816],[36.1921,34.2832],[36.1882,34.2827],[36.1835,34.2839],[36.1753,34.2828],[36.1696,34.2822],[36.1688,34.2806],[36.1579,34.2762],[36.1583,34.2753],[36.1642,34.2693],[36.1691,34.2672],[36.181,34.2647],[36.188,34.2664],[36.1942,34.2641],[36.2051,34.2645],[36.2078,34.2632],[36.2278,34.2626],[36.2293,34.2636],[36.2372,34.2644],[36.2434,34.2637],[36.2457,34.2661],[36.254,34.268],[36.2583,34.2701],[36.2653,34.2702],[36.2686,34.2705],[36.2697,34.2728],[36.2742,34.2758],[36.2816,34.2761],[36.2833,34.2796],[36.2863,34.2803],[36.2926,34.284],[36.301,34.2851],[36.3056,34.2824]]]},"properties":{"adm3_name":"Ouadi Faara","adm2_name":"El Hermel","adm1_name":"Baalbek-El Hermel"}},
{"type":"Feature","geometry":{"type":"Polygon","coordinates":[[[36.2452,34.3243],[36.2499,34.3283],[36.2543,34.3296],[36.2636,34.3354],[36.2673,34.3407],[36.2703,34.3436],[36.2686,34.3471],[36.2683,34.3574],[36.272,34.3609],[36.2739,34.3652],[36.2771,34.3673],[36.2753,34.3713],[36.28,34.3766],[36.2783,34.3817],[36.276,34.3836],[36.2792,34.3855],[36.2856,34.3876],[36.2879,34.3999],[36.2916,34.4031],[36.2945,34.4034],[36.2972,34.4084],[36.2947,34.4117],[36.2858,34.4074],[36.2848,34.4051],[36.281,34.405],[36.2751,34.4087],[36.2696,34.4092],[36.2624,34.4084],[36.251,34.3992],[36.246,34.3968],[36.2441,34.3937],[36.243,34.391],[36.2393,34.3878],[36.2351,34.3863],[36.2299,34.3762],[36.2261,34.3734],[36.2164,34.3735],[36.2101,34.3658],[36.2049,34.3631],[36.1995,34.3588],[36.1987,34.3549],[36.1939,34.3533],[36.1864,34.3483],[36.1801,34.3465],[36.1767,34.3436],[36.1698,34.3427],[36.1648,34.341],[36.162,34.3368],[36.1581,34.3288],[36.1536,34.3235],[36.1488,34.3139],[36.1442,34.3125],[36.1402,34.3082],[36.1399,34.3008],[36.1406,34.2989],[36.1374,34.297],[36.1362,34.294],[36.1382,34.2873],[36.1517,34.2879],[36.1571,34.283],[36.1579,34.2762],[36.1688,34.2806],[36.1696,34.2822],[36.1753,34.2828],[36.1792,34.2868],[36.1817,34.2919],[36.1886,34.2971],[36.1922,34.3011],[36.2006,34.3136],[36.207,34.3259],[36.214,34.3347],[36.2163,34.3354],[36.2234,34.3341],[36.2399,34.3276],[36.2452,34.3243]]]},"properties":{"adm3_name":"Hermel Jbab","adm2_name":"El Hermel","adm1_name":"Baalbek-El Hermel"}},
{"type":"Feature","geometry":{"type":"Polygon","coordinates":[[[36.3056,34.2824],[36.301,34.2851],[36.2926,34.284],[36.2863,34.2803],[36.2833,34.2796],[36.2816,34.2761],[36.2742,34.2758],[36.2697,34.2728],[36.2686,34.2705],[36.2653,34.2702],[36.2695,34.2698],[36.2755,34.2644],[36.2834,34.2651],[36.2872,34.262],[36.2973,34.259],[36.297,34.261],[36.301,34.2677],[36.3054,34.2697],[36.3084,34.2731],[36.3071,34.2806],[36.3056,34.2824]]]},"properties":{"adm3_name":"Maaysra El-Hermel","adm2_name":"El Hermel","adm1_name":"Baalbek-El Hermel"}},
{"type":"Feature","geometry":{"type":"Polygon","coordinates":[[[36.265,34.2339],[36.2688,34.2335],[36.274,34.2298],[36.2827,34.2295],[36.2869,34.2269],[36.2935,34.2264],[36.3011,34.2274],[36.3079,34.23],[36.3076,34.2361],[36.3106,34.2425],[36.3054,34.2455],[36.2986,34.2482],[36.2942,34.2467],[36.2952,34.2432],[36.2934,34.2408],[36.2756,34.2394],[36.2684,34.2371],[36.265,34.2339]]]},"properties":{"adm3_name":"Kharayeb El-Hermel","adm2_name":"Baalbek","adm1_name":"Baalbek-El Hermel"}},
{"type":"Feature","geometry":{"type":"Polygon","coordinates":[[[36.2942,34.2467],[36.2872,34.2473],[36.2807,34.2461],[36.2738,34.2469],[36.2722,34.2494],[36.2621,34.2509],[36.2592,34.2505],[36.2494,34.2523],[36.2442,34.2519],[36.2406,34.2493],[36.2383,34.2495],[36.2289,34.2537],[36.2197,34.2533],[36.2049,34.255],[36.1971,34.2571],[36.1878,34.2577],[36.1788,34.2592],[36.1814,34.2572],[36.1837,34.2516],[36.1911,34.2468],[36.2004,34.2439],[36.2221,34.2443],[36.2224,34.2434],[36.2325,34.2418],[36.2434,34.2378],[36.2481,34.2354],[36.2541,34.2358],[36.2581,34.2327],[36.265,34.2339],[36.2684,34.2371],[36.2756,34.2394],[36.2934,34.2408],[36.2952,34.2432],[36.2942,34.2467]]]},"properties":{"adm3_name":"Ouadi El-Aaoss","adm2_name":"Baalbek","adm1_name":"Baalbek-El Hermel"}},
{"type":"Feature","geometry":{"type":"Polygon","coordinates":[[[35.9648,33.6756],[35.9643,33.6815],[35.9612,33.6892],[35.956,33.6861],[35.9477,33.6837],[35.9441,33.688],[35.9429,33.685],[35.9397,33.6844],[35.9438,33.6774],[35.9459,33.6773],[35.9488,33.6724],[35.9534,33.6749],[35.9562,33.6733],[35.9648,33.6756]]]},"properties":{"adm3_name":"Litige","adm2_name":"Rachaya","adm1_name":"Bekaa"}},
{"type":"Feature","geometry":{"type":"Polygon","coordinates":[[[36.0543,33.5926],[36.0513,33.5893],[36.0422,33.588],[36.0383,33.5865],[36.0244,33.588],[36.0196,33.591],[36.0136,33.5935],[36.0108,33.592],[36.0074,33.5935],[36.0004,33.5938],[36.0007,33.5899],[35.9974,33.5878],[35.9947,33.5833],[35.993,33.5769],[35.9899,33.5725],[35.9867,33.5718],[35.9902,33.5693],[36.0028,33.5678],[36.0079,33.5652],[36.0152,33.5673],[36.0171,33.5669],[36.0265,33.5712],[36.0281,33.5732],[36.034,33.5758],[36.0378,33.5754],[36.0464,33.5796],[36.0518,33.5768],[36.0554,33.5771],[36.0577,33.5802],[36.061,33.5765],[36.0535,33.5678],[36.0619,33.5736],[36.0658,33.5773],[36.0657,33.5805],[36.0621,33.5827],[36.0605,33.5885],[36.0566,33.5922],[36.0543,33.5926]]]},"properties":{"adm3_name":"Litige","adm2_name":"Rachaya","adm1_name":"Bekaa"}},
{"type":"Feature","geometry":{"type":"Polygon","coordinates":[[[35.7764,33.5588],[35.7714,33.5601],[35.7758,33.5583],[35.7764,33.5588]]]},"properties":{"adm3_name":"Litige","adm2_name":"Rachaya","adm1_name":"Bekaa"}},
{"type":"Feature","geometry":{"type":"Polygon","coordinates":[[[35.7778,33.55],[35.7773,33.551],[35.7763,33.5489],[35.7778,33.55]]]},"properties":{"adm3_name":"Litige","adm2_name":"Rachaya","adm1_name":"Bekaa"}},
{"type":"Feature","geometry":{"type":"Polygon","coordinates":[[[35.8651,33.5347],[35.8721,33.5427],[35.8676,33.5418],[35.8676,33.5385],[35.8651,33.5347]]]},"properties":{"adm3_name":"Litige","adm2_name":"Rachaya","adm1_name":"Bekaa"}},
{"type":"Feature","geometry":{"type":"Polygon","coordinates":[[[35.8289,33.4911],[35.8323,33.4958],[35.8274,33.4984],[35.822,33.4983],[35.8248,33.4962],[35.8295,33.4959],[35.8289,33.4911]]]},"properties":{"adm3_name":"Litige","adm2_name":"Rachaya","adm1_name":"Bekaa"}},
{"type":"Feature","geometry":{"type":"Polygon","coordinates":[[[35.9052,33.4453],[35.8964,33.4549],[35.892,33.4621],[35.8877,33.4649],[35.8809,33.4672],[35.8794,33.4706],[35.8766,33.4727],[35.8762,33.4776],[35.8735,33.4794],[35.8717,33.4784],[35.8726,33.4667],[35.8802,33.4651],[35.8796,33.4553],[35.8732,33.4501],[35.8711,33.4462],[35.8777,33.4465],[35.8904,33.4382],[35.898,33.4341],[35.8973,33.4375],[35.8982,33.4418],[35.9033,33.4452],[35.9052,33.4453]]]},"properties":{"adm3_name":"Litige","adm2_name":"Rachaya","adm1_name":"Bekaa"}},
{"type":"Feature","geometry":{"type":"Polygon","coordinates":[[[35.7993,33.4592],[35.795,33.4625],[35.7904,33.4631],[35.7889,33.4727],[35.7922,33.4763],[35.7868,33.4767],[35.787,33.4689],[35.7859,33.4655],[35.7922,33.4612],[35.7958,33.4567],[35.7985,33.4562],[35.7993,33.4592]]]},"properties":{"adm3_name":"Litige","adm2_name":"Rachaya","adm1_name":"Bekaa"}},
{"type":"Feature","geometry":{"type":"Polygon","coordinates":[[[35.9381,33.4627],[35.9308,33.4577],[35.9315,33.4576],[35.9379,33.4622],[35.9381,33.4627]]]},"properties":{"adm3_name":"Litige","adm2_name":"Rachaya","adm1_name":"Bekaa"}},
{"type":"Feature","geometry":{"type":"Polygon","coordinates":[[[35.8639,33.4181],[35.8583,33.4189],[35.8427,33.4287],[35.8229,33.4433],[35.8186,33.4431],[35.8148,33.44],[35.8143,33.4374],[35.8159,33.4345],[35.8121,33.4279],[35.8064,33.4232],[35.8065,33.4181],[35.8114,33.4162],[35.8015,33.415],[35.7862,33.4159],[35.773,33.4171],[35.7773,33.4111],[35.7769,33.4067],[35.7808,33.4054],[35.786,33.4069],[35.7885,33.4031],[35.7812,33.3935],[35.7757,33.3827],[35.7747,33.3817],[35.7744,33.3773],[35.7638,33.3635],[35.7674,33.3618],[35.77,33.3579],[35.7766,33.3554],[35.7764,33.3524],[35.7808,33.3499],[35.7851,33.3493],[35.7886,33.3467],[35.7958,33.3454],[35.7993,33.3494],[35.8047,33.3531],[35.8133,33.3554],[35.8171,33.3588],[35.8181,33.3644],[35.8159,33.3713],[35.8183,33.3751],[35.8194,33.38],[35.8198,33.387],[35.8224,33.3925],[35.8269,33.3972],[35.8334,33.4005],[35.8446,33.4071],[35.8639,33.4181]]]},"properties":{"adm3_name":"Litige","adm2_name":"Rachaya","adm1_name":"Bekaa"}},
{"type":"Feature","geometry":{"type":"MultiPolygon","coordinates":[[[[35.8188,33.5392],[35.8036,33.543],[35.7985,33.5434],[35.7908,33.5383],[35.7912,33.5346],[35.793,33.5328],[35.7882,33.5287],[35.7861,33.5253],[35.7838,33.5256],[35.7815,33.5231],[35.7885,33.5186],[35.79,33.5216],[35.7958,33.5252],[35.8008,33.5216],[35.805,33.5202],[35.8169,33.5189],[35.8225,33.5139],[35.8271,33.5107],[35.8281,33.5043],[35.8254,33.5033],[35.822,33.4983],[35.8274,33.4984],[35.8323,33.4958],[35.8289,33.4911],[35.827,33.4861],[35.822,33.4792],[35.8208,33.4757],[35.817,33.4708],[35.8147,33.4708],[35.813,33.4686],[35.8118,33.463],[35.8056,33.4513],[35.8069,33.4485],[35.8004,33.4439],[35.805,33.4369],[35.8143,33.4374],[35.8148,33.44],[35.8186,33.4431],[35.8229,33.4433],[35.8427,33.4287],[35.8583,33.4189],[35.8639,33.4181],[35.8781,33.4233],[35.8826,33.4257],[35.8909,33.4318],[35.898,33.4341],[35.8904,33.4382],[35.8777,33.4465],[35.8711,33.4462],[35.8732,33.4501],[35.8796,33.4553],[35.8802,33.4651],[35.8726,33.4667],[35.8717,33.4784],[35.8735,33.4794],[35.8715,33.4823],[35.8671,33.4846],[35.8636,33.488],[35.8638,33.4919],[35.8613,33.4986],[35.8636,33.5057],[35.8697,33.5064],[35.8636,33.5109],[35.8641,33.5148],[35.8599,33.5157],[35.8585,33.5177],[35.8623,33.5216],[35.858,33.5264],[35.8494,33.5186],[35.844,33.5161],[35.8321,33.5253],[35.8279,33.5257],[35.8259,33.5289],[35.8225,33.5315],[35.8175,33.5372],[35.8188,33.5392]]],[[[35.7997,33.5024],[35.801,33.5041],[35.7966,33.5068],[35.7906,33.5143],[35.7864,33.51],[35.783,33.5079],[35.7834,33.5058],[35.7852,33.5064],[35.7928,33.5044],[35.7966,33.5023],[35.7997,33.5024]]]]},"properties":{"adm3_name":"Rachaiya","adm2_name":"Rachaya","adm1_name":"Bekaa"}},
{"type":"Feature","geometry":{"type":"Polygon","coordinates":[[[35.7906,33.5143],[35.7966,33.5068],[35.801,33.5041],[35.7997,33.5024],[35.8055,33.5018],[35.8102,33.5],[35.8173,33.5018],[35.822,33.4983],[35.8254,33.5033],[35.8281,33.5043],[35.8271,33.5107],[35.8225,33.5139],[35.8169,33.5189],[35.805,33.5202],[35.8008,33.5216],[35.7958,33.5252],[35.79,33.5216],[35.7885,33.5186],[35.7906,33.5143]]]},"properties":{"adm3_name":"Aaqabet Rachaya","adm2_name":"Rachaya","adm1_name":"Bekaa"}},
{"type":"Feature","geometry":{"type":"Polygon","coordinates":[[[35.8623,33.5216],[35.8585,33.5177],[35.8599,33.5157],[35.8641,33.5148],[35.8636,33.5109],[35.8697,33.5064],[35.8636,33.5057],[35.8613,33.4986],[35.8638,33.4919],[35.8636,33.488],[35.8671,33.4846],[35.8715,33.4823],[35.8735,33.4794],[35.8762,33.4776],[35.8766,33.4727],[35.8794,33.4706],[35.8809,33.4672],[35.8877,33.4649],[35.892,33.4621],[35.8964,33.4549],[35.9052,33.4453],[35.9091,33.4448],[35.9128,33.4461],[35.9192,33.4533],[35.9308,33.4577],[35.9381,33.4627],[35.9412,33.4706],[35.9446,33.4723],[35.941,33.4794],[35.9449,33.4811],[35.9491,33.4811],[35.9492,33.4834],[35.9403,33.4854],[35.9384,33.4878],[35.934,33.4985],[35.9326,33.5079],[35.9333,33.5122],[35.9286,33.5141],[35.9233,33.5103],[35.9157,33.5116],[35.9126,33.5101],[35.9059,33.5111],[35.9025,33.5148],[35.8978,33.5154],[35.8851,33.5222],[35.8798,33.5196],[35.8765,33.524],[35.8739,33.5246],[35.87,33.5221],[35.8652,33.5238],[35.8623,33.5216]]]},"properties":{"adm3_name":"Aayha","adm2_name":"Rachaya","adm1_name":"Bekaa"}},
{"type":"Feature","geometry":{"type":"Polygon","coordinates":[[[35.7997,33.5024],[35.7966,33.5023],[35.7928,33.5044],[35.7852,33.5064],[35.7834,33.5058],[35.7811,33.5022],[35.7742,33.4955],[35.7805,33.4898],[35.7843,33.4936],[35.7889,33.4963],[35.7982,33.4891],[35.8031,33.4909],[35.8075,33.4884],[35.8064,33.4828],[35.8109,33.4809],[35.811,33.4786],[35.8087,33.4752],[35.8131,33.4741],[35.8147,33.4708],[35.817,33.4708],[35.8208,33.4757],[35.822,33.4792],[35.827,33.4861],[35.8289,33.4911],[35.8295,33.4959],[35.8248,33.4962],[35.822,33.4983],[35.8173,33.5018],[35.8102,33.5],[35.8055,33.5018],[35.7997,33.5024]]]},"properties":{"adm3_name":"Bakkifac Rachaya","adm2_name":"Rachaya","adm1_name":"Bekaa"}},
{"type":"Feature","geometry":{"type":"Polygon","coordinates":[[[35.8262,33.5563],[35.8206,33.5487],[35.8188,33.5392],[35.8175,33.5372],[35.8225,33.5315],[35.8259,33.5289],[35.8279,33.5257],[35.8321,33.5253],[35.844,33.5161],[35.8494,33.5186],[35.858,33.5264],[35.8635,33.5314],[35.8651,33.5347],[35.8676,33.5385],[35.8676,33.5418],[35.8657,33.542],[35.8623,33.542],[35.8522,33.5458],[35.8452,33.5457],[35.8421,33.5418],[35.8353,33.541],[35.8332,33.543],[35.8266,33.5444],[35.8249,33.5463],[35.8246,33.5502],[35.8294,33.5503],[35.8353,33.5526],[35.8372,33.5544],[35.8332,33.5541],[35.8262,33.5563]]]},"properties":{"adm3_name":"Dahr El-Ahmar","adm2_name":"Rachaya","adm1_name":"Bekaa"}},
{"type":"Feature","geometry":{"type":"Polygon","coordinates":[[[35.7775,33.4809],[35.7828,33.4798],[35.7925,33.4811],[35.7959,33.4798],[35.7985,33.4807],[35.8025,33.4798],[35.8058,33.4759],[35.8087,33.4752],[35.811,33.4786],[35.8109,33.4809],[35.8064,33.4828],[35.8075,33.4884],[35.8031,33.4909],[35.7982,33.4891],[35.7889,33.4963],[35.7843,33.4936],[35.7805,33.4898],[35.7787,33.4896],[35.7746,33.4853],[35.7775,33.4809]]]},"properties":{"adm3_name":"Beit Lahia","adm2_name":"Rachaya","adm1_name":"Bekaa"}},
{"type":"Feature","geometry":{"type":"Polygon","coordinates":[[[35.7868,33.4767],[35.7922,33.4763],[35.7889,33.4727],[35.7904,33.4631],[35.795,33.4625],[35.7993,33.4592],[35.8036,33.4605],[35.8065,33.46],[35.8095,33.4636],[35.8118,33.463],[35.813,33.4686],[35.8147,33.4708],[35.8131,33.4741],[35.8087,33.4752],[35.8058,33.4759],[35.8025,33.4798],[35.7985,33.4807],[35.7959,33.4798],[35.7925,33.4811],[35.7828,33.4798],[35.7868,33.4767]]]},"properties":{"adm3_name":"Tannoura","adm2_name":"Rachaya","adm1_name":"Bekaa"}},
{"type":"Feature","geometry":{"type":"Polygon","coordinates":[[[35.9308,33.585],[35.9262,33.5861],[35.9213,33.5839],[35.9177,33.5843],[35.9099,33.5814],[35.909,33.5854],[35.9029,33.5828],[35.9025,33.5768],[35.8976,33.5733],[35.8933,33.5684],[35.8893,33.5623],[35.8852,33.5605],[35.8832,33.5581],[35.8784,33.5568],[35.8747,33.5542],[35.8685,33.548],[35.8657,33.542],[35.8676,33.5418],[35.8721,33.5427],[35.8651,33.5347],[35.8635,33.5314],[35.858,33.5264],[35.8623,33.5216],[35.8652,33.5238],[35.87,33.5221],[35.8739,33.5246],[35.8765,33.524],[35.8798,33.5196],[35.8851,33.5222],[35.8978,33.5154],[35.9025,33.5148],[35.9059,33.5111],[35.9126,33.5101],[35.9157,33.5116],[35.9233,33.5103],[35.9286,33.5141],[35.9333,33.5122],[35.9427,33.5181],[35.9422,33.5209],[35.9447,33.5241],[35.9557,33.5285],[35.9691,33.533],[35.972,33.5334],[35.9688,33.5382],[35.9695,33.5409],[35.9743,33.5428],[35.9801,33.5427],[35.9825,33.5444],[35.9745,33.5471],[35.9704,33.5511],[35.9718,33.5557],[35.9635,33.5617],[35.9634,33.5648],[35.9599,33.5673],[35.9535,33.5647],[35.9496,33.5652],[35.945,33.5691],[35.9424,33.5726],[35.9407,33.5783],[35.9373,33.5789],[35.9335,33.5811],[35.9308,33.585]]]},"properties":{"adm3_name":"Kfar Qouq","adm2_name":"Rachaya","adm1_name":"Bekaa"}},
{"type":"Feature","geometry":{"type":"Polygon","coordinates":[[[35.8692,33.5658],[35.8572,33.5603],[35.8545,33.5601],[35.8477,33.5548],[35.8459,33.5556],[35.8372,33.5544],[35.8353,33.5526],[35.8294,33.5503],[35.8246,33.5502],[35.8249,33.5463],[35.8266,33.5444],[35.8332,33.543],[35.8353,33.541],[35.8421,33.5418],[35.8452,33.5457],[35.8522,33.5458],[35.8623,33.542],[35.8657,33.542],[35.8685,33.548],[35.8747,33.5542],[35.8784,33.5568],[35.8754,33.5594],[35.8756,33.5624],[35.8737,33.5655],[35.8692,33.5658]]]},"properties":{"adm3_name":"Kfar Denis","adm2_name":"Rachaya","adm1_name":"Bekaa"}},
{"type":"Feature","geometry":{"type":"Polygon","coordinates":[[[35.7823,33.586],[35.7801,33.5839],[35.7777,33.5773],[35.7749,33.5758],[35.7698,33.5693],[35.7715,33.5656],[35.7714,33.5601],[35.7764,33.5588],[35.7785,33.5582],[35.7773,33.551],[35.7778,33.55],[35.786,33.5428],[35.7864,33.5403],[35.7908,33.5383],[35.7985,33.5434],[35.8036,33.543],[35.8188,33.5392],[35.8206,33.5487],[35.8262,33.5563],[35.8255,33.5584],[35.8199,33.5591],[35.8163,33.5605],[35.8164,33.5631],[35.8092,33.5627],[35.8058,33.5642],[35.8012,33.5701],[35.7913,33.5762],[35.7894,33.5799],[35.7854,33.5811],[35.7823,33.586]]]},"properties":{"adm3_name":"Mhaiydseh Rachaiya","adm2_name":"Rachaya","adm1_name":"Bekaa"}},
{"type":"Feature","geometry":{"type":"Polygon","coordinates":[[[35.7763,33.5489],[35.7737,33.5478],[35.7663,33.5401],[35.7636,33.5333],[35.7668,33.5257],[35.774,33.5233],[35.7809,33.5235],[35.7838,33.5256],[35.7861,33.5253],[35.7882,33.5287],[35.793,33.5328],[35.7912,33.5346],[35.7908,33.5383],[35.7864,33.5403],[35.786,33.5428],[35.7778,33.55],[35.7763,33.5489]]]},"properties":{"adm3_name":"Kaoukaba Bou Arab","adm2_name":"Rachaya","adm1_name":"Bekaa"}},
{"type":"Feature","geometry":{"type":"Polygon","coordinates":[[[35.7828,33.4798],[35.7775,33.4809],[35.7789,33.4769],[35.7767,33.4713],[35.7717,33.4694],[35.7669,33.4597],[35.7611,33.4557],[35.759,33.4541],[35.7637,33.4504],[35.7672,33.4503],[35.7718,33.4485],[35.7722,33.4452],[35.7819,33.4427],[35.7925,33.445],[35.7942,33.4449],[35.7984,33.4511],[35.7985,33.4562],[35.7958,33.4567],[35.7922,33.4612],[35.7859,33.4655],[35.787,33.4689],[35.7868,33.4767],[35.7828,33.4798]]]},"properties":{"adm3_name":"Aain Rouha","adm2_name":"Rachaya","adm1_name":"Bekaa"}},
{"type":"Feature","geometry":{"type":"Polygon","coordinates":[[[35.8543,33.6024],[35.8507,33.5968],[35.8473,33.5956],[35.8423,33.5963],[35.8393,33.5941],[35.8342,33.5861],[35.8285,33.5874],[35.8275,33.5814],[35.8309,33.5798],[35.8332,33.5772],[35.8314,33.574],[35.83,33.563],[35.8255,33.5584],[35.8262,33.5563],[35.8332,33.5541],[35.8372,33.5544],[35.8459,33.5556],[35.8477,33.5548],[35.8545,33.5601],[35.8572,33.5603],[35.8692,33.5658],[35.8718,33.5688],[35.8694,33.5734],[35.8659,33.5737],[35.8632,33.5768],[35.8651,33.5819],[35.8686,33.5853],[35.8677,33.589],[35.8607,33.5962],[35.8587,33.5999],[35.8543,33.6024]]]},"properties":{"adm3_name":"Khirbet Rouha","adm2_name":"Rachaya","adm1_name":"Bekaa"}},
{"type":"Feature","geometry":{"type":"Polygon","coordinates":[[[35.7838,33.5256],[35.7809,33.5235],[35.774,33.5233],[35.7668,33.5257],[35.7636,33.5333],[35.7594,33.5291],[35.7587,33.5246],[35.7516,33.5231],[35.7448,33.5223],[35.7408,33.5201],[35.7341,33.5193],[35.732,33.5206],[35.7255,33.521],[35.7192,33.5231],[35.7159,33.5258],[35.7122,33.5251],[35.708,33.527],[35.7093,33.5225],[35.7075,33.519],[35.7083,33.5138],[35.7106,33.5115],[35.7077,33.5033],[35.7076,33.499],[35.7034,33.4952],[35.7111,33.4886],[35.7212,33.4979],[35.7302,33.5043],[35.7411,33.5147],[35.7431,33.5159],[35.7515,33.5123],[35.7563,33.5025],[35.7614,33.4992],[35.7619,33.4963],[35.7583,33.4927],[35.7544,33.4912],[35.7541,33.4858],[35.7634,33.4927],[35.77,33.4971],[35.7742,33.4955],[35.7811,33.5022],[35.7834,33.5058],[35.783,33.5079],[35.7864,33.51],[35.7906,33.5143],[35.7885,33.5186],[35.7815,33.5231],[35.7838,33.5256]]]},"properties":{"adm3_name":"Kfar Lichki","adm2_name":"Rachaya","adm1_name":"Bekaa"}},
{"type":"Feature","geometry":{"type":"Polygon","coordinates":[[[35.7851,33.5954],[35.782,33.5935],[35.7767,33.5931],[35.7823,33.586],[35.7854,33.5811],[35.7894,33.5799],[35.7913,33.5762],[35.8012,33.5701],[35.8058,33.5642],[35.8092,33.5627],[35.8164,33.5631],[35.8163,33.5605],[35.8199,33.5591],[35.8255,33.5584],[35.83,33.563],[35.8314,33.574],[35.8332,33.5772],[35.8309,33.5798],[35.829,33.5758],[35.8246,33.5774],[35.8218,33.5754],[35.8197,33.5772],[35.816,33.5766],[35.8076,33.5822],[35.7978,33.5847],[35.7938,33.5885],[35.7851,33.5954]]]},"properties":{"adm3_name":"Rafid Rachaiya","adm2_name":"Rachaya","adm1_name":"Bekaa"}},
{"type":"Feature","geometry":{"type":"Polygon","coordinates":[[[35.7805,33.4898],[35.7742,33.4955],[35.77,33.4971],[35.7634,33.4927],[35.7541,33.4858],[35.7445,33.4792],[35.751,33.4738],[35.7578,33.4697],[35.7585,33.4666],[35.7552,33.4641],[35.759,33.4602],[35.7606,33.4563],[35.7611,33.4557],[35.7669,33.4597],[35.7717,33.4694],[35.7767,33.4713],[35.7789,33.4769],[35.7775,33.4809],[35.7746,33.4853],[35.7787,33.4896],[35.7805,33.4898]]]},"properties":{"adm3_name":"Haouch El Qinnabeh Rachaiya","adm2_name":"Rachaya","adm1_name":"Bekaa"}},
{"type":"Feature","geometry":{"type":"Polygon","coordinates":[[[35.8471,33.6252],[35.846,33.6205],[35.8432,33.6184],[35.8395,33.6179],[35.836,33.6116],[35.8314,33.6111],[35.8281,33.6095],[35.8248,33.6054],[35.8246,33.5995],[35.8229,33.598],[35.8189,33.6017],[35.8165,33.6002],[35.8123,33.6023],[35.813,33.6071],[35.8023,33.6094],[35.8007,33.6108],[35.7991,33.6091],[35.7933,33.6086],[35.7897,33.6057],[35.7878,33.5982],[35.7851,33.5954],[35.7938,33.5885],[35.7978,33.5847],[35.8076,33.5822],[35.816,33.5766],[35.8197,33.5772],[35.8218,33.5754],[35.8246,33.5774],[35.829,33.5758],[35.8309,33.5798],[35.8275,33.5814],[35.8285,33.5874],[35.8342,33.5861],[35.8393,33.5941],[35.8423,33.5963],[35.8473,33.5956],[35.8507,33.5968],[35.8543,33.6024],[35.8521,33.6036],[35.86,33.6096],[35.8649,33.6111],[35.8694,33.6141],[35.8777,33.6226],[35.8825,33.6272],[35.8787,33.6293],[35.8741,33.6278],[35.8649,33.6268],[35.8627,33.6288],[35.8527,33.6249],[35.8471,33.6252]]]},"properties":{"adm3_name":"Biret Rachaiya","adm2_name":"Rachaya","adm1_name":"Bekaa"}},
{"type":"Feature","geometry":{"type":"Polygon","coordinates":[[[35.9018,33.5985],[35.8947,33.5978],[35.8906,33.5948],[35.8839,33.5926],[35.875,33.5872],[35.8686,33.5853],[35.8651,33.5819],[35.8632,33.5768],[35.8659,33.5737],[35.8694,33.5734],[35.8718,33.5688],[35.8692,33.5658],[35.8737,33.5655],[35.8756,33.5624],[35.8754,33.5594],[35.8784,33.5568],[35.8832,33.5581],[35.8852,33.5605],[35.8893,33.5623],[35.8933,33.5684],[35.8976,33.5733],[35.9025,33.5768],[35.9029,33.5828],[35.909,33.5854],[35.913,33.5877],[35.9104,33.5897],[35.91,33.5933],[35.9068,33.5953],[35.9018,33.5985]]]},"properties":{"adm3_name":"Aain Aarab Rachaiya","adm2_name":"Rachaya","adm1_name":"Bekaa"}},
{"type":"Feature","geometry":{"type":"Polygon","coordinates":[[[35.8118,33.463],[35.8095,33.4636],[35.8065,33.46],[35.8036,33.4605],[35.7993,33.4592],[35.7985,33.4562],[35.7984,33.4511],[35.7942,33.4449],[35.7925,33.445],[35.7819,33.4427],[35.7722,33.4452],[35.7718,33.4485],[35.7672,33.4503],[35.7637,33.4504],[35.759,33.4541],[35.7611,33.4557],[35.7606,33.4563],[35.7572,33.4547],[35.7562,33.4508],[35.7533,33.4487],[35.7551,33.4415],[35.759,33.439],[35.7588,33.4348],[35.7675,33.4292],[35.7669,33.4261],[35.7687,33.4235],[35.773,33.4171],[35.7862,33.4159],[35.8015,33.415],[35.8114,33.4162],[35.8065,33.4181],[35.8064,33.4232],[35.8121,33.4279],[35.8159,33.4345],[35.8143,33.4374],[35.805,33.4369],[35.8004,33.4439],[35.8069,33.4485],[35.8056,33.4513],[35.8118,33.463]]]},"properties":{"adm3_name":"Aain Aata","adm2_name":"Rachaya","adm1_name":"Bekaa"}},
{"type":"Feature","geometry":{"type":"Polygon","coordinates":[[[35.7714,33.5601],[35.7706,33.558],[35.7666,33.5575],[35.7629,33.5593],[35.7575,33.5576],[35.753,33.5587],[35.7451,33.5523],[35.7406,33.5524],[35.7389,33.5544],[35.7345,33.5494],[35.7294,33.5486],[35.7256,33.5455],[35.717,33.5412],[35.7082,33.5422],[35.7064,33.5413],[35.6965,33.541],[35.6924,33.5435],[35.6928,33.5386],[35.6882,33.5366],[35.6865,33.5297],[35.6892,33.5298],[35.6998,33.5291],[35.708,33.527],[35.7122,33.5251],[35.7159,33.5258],[35.7192,33.5231],[35.7255,33.521],[35.732,33.5206],[35.7341,33.5193],[35.7408,33.5201],[35.7448,33.5223],[35.7516,33.5231],[35.7587,33.5246],[35.7594,33.5291],[35.7636,33.5333],[35.7663,33.5401],[35.7737,33.5478],[35.7763,33.5489],[35.7773,33.551],[35.7785,33.5582],[35.7764,33.5588],[35.7758,33.5583],[35.7714,33.5601]]]},"properties":{"adm3_name":"Majdel Balhis","adm2_name":"Rachaya","adm1_name":"Bekaa"}},
{"type":"Feature","geometry":{"type":"Polygon","coordinates":[[[35.9247,33.6146],[35.9262,33.61],[35.9211,33.6055],[35.9219,33.6021],[35.9128,33.6003],[35.9068,33.5953],[35.91,33.5933],[35.9104,33.5897],[35.913,33.5877],[35.909,33.5854],[35.9099,33.5814],[35.9177,33.5843],[35.9213,33.5839],[35.9262,33.5861],[35.9308,33.585],[35.9321,33.5873],[35.9369,33.5905],[35.9391,33.595],[35.9368,33.601],[35.9342,33.6024],[35.9346,33.6072],[35.9335,33.6105],[35.935,33.6129],[35.933,33.6148],[35.9339,33.6201],[35.9297,33.6169],[35.9247,33.6146]]]},"properties":{"adm3_name":"Bakka","adm2_name":"Rachaya","adm1_name":"Bekaa"}},
{"type":"Feature","geometry":{"type":"Polygon","coordinates":[[[35.9349,33.6226],[35.9314,33.6264],[35.9242,33.6282],[35.9189,33.6274],[35.9145,33.625],[35.9019,33.6215],[35.8972,33.6196],[35.8945,33.6172],[35.8913,33.6186],[35.8854,33.6161],[35.883,33.617],[35.8777,33.6226],[35.8694,33.6141],[35.8649,33.6111],[35.86,33.6096],[35.8521,33.6036],[35.8543,33.6024],[35.8587,33.5999],[35.8607,33.5962],[35.8677,33.589],[35.8686,33.5853],[35.875,33.5872],[35.8839,33.5926],[35.8906,33.5948],[35.8947,33.5978],[35.9018,33.5985],[35.9057,33.6001],[35.897,33.6047],[35.9056,33.6095],[35.9106,33.6094],[35.9128,33.6108],[35.9189,33.6121],[35.9247,33.6146],[35.9297,33.6169],[35.9339,33.6201],[35.9349,33.6226]]]},"properties":{"adm3_name":"Mdoukha","adm2_name":"Rachaya","adm1_name":"Bekaa"}},
{"type":"Feature","geometry":{"type":"MultiPolygon","coordinates":[[[[35.9789,33.6372],[35.9728,33.6391],[35.9709,33.6371],[35.9654,33.635],[35.9521,33.6349],[35.9503,33.637],[35.9456,33.6372],[35.9432,33.6385],[35.9377,33.6392],[35.9386,33.6387],[35.9411,33.6301],[35.938,33.6277],[35.9377,33.6251],[35.9349,33.6226],[35.9339,33.6201],[35.933,33.6148],[35.935,33.6129],[35.9335,33.6105],[35.9346,33.6072],[35.9342,33.6024],[35.9368,33.601],[35.9391,33.595],[35.9369,33.5905],[35.9321,33.5873],[35.9308,33.585],[35.9335,33.5811],[35.9373,33.5789],[35.9407,33.5783],[35.9424,33.5726],[35.945,33.5691],[35.9496,33.5652],[35.9535,33.5647],[35.9599,33.5673],[35.9635,33.5677],[35.969,33.5733],[35.9804,33.5756],[35.9824,33.5751],[35.9805,33.5773],[35.981,33.5798],[35.9765,33.5815],[35.9797,33.5867],[35.991,33.5857],[35.9904,33.5901],[35.9913,33.5929],[35.995,33.5925],[35.997,33.5944],[36.0004,33.5938],[35.9997,33.5949],[35.99,33.5998],[35.9911,33.6047],[35.9825,33.6057],[35.9769,33.6087],[35.9755,33.6124],[35.9794,33.6175],[35.9774,33.6216],[35.9748,33.6237],[35.974,33.6278],[35.9763,33.6369],[35.9789,33.6372]]],[[[35.9068,33.5953],[35.9128,33.6003],[35.9219,33.6021],[35.9211,33.6055],[35.9262,33.61],[35.9247,33.6146],[35.9189,33.6121],[35.9128,33.6108],[35.9106,33.6094],[35.9056,33.6095],[35.897,33.6047],[35.9057,33.6001],[35.9018,33.5985],[35.9068,33.5953]]]]},"properties":{"adm3_name":"Yanta","adm2_name":"Rachaya","adm1_name":"Bekaa"}},
{"type":"Feature","geometry":{"type":"Polygon","coordinates":[[[36.0535,33.5678],[36.061,33.5765],[36.0577,33.5802],[36.0554,33.5771],[36.0518,33.5768],[36.0464,33.5796],[36.0378,33.5754],[36.034,33.5758],[36.0281,33.5732],[36.0265,33.5712],[36.0171,33.5669],[36.0152,33.5673],[36.0079,33.5652],[36.0028,33.5678],[35.9902,33.5693],[35.9867,33.5718],[35.9824,33.5751],[35.9804,33.5756],[35.969,33.5733],[35.9635,33.5677],[35.9599,33.5673],[35.9634,33.5648],[35.9635,33.5617],[35.9718,33.5557],[35.9704,33.5511],[35.9745,33.5471],[35.9825,33.5444],[35.9923,33.5474],[35.9945,33.5414],[35.9999,33.5372],[36.0157,33.5426],[36.0252,33.541],[36.0304,33.5438],[36.0362,33.5504],[36.0535,33.5678]]]},"properties":{"adm3_name":"Deir El-Aachayer","adm2_name":"Rachaya","adm1_name":"Bekaa"}},
{"type":"Feature","geometry":{"type":"Polygon","coordinates":[[[36.0004,33.5938],[35.997,33.5944],[35.995,33.5925],[35.9913,33.5929],[35.9904,33.5901],[35.991,33.5857],[35.9797,33.5867],[35.9765,33.5815],[35.981,33.5798],[35.9805,33.5773],[35.9824,33.5751],[35.9867,33.5718],[35.9899,33.5725],[35.993,33.5769],[35.9947,33.5833],[35.9974,33.5878],[36.0007,33.5899],[36.0004,33.5938]]]},"properties":{"adm3_name":"Selsata (Mazraat Deir El-Aachaiyer)","adm2_name":"Rachaya","adm1_name":"Bekaa"}},
{"type":"Feature","geometry":{"type":"Polygon","coordinates":[[[35.9397,33.6844],[35.9352,33.6839],[35.9263,33.6779],[35.9203,33.6749],[35.9232,33.6739],[35.9238,33.6634],[35.9206,33.6578],[35.9142,33.6553],[35.9091,33.652],[35.9008,33.6443],[35.8957,33.6441],[35.8898,33.6421],[35.8826,33.6383],[35.8721,33.6369],[35.8664,33.6423],[35.8641,33.6422],[35.8535,33.6387],[35.8488,33.6333],[35.8502,33.6283],[35.8471,33.6252],[35.8527,33.6249],[35.8627,33.6288],[35.8649,33.6268],[35.8741,33.6278],[35.8787,33.6293],[35.8825,33.6272],[35.8777,33.6226],[35.883,33.617],[35.8854,33.6161],[35.8913,33.6186],[35.8945,33.6172],[35.8972,33.6196],[35.9019,33.6215],[35.9145,33.625],[35.9189,33.6274],[35.9242,33.6282],[35.9314,33.6264],[35.9349,33.6226],[35.9377,33.6251],[35.938,33.6277],[35.9411,33.6301],[35.9386,33.6387],[35.9377,33.6392],[35.9356,33.6435],[35.9371,33.6475],[35.9345,33.6508],[35.9414,33.6545],[35.942,33.6567],[35.9456,33.6601],[35.9459,33.6671],[35.9488,33.6724],[35.9459,33.6773],[35.9438,33.6774],[35.9397,33.6844]]]},"properties":{"adm3_name":"Aayta El-Foukhar","adm2_name":"Rachaya","adm1_name":"Bekaa"}},
{"type":"Feature","geometry":{"type":"Polygon","coordinates":[[[36.0543,33.5926],[36.0459,33.5998],[36.0419,33.6009],[36.037,33.6044],[36.0326,33.6046],[36.0323,33.6092],[36.0278,33.6128],[36.0255,33.6125],[36.0198,33.6182],[36.0139,33.6208],[36.0042,33.6222],[35.9979,33.6246],[35.9931,33.6245],[35.99,33.6258],[35.9853,33.6308],[35.9794,33.6345],[35.9789,33.6372],[35.9763,33.6369],[35.974,33.6278],[35.9748,33.6237],[35.9774,33.6216],[35.9794,33.6175],[35.9755,33.6124],[35.9769,33.6087],[35.9825,33.6057],[35.9911,33.6047],[35.99,33.5998],[35.9997,33.5949],[36.0004,33.5938],[36.0074,33.5935],[36.0108,33.592],[36.0136,33.5935],[36.0196,33.591],[36.0244,33.588],[36.0383,33.5865],[36.0422,33.588],[36.0513,33.5893],[36.0543,33.5926]]]},"properties":{"adm3_name":"Helouet Rachaiya","adm2_name":"Rachaya","adm1_name":"Bekaa"}},
{"type":"Feature","geometry":{"type":"Polygon","coordinates":[[[35.7541,33.4858],[35.7544,33.4912],[35.7583,33.4927],[35.7619,33.4963],[35.7614,33.4992],[35.7563,33.5025],[35.7515,33.5123],[35.7431,33.5159],[35.7411,33.5147],[35.7302,33.5043],[35.7212,33.4979],[35.7284,33.4925],[35.7306,33.4899],[35.7436,33.4816],[35.7403,33.478],[35.7445,33.4792],[35.7541,33.4858]]]},"properties":{"adm3_name":"Nabi Safa","adm2_name":"Rachaya","adm1_name":"Bekaa"}},
{"type":"Feature","geometry":{"type":"Polygon","coordinates":[[[35.3343,33.4576],[35.3346,33.4567],[35.339,33.4538],[35.3429,33.4534],[35.3412,33.4556],[35.3382,33.4544],[35.3343,33.4576]]]},"properties":{"adm3_name":"Litige","adm2_name":"Saida","adm1_name":"South"}},
{"type":"Feature","geometry":{"type":"Polygon","coordinates":[[[35.3943,33.5881],[35.3858,33.5892],[35.3826,33.5824],[35.3812,33.5764],[35.3753,33.5686],[35.378,33.5663],[35.3826,33.5659],[35.3871,33.5636],[35.3882,33.5703],[35.3924,33.5787],[35.3943,33.5881]]]},"properties":{"adm3_name":"Saida El-Oustani","adm2_name":"Saida","adm1_name":"South"}},
{"type":"Feature","geometry":{"type":"Polygon","coordinates":[[[35.3717,33.5662],[35.3673,33.5655],[35.3661,33.5628],[35.368,33.5596],[35.3712,33.5598],[35.3717,33.5662]]]},"properties":{"adm3_name":"Saida El-Qadimeh","adm2_name":"Saida","adm1_name":"South"}},
{"type":"Feature","geometry":{"type":"Polygon","coordinates":[[[35.3871,33.5636],[35.3826,33.5659],[35.378,33.5663],[35.3753,33.5686],[35.3717,33.5662],[35.3712,33.5598],[35.368,33.5596],[35.3683,33.5577],[35.3642,33.5554],[35.3641,33.5468],[35.3609,33.5363],[35.3687,33.5345],[35.3755,33.5337],[35.376,33.5372],[35.3797,33.5415],[35.383,33.55],[35.3795,33.5524],[35.3819,33.5555],[35.3836,33.5618],[35.3866,33.5622],[35.3871,33.5636]]]},"properties":{"adm3_name":"Saida Ed-Dekermane","adm2_name":"Saida","adm1_name":"South"}},
{"type":"Feature","geometry":{"type":"Polygon","coordinates":[[[35.3924,33.5787],[35.3882,33.5703],[35.3986,33.5698],[35.398,33.5724],[35.3958,33.5738],[35.3924,33.5787]]]},"properties":{"adm3_name":"Bramiyeh","adm2_name":"Saida","adm1_name":"South"}},
{"type":"Feature","geometry":{"type":"Polygon","coordinates":[[[35.3986,33.5698],[35.3882,33.5703],[35.3871,33.5636],[35.3866,33.5622],[35.388,33.5599],[35.3935,33.5591],[35.3959,33.5616],[35.3947,33.565],[35.3986,33.5698]]]},"properties":{"adm3_name":"Hlaliyeh Saida","adm2_name":"Saida","adm1_name":"South"}},
{"type":"Feature","geometry":{"type":"Polygon","coordinates":[[[35.3959,33.5616],[35.3935,33.5591],[35.388,33.5599],[35.3866,33.5622],[35.3836,33.5618],[35.3819,33.5555],[35.3795,33.5524],[35.383,33.55],[35.3874,33.5482],[35.3955,33.5489],[35.3991,33.548],[35.401,33.5509],[35.4043,33.5523],[35.408,33.552],[35.4102,33.5588],[35.4095,33.5616],[35.4067,33.5612],[35.4031,33.5634],[35.3959,33.5616]]]},"properties":{"adm3_name":"Haret Saida","adm2_name":"Saida","adm1_name":"South"}},
{"type":"Feature","geometry":{"type":"Polygon","coordinates":[[[35.3991,33.548],[35.3955,33.5489],[35.3874,33.5482],[35.383,33.55],[35.3797,33.5415],[35.3829,33.5417],[35.3893,33.5395],[35.3947,33.5385],[35.4,33.5355],[35.4051,33.5348],[35.405,33.5371],[35.4036,33.5397],[35.4038,33.5458],[35.3991,33.548]]]},"properties":{"adm3_name":"Miyeh ou Miyeh","adm2_name":"Saida","adm1_name":"South"}},
{"type":"Feature","geometry":{"type":"Polygon","coordinates":[[[35.4162,33.5621],[35.4187,33.5594],[35.4248,33.5559],[35.4284,33.5523],[35.4328,33.5523],[35.4305,33.5554],[35.4329,33.5573],[35.4326,33.5621],[35.4289,33.565],[35.4224,33.5668],[35.4162,33.5621]]]},"properties":{"adm3_name":"Salhiyet Saida","adm2_name":"Saida","adm1_name":"South"}},
{"type":"Feature","geometry":{"type":"Polygon","coordinates":[[[35.4326,33.5621],[35.4329,33.5573],[35.4305,33.5554],[35.4328,33.5523],[35.435,33.5517],[35.4363,33.5561],[35.4458,33.5566],[35.4452,33.5595],[35.4359,33.5613],[35.4326,33.5621]]]},"properties":{"adm3_name":"Saida Kefraya","adm2_name":"Saida","adm1_name":"South"}},
{"type":"Feature","geometry":{"type":"Polygon","coordinates":[[[35.4095,33.5616],[35.4102,33.5588],[35.408,33.552],[35.4136,33.5518],[35.4159,33.5479],[35.4198,33.5528],[35.423,33.5499],[35.4284,33.5523],[35.4248,33.5559],[35.4187,33.5594],[35.4162,33.5621],[35.4095,33.5616]]]},"properties":{"adm3_name":"Majdelyoun","adm2_name":"Saida","adm1_name":"South"}},
{"type":"Feature","geometry":{"type":"Polygon","coordinates":[[[35.398,33.5724],[35.3986,33.5698],[35.3947,33.565],[35.3959,33.5616],[35.4031,33.5634],[35.4067,33.5612],[35.4095,33.5616],[35.4162,33.5621],[35.4224,33.5668],[35.4188,33.5679],[35.4182,33.565],[35.4125,33.5672],[35.4104,33.5703],[35.403,33.5743],[35.398,33.5724]]]},"properties":{"adm3_name":"AAbra Saida","adm2_name":"Saida","adm1_name":"South"}},
{"type":"Feature","geometry":{"type":"Polygon","coordinates":[[[35.408,33.552],[35.4043,33.5523],[35.4055,33.5475],[35.4093,33.5477],[35.4101,33.5419],[35.4074,33.5367],[35.405,33.5371],[35.4051,33.5348],[35.4026,33.529],[35.4096,33.5263],[35.4158,33.5271],[35.4173,33.5253],[35.4195,33.5229],[35.424,33.5221],[35.4266,33.5248],[35.427,33.5289],[35.4302,33.53],[35.4315,33.5323],[35.4275,33.5323],[35.424,33.5352],[35.4209,33.542],[35.424,33.5448],[35.423,33.5499],[35.4198,33.5528],[35.4159,33.5479],[35.4136,33.5518],[35.408,33.552]]]},"properties":{"adm3_name":"Qraiyet Saida","adm2_name":"Saida","adm1_name":"South"}},
{"type":"Feature","geometry":{"type":"Polygon","coordinates":[[[35.3988,33.5868],[35.3943,33.5881],[35.3924,33.5787],[35.3958,33.5738],[35.398,33.5724],[35.403,33.5743],[35.4104,33.5703],[35.4125,33.5672],[35.4182,33.565],[35.4188,33.5679],[35.4224,33.5668],[35.4289,33.565],[35.4326,33.5621],[35.4359,33.5613],[35.4345,33.5662],[35.4354,33.5704],[35.4333,33.5727],[35.4289,33.5746],[35.4306,33.5769],[35.4251,33.5777],[35.4212,33.5807],[35.4179,33.5811],[35.4124,33.5811],[35.4101,33.5838],[35.4073,33.5816],[35.4042,33.5845],[35.3988,33.5868]]]},"properties":{"adm3_name":"Bqosta","adm2_name":"Saida","adm1_name":"South"}},
{"type":"Feature","geometry":{"type":"Polygon","coordinates":[[[35.4043,33.5523],[35.401,33.5509],[35.3991,33.548],[35.4038,33.5458],[35.4036,33.5397],[35.405,33.5371],[35.4074,33.5367],[35.4101,33.5419],[35.4093,33.5477],[35.4055,33.5475],[35.4043,33.5523]]]},"properties":{"adm3_name":"Aain Ed-Delb","adm2_name":"Saida","adm1_name":"South"}},
{"type":"Feature","geometry":{"type":"Polygon","coordinates":[[[35.3687,33.5345],[35.3609,33.5363],[35.3594,33.5279],[35.3546,33.5157],[35.3487,33.5083],[35.3449,33.5071],[35.3356,33.4995],[35.3347,33.4952],[35.3265,33.4885],[35.3309,33.4871],[35.3331,33.4882],[35.3369,33.4861],[35.3454,33.4902],[35.3427,33.4931],[35.343,33.4975],[35.3449,33.5013],[35.3489,33.4988],[35.3539,33.4982],[35.3566,33.4909],[35.36,33.4878],[35.3616,33.4905],[35.3645,33.4902],[35.3672,33.4955],[35.3656,33.4973],[35.3628,33.5007],[35.366,33.5027],[35.3619,33.5091],[35.363,33.5124],[35.369,33.512],[35.3724,33.5085],[35.3792,33.5108],[35.3819,33.5127],[35.3754,33.5144],[35.3758,33.5188],[35.3784,33.5205],[35.376,33.5257],[35.3718,33.5269],[35.3683,33.5296],[35.3687,33.5345]]]},"properties":{"adm3_name":"Ghaziyeh","adm2_name":"Saida","adm1_name":"South"}},
{"type":"Feature","geometry":{"type":"Polygon","coordinates":[[[35.376,33.5257],[35.3784,33.5205],[35.3758,33.5188],[35.3754,33.5144],[35.3819,33.5127],[35.3869,33.516],[35.389,33.5146],[35.3879,33.5108],[35.3933,33.5098],[35.3993,33.5051],[35.403,33.5047],[35.4051,33.5094],[35.4029,33.5116],[35.3982,33.5134],[35.3951,33.5181],[35.397,33.5198],[35.3953,33.5231],[35.3926,33.5257],[35.3867,33.5252],[35.379,33.5299],[35.376,33.5257]]]},"properties":{"adm3_name":"Maghdoucheh","adm2_name":"Saida","adm1_name":"South"}},
{"type":"Feature","geometry":{"type":"Polygon","coordinates":[[[35.4,33.5355],[35.3947,33.5385],[35.3893,33.5395],[35.3829,33.5417],[35.3797,33.5415],[35.376,33.5372],[35.3755,33.5337],[35.3687,33.5345],[35.3683,33.5296],[35.3718,33.5269],[35.376,33.5257],[35.379,33.5299],[35.3867,33.5252],[35.3926,33.5257],[35.3924,33.5312],[35.3988,33.5335],[35.4,33.5355]]]},"properties":{"adm3_name":"Darb Es-Sim","adm2_name":"Saida","adm1_name":"South"}},
{"type":"Feature","geometry":{"type":"Polygon","coordinates":[[[35.3792,33.5108],[35.3724,33.5085],[35.369,33.512],[35.363,33.5124],[35.3619,33.5091],[35.366,33.5027],[35.3666,33.5037],[35.3754,33.5033],[35.3795,33.5008],[35.3825,33.4975],[35.3911,33.4962],[35.3933,33.494],[35.4012,33.4921],[35.4023,33.495],[35.3981,33.497],[35.3922,33.5019],[35.3897,33.5056],[35.3823,33.5082],[35.3792,33.5108]]]},"properties":{"adm3_name":"Qennarit","adm2_name":"Saida","adm1_name":"South"}},
{"type":"Feature","geometry":{"type":"Polygon","coordinates":[[[35.3819,33.5127],[35.3792,33.5108],[35.3823,33.5082],[35.3897,33.5056],[35.3922,33.5019],[35.3981,33.497],[35.4023,33.495],[35.405,33.4958],[35.4088,33.498],[35.4063,33.5039],[35.403,33.5047],[35.3993,33.5051],[35.3933,33.5098],[35.3879,33.5108],[35.389,33.5146],[35.3869,33.516],[35.3819,33.5127]]]},"properties":{"adm3_name":"Zeita","adm2_name":"Saida","adm1_name":"South"}},
{"type":"Feature","geometry":{"type":"Polygon","coordinates":[[[35.4051,33.5348],[35.4,33.5355],[35.3988,33.5335],[35.3924,33.5312],[35.3926,33.5257],[35.3953,33.5231],[35.4005,33.5244],[35.4077,33.524],[35.4096,33.5263],[35.4026,33.529],[35.4051,33.5348]]]},"properties":{"adm3_name":"Zaghdraiya","adm2_name":"Saida","adm1_name":"South"}},
{"type":"Feature","geometry":{"type":"Polygon","coordinates":[[[35.4173,33.5253],[35.4158,33.5271],[35.4096,33.5263],[35.4077,33.524],[35.4005,33.5244],[35.3953,33.5231],[35.397,33.5198],[35.407,33.516],[35.4089,33.5144],[35.4157,33.5121],[35.4194,33.5099],[35.4254,33.5086],[35.4249,33.5117],[35.4263,33.5165],[35.4255,33.5187],[35.4191,33.5199],[35.4172,33.5226],[35.4173,33.5253]]]},"properties":{"adm3_name":"Tanbourit","adm2_name":"Saida","adm1_name":"South"}},
{"type":"Feature","geometry":{"type":"Polygon","coordinates":[[[35.2571,33.3381],[35.2541,33.332],[35.2597,33.3295],[35.2586,33.327],[35.2631,33.3249],[35.2691,33.3253],[35.271,33.3218],[35.2755,33.3242],[35.2832,33.324],[35.2862,33.323],[35.287,33.3205],[35.2903,33.32],[35.2915,33.3223],[35.287,33.3227],[35.2807,33.3257],[35.2788,33.3285],[35.2728,33.328],[35.2706,33.3294],[35.2665,33.3286],[35.2641,33.3305],[35.2628,33.338],[35.2656,33.339],[35.2568,33.339],[35.2571,33.3381]]]},"properties":{"adm3_name":"Jazira Saida","adm2_name":"Saida","adm1_name":"South"}},
{"type":"Feature","geometry":{"type":"Polygon","coordinates":[[[35.2508,33.3715],[35.2479,33.3634],[35.2465,33.3478],[35.2444,33.3419],[35.2448,33.3386],[35.2508,33.3398],[35.2571,33.3381],[35.2568,33.339],[35.2545,33.3414],[35.2547,33.3451],[35.2536,33.353],[35.2541,33.3573],[35.2557,33.3591],[35.2603,33.359],[35.2611,33.3602],[35.2657,33.3676],[35.2657,33.3703],[35.2629,33.3704],[35.2578,33.3727],[35.2528,33.3728],[35.2508,33.3715]]]},"properties":{"adm3_name":"Mazraat El Yahoudiyeh (Aaitaniyeh)","adm2_name":"Saida","adm1_name":"South"}},
{"type":"Feature","geometry":{"type":"Polygon","coordinates":[[[35.2603,33.359],[35.2557,33.3591],[35.2541,33.3573],[35.2536,33.353],[35.2547,33.3451],[35.2545,33.3414],[35.2568,33.339],[35.2656,33.339],[35.272,33.341],[35.2764,33.3463],[35.2756,33.3517],[35.2698,33.3521],[35.2704,33.3574],[35.2603,33.359]]]},"properties":{"adm3_name":"Mzaraat El-Ouasta","adm2_name":"Saida","adm1_name":"South"}},
{"type":"Feature","geometry":{"type":"Polygon","coordinates":[[[35.272,33.341],[35.2656,33.339],[35.2628,33.338],[35.2641,33.3305],[35.2665,33.3286],[35.2706,33.3294],[35.2728,33.328],[35.2788,33.3285],[35.2786,33.3298],[35.2844,33.3339],[35.2844,33.3362],[35.2915,33.3414],[35.2869,33.3409],[35.2854,33.3425],[35.279,33.3414],[35.272,33.341]]]},"properties":{"adm3_name":"Matariyet Ech-Choumar","adm2_name":"Saida","adm1_name":"South"}},
{"type":"Feature","geometry":{"type":"Polygon","coordinates":[[[35.2915,33.3414],[35.2844,33.3362],[35.2844,33.3339],[35.2786,33.3298],[35.2788,33.3285],[35.2807,33.3257],[35.287,33.3227],[35.2915,33.3223],[35.294,33.3247],[35.2991,33.3236],[35.3029,33.3255],[35.3078,33.3233],[35.3121,33.3282],[35.3143,33.3384],[35.3085,33.3428],[35.3033,33.3415],[35.3025,33.339],[35.298,33.339],[35.2915,33.3414]]]},"properties":{"adm3_name":"Arzai","adm2_name":"Saida","adm1_name":"South"}},
{"type":"Feature","geometry":{"type":"Polygon","coordinates":[[[35.275,33.3689],[35.2726,33.3725],[35.2698,33.3725],[35.2657,33.3703],[35.2657,33.3676],[35.2611,33.3602],[35.2682,33.3604],[35.2747,33.3628],[35.2769,33.3655],[35.275,33.3679],[35.2778,33.3695],[35.275,33.3689]]]},"properties":{"adm3_name":"Mazraat Kfar Beda","adm2_name":"Saida","adm1_name":"South"}},
{"type":"Feature","geometry":{"type":"Polygon","coordinates":[[[35.2824,33.3699],[35.286,33.3601],[35.2834,33.3539],[35.2806,33.3519],[35.2764,33.3463],[35.272,33.341],[35.279,33.3414],[35.2854,33.3425],[35.2869,33.3409],[35.2915,33.3414],[35.298,33.339],[35.3025,33.339],[35.3033,33.3415],[35.3085,33.3428],[35.3117,33.3475],[35.3106,33.3522],[35.3005,33.3581],[35.3011,33.3597],[35.2972,33.3665],[35.2945,33.3662],[35.2917,33.3684],[35.2824,33.3699]]]},"properties":{"adm3_name":"Khayayeb Saida","adm2_name":"Saida","adm1_name":"South"}},
{"type":"Feature","geometry":{"type":"Polygon","coordinates":[[[35.282,33.3703],[35.2778,33.3695],[35.275,33.3679],[35.2769,33.3655],[35.2747,33.3628],[35.2682,33.3604],[35.2611,33.3602],[35.2603,33.359],[35.2704,33.3574],[35.2698,33.3521],[35.2756,33.3517],[35.2764,33.3463],[35.2806,33.3519],[35.2834,33.3539],[35.286,33.3601],[35.2824,33.3699],[35.282,33.3703]]]},"properties":{"adm3_name":"Mazraat Jamjim","adm2_name":"Saida","adm1_name":"South"}},
{"type":"Feature","geometry":{"type":"Polygon","coordinates":[[[35.2835,33.3934],[35.2841,33.3906],[35.2773,33.3897],[35.2761,33.3852],[35.2731,33.3808],[35.2737,33.3757],[35.2754,33.3722],[35.275,33.3689],[35.2778,33.3695],[35.282,33.3703],[35.2852,33.3734],[35.2882,33.3852],[35.285,33.3894],[35.2835,33.3934]]]},"properties":{"adm3_name":"Hartiyeh","adm2_name":"Saida","adm1_name":"South"}},
{"type":"Feature","geometry":{"type":"Polygon","coordinates":[[[35.2998,33.3953],[35.2921,33.3884],[35.2882,33.3852],[35.2852,33.3734],[35.2913,33.3742],[35.2948,33.3788],[35.2957,33.3811],[35.2995,33.3839],[35.3007,33.3879],[35.3062,33.3928],[35.2998,33.3953]]]},"properties":{"adm3_name":"Mazraat El-Mhaydaleh","adm2_name":"Saida","adm1_name":"South"}},
{"type":"Feature","geometry":{"type":"Polygon","coordinates":[[[35.2948,33.3788],[35.2913,33.3742],[35.2852,33.3734],[35.282,33.3703],[35.2824,33.3699],[35.2917,33.3684],[35.2945,33.3662],[35.2948,33.3686],[35.2993,33.3697],[35.3025,33.3679],[35.3088,33.3677],[35.3113,33.3652],[35.315,33.3652],[35.3192,33.3721],[35.3178,33.3793],[35.3122,33.3786],[35.31,33.3813],[35.3056,33.3825],[35.3008,33.38],[35.2948,33.3788]]]},"properties":{"adm3_name":"Mazraat Kaoutariyet Er-Riz","adm2_name":"Saida","adm1_name":"South"}},
{"type":"Feature","geometry":{"type":"Polygon","coordinates":[[[35.2972,33.3665],[35.3011,33.3597],[35.3005,33.3581],[35.3106,33.3522],[35.3117,33.3475],[35.3085,33.3428],[35.3143,33.3384],[35.3121,33.3282],[35.3078,33.3233],[35.3093,33.3211],[35.3107,33.3236],[35.3166,33.3244],[35.3189,33.3201],[35.3236,33.3221],[35.3274,33.3209],[35.3269,33.3247],[35.3287,33.3264],[35.3325,33.3259],[35.3434,33.3264],[35.3506,33.3315],[35.3572,33.3322],[35.3589,33.3358],[35.3582,33.338],[35.3633,33.3397],[35.3625,33.3434],[35.3655,33.3444],[35.364,33.3493],[35.3666,33.3542],[35.3654,33.3557],[35.3555,33.3531],[35.3489,33.3496],[35.3463,33.3559],[35.336,33.3619],[35.3324,33.3617],[35.3273,33.3641],[35.3222,33.3612],[35.3184,33.3644],[35.3156,33.3627],[35.3089,33.3624],[35.3083,33.3646],[35.3006,33.3675],[35.2972,33.3665]]]},"properties":{"adm3_name":"Zrariyeh","adm2_name":"Saida","adm1_name":"South"}},
{"type":"Feature","geometry":{"type":"Polygon","coordinates":[[[35.2756,33.397],[35.2751,33.3932],[35.2728,33.3924],[35.2728,33.3887],[35.2761,33.3852],[35.2773,33.3897],[35.2841,33.3906],[35.2835,33.3934],[35.2798,33.397],[35.2756,33.397]]]},"properties":{"adm3_name":"Mazraat Sari","adm2_name":"Saida","adm1_name":"South"}},
{"type":"Feature","geometry":{"type":"Polygon","coordinates":[[[35.3083,33.4061],[35.3024,33.4031],[35.2988,33.4027],[35.2954,33.4075],[35.293,33.4078],[35.2896,33.403],[35.2902,33.4007],[35.2886,33.3938],[35.291,33.3921],[35.2921,33.3884],[35.2998,33.3953],[35.2974,33.397],[35.2988,33.4015],[35.3028,33.4024],[35.3083,33.4061]]]},"properties":{"adm3_name":"Mazraat Deir Taqla","adm2_name":"Saida","adm1_name":"South"}},
{"type":"Feature","geometry":{"type":"Polygon","coordinates":[[[35.3062,33.3928],[35.3007,33.3879],[35.2995,33.3839],[35.2957,33.3811],[35.2948,33.3788],[35.3008,33.38],[35.3056,33.3825],[35.31,33.3813],[35.3153,33.384],[35.3203,33.3841],[35.318,33.3869],[35.3137,33.3894],[35.322,33.3946],[35.3193,33.395],[35.3174,33.3981],[35.3114,33.3964],[35.3082,33.3967],[35.3062,33.3928]]]},"properties":{"adm3_name":"Mazraat Oussamiyat","adm2_name":"Saida","adm1_name":"South"}},
{"type":"Feature","geometry":{"type":"Polygon","coordinates":[[[35.2776,33.4262],[35.2715,33.4268],[35.2691,33.4281],[35.2678,33.4264],[35.2657,33.4157],[35.2666,33.4123],[35.2641,33.4077],[35.2624,33.4071],[35.2563,33.3978],[35.2534,33.3898],[35.2551,33.387],[35.2538,33.3824],[35.2514,33.3814],[35.2505,33.3758],[35.2508,33.3715],[35.2528,33.3728],[35.2578,33.3727],[35.2629,33.3704],[35.2657,33.3703],[35.2698,33.3725],[35.2726,33.3725],[35.275,33.3689],[35.2754,33.3722],[35.2737,33.3757],[35.2731,33.3808],[35.2761,33.3852],[35.2728,33.3887],[35.2728,33.3924],[35.2751,33.3932],[35.2756,33.397],[35.2767,33.4067],[35.2731,33.4099],[35.2724,33.4157],[35.2746,33.421],[35.2746,33.4248],[35.2776,33.4262]]]},"properties":{"adm3_name":"Aadloun","adm2_name":"Saida","adm1_name":"South"}},
{"type":"Feature","geometry":{"type":"Polygon","coordinates":[[[35.2776,33.4262],[35.2746,33.4248],[35.2746,33.421],[35.2724,33.4157],[35.2731,33.4099],[35.2767,33.4067],[35.2756,33.397],[35.2798,33.397],[35.2835,33.3934],[35.285,33.3894],[35.2882,33.3852],[35.2921,33.3884],[35.291,33.3921],[35.2886,33.3938],[35.2902,33.4007],[35.2896,33.403],[35.293,33.4078],[35.2954,33.4075],[35.2988,33.4027],[35.3024,33.4031],[35.3083,33.4061],[35.3114,33.4065],[35.3121,33.4114],[35.3075,33.4096],[35.3022,33.4112],[35.2965,33.4185],[35.2965,33.4214],[35.2955,33.4225],[35.2922,33.4246],[35.289,33.4239],[35.2868,33.4212],[35.2781,33.426],[35.2776,33.4262]]]},"properties":{"adm3_name":"Insariyeh","adm2_name":"Saida","adm1_name":"South"}},
{"type":"Feature","geometry":{"type":"Polygon","coordinates":[[[35.3478,33.4032],[35.346,33.4033],[35.3427,33.3996],[35.3447,33.3927],[35.3493,33.3886],[35.3541,33.3879],[35.3572,33.3857],[35.3582,33.3817],[35.3632,33.3773],[35.3716,33.3757],[35.3761,33.3757],[35.3827,33.3774],[35.3772,33.3782],[35.3722,33.383],[35.3698,33.3846],[35.3704,33.3912],[35.3687,33.3928],[35.363,33.3929],[35.3595,33.3957],[35.3563,33.3953],[35.3575,33.3995],[35.3493,33.4023],[35.3478,33.4032]]]},"properties":{"adm3_name":"Mazraat Sinai","adm2_name":"Saida","adm1_name":"South"}},
{"type":"Feature","geometry":{"type":"MultiPolygon","coordinates":[[[[35.29,33.4313],[35.2856,33.4332],[35.2817,33.4334],[35.2782,33.4284],[35.2781,33.426],[35.2868,33.4212],[35.289,33.4239],[35.2922,33.4246],[35.2955,33.4225],[35.2913,33.427],[35.292,33.4302],[35.29,33.4313]]],[[[35.3081,33.4188],[35.3004,33.4195],[35.2965,33.4214],[35.2965,33.4185],[35.3022,33.4112],[35.3075,33.4096],[35.3121,33.4114],[35.3117,33.4147],[35.3081,33.4188]]]]},"properties":{"adm3_name":"Loubieh","adm2_name":"Saida","adm1_name":"South"}},
{"type":"Feature","geometry":{"type":"Polygon","coordinates":[[[35.29,33.4313],[35.292,33.4302],[35.2913,33.427],[35.2955,33.4225],[35.2965,33.4214],[35.3004,33.4195],[35.3081,33.4188],[35.3072,33.4229],[35.312,33.4262],[35.3101,33.4319],[35.3028,33.431],[35.2994,33.4359],[35.2914,33.4336],[35.29,33.4313]]]},"properties":{"adm3_name":"Daoudiyeh","adm2_name":"Saida","adm1_name":"South"}},
{"type":"Feature","geometry":{"type":"Polygon","coordinates":[[[35.3158,33.4446],[35.3119,33.4406],[35.3101,33.4319],[35.312,33.4262],[35.316,33.4258],[35.323,33.423],[35.3231,33.4257],[35.3271,33.4292],[35.3263,33.432],[35.3224,33.4352],[35.3194,33.4347],[35.3199,33.4388],[35.316,33.4417],[35.3158,33.4446]]]},"properties":{"adm3_name":"Khirbet Ed-Douair Saida","adm2_name":"Saida","adm1_name":"South"}},
{"type":"Feature","geometry":{"type":"Polygon","coordinates":[[[35.3263,33.432],[35.3271,33.4292],[35.3231,33.4257],[35.323,33.423],[35.316,33.4258],[35.312,33.4262],[35.3072,33.4229],[35.3081,33.4188],[35.3117,33.4147],[35.3121,33.4114],[35.3114,33.4065],[35.3083,33.4061],[35.3028,33.4024],[35.2988,33.4015],[35.2974,33.397],[35.2998,33.3953],[35.3062,33.3928],[35.3082,33.3967],[35.3114,33.3964],[35.3174,33.3981],[35.3193,33.395],[35.322,33.3946],[35.3236,33.3963],[35.3308,33.3942],[35.3325,33.3961],[35.3384,33.3993],[35.3427,33.3996],[35.346,33.4033],[35.3478,33.4032],[35.3507,33.4056],[35.3481,33.4091],[35.3475,33.4121],[35.3452,33.4142],[35.3488,33.4159],[35.3487,33.4202],[35.353,33.4244],[35.346,33.4245],[35.3429,33.4269],[35.3375,33.4277],[35.3319,33.4314],[35.3263,33.432]]]},"properties":{"adm3_name":"Babliyeh","adm2_name":"Saida","adm1_name":"South"}},
{"type":"Feature","geometry":{"type":"Polygon","coordinates":[[[35.3493,33.4023],[35.3575,33.3995],[35.3563,33.3953],[35.3595,33.3957],[35.363,33.3929],[35.3687,33.3928],[35.3704,33.3912],[35.3723,33.3919],[35.3738,33.3957],[35.3762,33.3974],[35.385,33.3979],[35.3841,33.4058],[35.3795,33.4073],[35.3787,33.4094],[35.3748,33.413],[35.3694,33.4157],[35.3671,33.4155],[35.3595,33.4103],[35.3594,33.4064],[35.3534,33.403],[35.3493,33.4023]]]},"properties":{"adm3_name":"Khartoum","adm2_name":"Saida","adm1_name":"South"}},
{"type":"Feature","geometry":{"type":"Polygon","coordinates":[[[35.3632,33.4246],[35.3568,33.4256],[35.353,33.4244],[35.3487,33.4202],[35.3488,33.4159],[35.3452,33.4142],[35.3475,33.4121],[35.3481,33.4091],[35.3507,33.4056],[35.3478,33.4032],[35.3493,33.4023],[35.3534,33.403],[35.3594,33.4064],[35.3595,33.4103],[35.3671,33.4155],[35.3694,33.4157],[35.3722,33.4191],[35.3729,33.422],[35.3705,33.4246],[35.3632,33.4246]]]},"properties":{"adm3_name":"Ghassaniyeh","adm2_name":"Saida","adm1_name":"South"}},
{"type":"Feature","geometry":{"type":"Polygon","coordinates":[[[35.3131,33.4722],[35.3095,33.4721],[35.3038,33.4686],[35.3001,33.4649],[35.2944,33.4651],[35.2924,33.4632],[35.2885,33.4629],[35.2822,33.4518],[35.2767,33.4455],[35.2768,33.4427],[35.2803,33.4411],[35.2849,33.4444],[35.2893,33.4455],[35.2915,33.4417],[35.2998,33.4378],[35.2994,33.4359],[35.3028,33.431],[35.3101,33.4319],[35.3119,33.4406],[35.3158,33.4446],[35.3142,33.4489],[35.3165,33.4549],[35.3168,33.4613],[35.3148,33.4643],[35.3157,33.4663],[35.3131,33.4722]]]},"properties":{"adm3_name":"Sarafand","adm2_name":"Saida","adm1_name":"South"}},
{"type":"Feature","geometry":{"type":"Polygon","coordinates":[[[35.33,33.4511],[35.3306,33.4475],[35.3341,33.4441],[35.3311,33.4397],[35.328,33.4393],[35.3272,33.4369],[35.3224,33.4352],[35.3263,33.432],[35.3319,33.4314],[35.3375,33.4277],[35.3429,33.4269],[35.346,33.4245],[35.353,33.4244],[35.3568,33.4256],[35.3632,33.4246],[35.3618,33.4267],[35.3533,33.4286],[35.3519,33.4312],[35.3518,33.4354],[35.3493,33.4413],[35.3444,33.4364],[35.34,33.4402],[35.3387,33.4463],[35.3395,33.4495],[35.3343,33.4542],[35.33,33.4511]]]},"properties":{"adm3_name":"Qaaqaiyet Es-Snaoubar","adm2_name":"Saida","adm1_name":"South"}},
{"type":"Feature","geometry":{"type":"Polygon","coordinates":[[[35.3131,33.4722],[35.3157,33.4663],[35.3148,33.4643],[35.3168,33.4613],[35.3165,33.4549],[35.3142,33.4489],[35.3158,33.4446],[35.316,33.4417],[35.3199,33.4388],[35.3194,33.4347],[35.3224,33.4352],[35.3272,33.4369],[35.328,33.4393],[35.3311,33.4397],[35.3341,33.4441],[35.3306,33.4475],[35.33,33.4511],[35.326,33.4541],[35.3303,33.458],[35.3289,33.4633],[35.3305,33.4661],[35.3303,33.4686],[35.3242,33.4771],[35.3183,33.4795],[35.3131,33.4722]]]},"properties":{"adm3_name":"Bissariyeh","adm2_name":"Saida","adm1_name":"South"}},
{"type":"Feature","geometry":{"type":"Polygon","coordinates":[[[35.388,33.435],[35.3875,33.4334],[35.383,33.4324],[35.3812,33.4293],[35.3705,33.4246],[35.3729,33.422],[35.3722,33.4191],[35.3694,33.4157],[35.3748,33.413],[35.3787,33.4094],[35.3795,33.4073],[35.3841,33.4058],[35.385,33.3979],[35.3872,33.3975],[35.3908,33.4],[35.3955,33.4001],[35.4042,33.4034],[35.4055,33.4063],[35.4031,33.4108],[35.3996,33.4117],[35.3957,33.4149],[35.3936,33.4192],[35.3901,33.4205],[35.3913,33.4321],[35.3903,33.4331],[35.388,33.435]]]},"properties":{"adm3_name":"Kaoutariyet Es-Siyad","adm2_name":"Saida","adm1_name":"South"}},
{"type":"Feature","geometry":{"type":"Polygon","coordinates":[[[35.3343,33.4542],[35.3395,33.4495],[35.3387,33.4463],[35.34,33.4402],[35.3444,33.4364],[35.3493,33.4413],[35.3485,33.4498],[35.3461,33.4519],[35.3429,33.4534],[35.339,33.4538],[35.3346,33.4567],[35.3343,33.4542]]]},"properties":{"adm3_name":"Tebna","adm2_name":"Saida","adm1_name":"South"}},
{"type":"Feature","geometry":{"type":"Polygon","coordinates":[[[35.3305,33.4661],[35.3289,33.4633],[35.3303,33.458],[35.326,33.4541],[35.33,33.4511],[35.3343,33.4542],[35.3346,33.4567],[35.3343,33.4576],[35.333,33.4627],[35.3305,33.4661]]]},"properties":{"adm3_name":"Mazraat 'Snaiber","adm2_name":"Saida","adm1_name":"South"}},
{"type":"Feature","geometry":{"type":"Polygon","coordinates":[[[35.3461,33.4519],[35.3485,33.4498],[35.3493,33.4413],[35.3518,33.4354],[35.3519,33.4312],[35.3533,33.4286],[35.3618,33.4267],[35.3632,33.4246],[35.3705,33.4246],[35.3812,33.4293],[35.383,33.4324],[35.3875,33.4334],[35.388,33.435],[35.3873,33.4352],[35.3824,33.4329],[35.3799,33.4306],[35.3767,33.4357],[35.3759,33.4421],[35.3725,33.442],[35.3723,33.4464],[35.3691,33.4469],[35.3642,33.4532],[35.3612,33.4557],[35.3575,33.4545],[35.3548,33.4509],[35.35,33.4534],[35.3461,33.4519]]]},"properties":{"adm3_name":"Teffahta","adm2_name":"Saida","adm1_name":"South"}},
{"type":"Feature","geometry":{"type":"Polygon","coordinates":[[[35.2994,33.4359],[35.2998,33.4378],[35.2915,33.4417],[35.2893,33.4455],[35.2849,33.4444],[35.2803,33.4411],[35.2768,33.4427],[35.2746,33.4413],[35.2736,33.4364],[35.2715,33.4312],[35.2691,33.4281],[35.2715,33.4268],[35.2776,33.4262],[35.2781,33.426],[35.2782,33.4284],[35.2817,33.4334],[35.2856,33.4332],[35.29,33.4313],[35.2914,33.4336],[35.2994,33.4359]]]},"properties":{"adm3_name":"Saksakiyeh","adm2_name":"Saida","adm1_name":"South"}},
{"type":"Feature","geometry":{"type":"Polygon","coordinates":[[[35.3493,33.4684],[35.3535,33.467],[35.3457,33.4602],[35.3445,33.458],[35.3401,33.4596],[35.3384,33.4632],[35.333,33.4627],[35.3343,33.4576],[35.3382,33.4544],[35.3412,33.4556],[35.3429,33.4534],[35.3461,33.4519],[35.35,33.4534],[35.3548,33.4509],[35.3575,33.4545],[35.3612,33.4557],[35.3642,33.4532],[35.3691,33.4469],[35.3723,33.4464],[35.3725,33.442],[35.3759,33.4421],[35.3767,33.4357],[35.3799,33.4306],[35.3824,33.4329],[35.3873,33.4352],[35.3902,33.4385],[35.3901,33.4444],[35.394,33.4472],[35.3933,33.4548],[35.3954,33.4584],[35.392,33.4632],[35.3864,33.4662],[35.385,33.4716],[35.3753,33.4697],[35.3723,33.4659],[35.3648,33.4676],[35.3588,33.4706],[35.3575,33.4723],[35.3536,33.4732],[35.3493,33.4684]]]},"properties":{"adm3_name":"Merouaniyeh","adm2_name":"Saida","adm1_name":"South"}},
{"type":"Feature","geometry":{"type":"Polygon","coordinates":[[[35.3485,33.4877],[35.3454,33.4902],[35.3369,33.4861],[35.3331,33.4882],[35.3309,33.4871],[35.3265,33.4885],[35.325,33.487],[35.3386,33.4788],[35.344,33.4767],[35.3493,33.4684],[35.3536,33.4732],[35.3575,33.4723],[35.3584,33.4763],[35.3546,33.478],[35.3509,33.4765],[35.3462,33.4819],[35.3485,33.4877]]]},"properties":{"adm3_name":"Najjariyeh","adm2_name":"Saida","adm1_name":"South"}},
{"type":"Feature","geometry":{"type":"Polygon","coordinates":[[[35.3183,33.4795],[35.3242,33.4771],[35.3303,33.4686],[35.3305,33.4661],[35.333,33.4627],[35.3384,33.4632],[35.3401,33.4596],[35.3445,33.458],[35.3457,33.4602],[35.3535,33.467],[35.3493,33.4684],[35.344,33.4767],[35.3386,33.4788],[35.325,33.487],[35.3204,33.4805],[35.3183,33.4795]]]},"properties":{"adm3_name":"Aadoussiyeh","adm2_name":"Saida","adm1_name":"South"}},
{"type":"Feature","geometry":{"type":"Polygon","coordinates":[[[35.3584,33.4763],[35.3575,33.4723],[35.3588,33.4706],[35.3648,33.4676],[35.3723,33.4659],[35.3753,33.4697],[35.3704,33.4709],[35.3685,33.475],[35.3657,33.475],[35.3622,33.4771],[35.3584,33.4763]]]},"properties":{"adm3_name":"Khirbet El-Bassal","adm2_name":"Saida","adm1_name":"South"}},
{"type":"Feature","geometry":{"type":"Polygon","coordinates":[[[35.3485,33.4877],[35.3462,33.4819],[35.3509,33.4765],[35.3546,33.478],[35.3584,33.4763],[35.3622,33.4771],[35.3657,33.475],[35.3685,33.475],[35.3674,33.4787],[35.3636,33.4822],[35.3579,33.4841],[35.3506,33.4858],[35.3485,33.4877]]]},"properties":{"adm3_name":"Mazraat 'Mseileh","adm2_name":"Saida","adm1_name":"South"}},
{"type":"Feature","geometry":{"type":"Polygon","coordinates":[[[35.3674,33.4787],[35.3685,33.475],[35.3704,33.4709],[35.3753,33.4697],[35.385,33.4716],[35.3864,33.4662],[35.392,33.4632],[35.3954,33.4584],[35.4014,33.4578],[35.4,33.4604],[35.4018,33.4627],[35.4018,33.4664],[35.3979,33.4681],[35.3923,33.4687],[35.3925,33.4721],[35.3883,33.474],[35.3869,33.4764],[35.3817,33.4774],[35.3815,33.4792],[35.3791,33.4768],[35.3755,33.4759],[35.3698,33.4789],[35.3674,33.4787]]]},"properties":{"adm3_name":"Hajjeh","adm2_name":"Saida","adm1_name":"South"}},
{"type":"Feature","geometry":{"type":"Polygon","coordinates":[[[35.3454,33.4902],[35.3485,33.4877],[35.3506,33.4858],[35.3579,33.4841],[35.36,33.4878],[35.3566,33.4909],[35.3539,33.4982],[35.3489,33.4988],[35.3449,33.5013],[35.343,33.4975],[35.3427,33.4931],[35.3454,33.4902]]]},"properties":{"adm3_name":"Mazraat El-Houssainiyeh","adm2_name":"Saida","adm1_name":"South"}},
{"type":"Feature","geometry":{"type":"Polygon","coordinates":[[[35.4009,33.4766],[35.3948,33.4708],[35.3925,33.4721],[35.3923,33.4687],[35.3979,33.4681],[35.4018,33.4664],[35.4018,33.4627],[35.4,33.4604],[35.4088,33.4637],[35.408,33.4654],[35.4116,33.4703],[35.4121,33.4717],[35.4062,33.474],[35.4009,33.4766]]]},"properties":{"adm3_name":"Khzaiz","adm2_name":"Saida","adm1_name":"South"}},
{"type":"Feature","geometry":{"type":"Polygon","coordinates":[[[35.3656,33.4973],[35.3672,33.4955],[35.3645,33.4902],[35.3616,33.4905],[35.36,33.4878],[35.3579,33.4841],[35.3636,33.4822],[35.3674,33.4787],[35.3698,33.4789],[35.3755,33.4759],[35.3791,33.4768],[35.3815,33.4792],[35.3822,33.4848],[35.3779,33.4856],[35.3745,33.4922],[35.3707,33.4952],[35.3656,33.4973]]]},"properties":{"adm3_name":"Maamriyeh","adm2_name":"Saida","adm1_name":"South"}},
{"type":"Feature","geometry":{"type":"Polygon","coordinates":[[[35.366,33.5027],[35.3628,33.5007],[35.3656,33.4973],[35.3707,33.4952],[35.3745,33.4922],[35.3779,33.4856],[35.3822,33.4848],[35.3859,33.4823],[35.3922,33.4807],[35.3932,33.4835],[35.4016,33.4833],[35.4055,33.4901],[35.4012,33.4921],[35.3933,33.494],[35.3911,33.4962],[35.3825,33.4975],[35.3795,33.5008],[35.3754,33.5033],[35.3666,33.5037],[35.366,33.5027]]]},"properties":{"adm3_name":"Aaqtanit","adm2_name":"Saida","adm1_name":"South"}},
{"type":"Feature","geometry":{"type":"MultiPolygon","coordinates":[[[[35.419,33.4695],[35.4129,33.4689],[35.4116,33.4703],[35.408,33.4654],[35.4088,33.4637],[35.4,33.4604],[35.4014,33.4578],[35.4027,33.4562],[35.412,33.4535],[35.4156,33.4502],[35.4201,33.4495],[35.4185,33.4553],[35.4283,33.4616],[35.4266,33.4638],[35.4208,33.4646],[35.419,33.4695]]],[[[35.3859,33.4823],[35.3822,33.4848],[35.3815,33.4792],[35.3817,33.4774],[35.3869,33.4764],[35.3883,33.474],[35.3925,33.4721],[35.3948,33.4708],[35.4009,33.4766],[35.3982,33.4786],[35.3919,33.4797],[35.3859,33.4823]]]]},"properties":{"adm3_name":"Erkay","adm2_name":"Saida","adm1_name":"South"}},
{"type":"Feature","geometry":{"type":"Polygon","coordinates":[[[35.405,33.4958],[35.4023,33.495],[35.4012,33.4921],[35.4055,33.4901],[35.4016,33.4833],[35.3932,33.4835],[35.3922,33.4807],[35.3859,33.4823],[35.3919,33.4797],[35.3982,33.4786],[35.4009,33.4766],[35.4062,33.474],[35.4078,33.4762],[35.4117,33.4775],[35.4182,33.4768],[35.4194,33.4789],[35.4245,33.4792],[35.4272,33.4813],[35.4314,33.4888],[35.4317,33.489],[35.4295,33.4899],[35.4232,33.4879],[35.4162,33.4883],[35.4109,33.4907],[35.4079,33.4945],[35.405,33.4958]]]},"properties":{"adm3_name":"Bnaafoul","adm2_name":"Saida","adm1_name":"South"}},
{"type":"Feature","geometry":{"type":"Polygon","coordinates":[[[35.4317,33.489],[35.4314,33.4888],[35.4413,33.4826],[35.4443,33.4827],[35.4472,33.4863],[35.4369,33.491],[35.4317,33.489]]]},"properties":{"adm3_name":"Aarab Tabbaya","adm2_name":"Saida","adm1_name":"South"}},
{"type":"Feature","geometry":{"type":"Polygon","coordinates":[[[35.4089,33.5144],[35.407,33.516],[35.397,33.5198],[35.3951,33.5181],[35.3982,33.5134],[35.4029,33.5116],[35.4051,33.5094],[35.4083,33.5114],[35.4089,33.5144]]]},"properties":{"adm3_name":"Mtayriyeh","adm2_name":"Saida","adm1_name":"South"}},
{"type":"Feature","geometry":{"type":"Polygon","coordinates":[[[35.4472,33.4863],[35.4443,33.4827],[35.4413,33.4826],[35.4417,33.4801],[35.4452,33.4789],[35.4485,33.4808],[35.4494,33.4844],[35.4515,33.4852],[35.4472,33.4863]]]},"properties":{"adm3_name":"Mazraat Aarab Soukkar","adm2_name":"Saida","adm1_name":"South"}},
{"type":"Feature","geometry":{"type":"Polygon","coordinates":[[[35.4515,33.4852],[35.4494,33.4844],[35.4485,33.4808],[35.4503,33.477],[35.4544,33.4757],[35.4582,33.4777],[35.4606,33.4809],[35.4574,33.4854],[35.4557,33.4838],[35.4515,33.4852]]]},"properties":{"adm3_name":"Aarab Ej-Jall","adm2_name":"Saida","adm1_name":"South"}},
{"type":"Feature","geometry":{"type":"Polygon","coordinates":[[[35.4828,33.5303],[35.4789,33.526],[35.4758,33.5248],[35.4796,33.5162],[35.4827,33.5127],[35.4885,33.5099],[35.4985,33.5103],[35.5037,33.5094],[35.5088,33.5114],[35.5087,33.5141],[35.5051,33.5162],[35.5002,33.5159],[35.499,33.5174],[35.497,33.5211],[35.4983,33.5257],[35.4923,33.5286],[35.4887,33.5277],[35.4828,33.5303]]]},"properties":{"adm3_name":"Berti","adm2_name":"Saida","adm1_name":"South"}},
{"type":"Feature","geometry":{"type":"Polygon","coordinates":[[[35.4089,33.5144],[35.4083,33.5114],[35.4051,33.5094],[35.403,33.5047],[35.4063,33.5039],[35.4088,33.498],[35.405,33.4958],[35.4079,33.4945],[35.4109,33.4907],[35.4162,33.4883],[35.4232,33.4879],[35.4295,33.4899],[35.4317,33.489],[35.4369,33.491],[35.4472,33.4863],[35.4515,33.4852],[35.4557,33.4838],[35.4574,33.4854],[35.4568,33.4877],[35.4592,33.4903],[35.4588,33.4908],[35.4538,33.494],[35.449,33.4957],[35.4424,33.5001],[35.4404,33.5073],[35.4364,33.513],[35.4263,33.5165],[35.4249,33.5117],[35.4254,33.5086],[35.4194,33.5099],[35.4157,33.5121],[35.4089,33.5144]]]},"properties":{"adm3_name":"Aanqoun","adm2_name":"Saida","adm1_name":"South"}},
{"type":"Feature","geometry":{"type":"Polygon","coordinates":[[[35.4632,33.5011],[35.4602,33.5032],[35.4556,33.5004],[35.4568,33.4985],[35.4538,33.494],[35.4588,33.4908],[35.4686,33.495],[35.4696,33.4987],[35.4632,33.5011]]]},"properties":{"adm3_name":"Kfar Beit","adm2_name":"Saida","adm1_name":"South"}},
{"type":"Feature","geometry":{"type":"Polygon","coordinates":[[[35.45,33.5168],[35.4473,33.5117],[35.4404,33.5073],[35.4424,33.5001],[35.449,33.4957],[35.4538,33.494],[35.4568,33.4985],[35.4556,33.5004],[35.4602,33.5032],[35.4632,33.5011],[35.4635,33.5045],[35.4618,33.5071],[35.464,33.5106],[35.4637,33.514],[35.4562,33.515],[35.45,33.5168]]]},"properties":{"adm3_name":"Kfar Hatta Saida","adm2_name":"Saida","adm1_name":"South"}},
{"type":"Feature","geometry":{"type":"Polygon","coordinates":[[[35.4686,33.495],[35.4588,33.4908],[35.4592,33.4903],[35.4657,33.4866],[35.468,33.4913],[35.4755,33.4921],[35.477,33.4954],[35.4686,33.495]]]},"properties":{"adm3_name":"Kfar Chellal","adm2_name":"Saida","adm1_name":"South"}},
{"type":"Feature","geometry":{"type":"Polygon","coordinates":[[[35.4768,33.5154],[35.4733,33.515],[35.4683,33.516],[35.4637,33.514],[35.464,33.5106],[35.4618,33.5071],[35.4635,33.5045],[35.4632,33.5011],[35.4696,33.4987],[35.4686,33.495],[35.477,33.4954],[35.4828,33.4949],[35.4827,33.4925],[35.4849,33.4865],[35.4966,33.4905],[35.5003,33.4927],[35.501,33.4968],[35.4996,33.5009],[35.5004,33.5039],[35.4991,33.5069],[35.4933,33.5063],[35.487,33.5076],[35.4801,33.5106],[35.4768,33.5154]]]},"properties":{"adm3_name":"Kfar Melki Saida","adm2_name":"Saida","adm1_name":"South"}},
{"type":"Feature","geometry":{"type":"Polygon","coordinates":[[[35.4796,33.5162],[35.4768,33.5154],[35.4801,33.5106],[35.487,33.5076],[35.4933,33.5063],[35.4991,33.5069],[35.4985,33.5103],[35.4885,33.5099],[35.4827,33.5127],[35.4796,33.5162]]]},"properties":{"adm3_name":"Sfenta","adm2_name":"Saida","adm1_name":"South"}},
{"type":"Feature","geometry":{"type":"Polygon","coordinates":[[[35.2288,33.2732],[35.2255,33.2723],[35.2214,33.273],[35.2204,33.2769],[35.2139,33.2748],[35.2096,33.2765],[35.2039,33.2733],[35.201,33.2727],[35.1963,33.274],[35.1936,33.2763],[35.1904,33.2718],[35.1911,33.2668],[35.1973,33.268],[35.2034,33.2659],[35.2095,33.2594],[35.2117,33.2534],[35.2124,33.2435],[35.2096,33.2214],[35.2126,33.2207],[35.2166,33.2227],[35.219,33.2268],[35.2199,33.2308],[35.2226,33.2331],[35.2193,33.2362],[35.2196,33.2392],[35.2175,33.2448],[35.2202,33.2501],[35.2208,33.2549],[35.2133,33.2578],[35.2194,33.2618],[35.2143,33.2705],[35.2252,33.2687],[35.2258,33.2719],[35.2288,33.2732]]]},"properties":{"adm3_name":"Sour","adm2_name":"Sour","adm1_name":"South"}},
{"type":"Feature","geometry":{"type":"Polygon","coordinates":[[[35.2288,33.2732],[35.2258,33.2719],[35.2252,33.2687],[35.2143,33.2705],[35.2194,33.2618],[35.2133,33.2578],[35.2208,33.2549],[35.2202,33.2501],[35.2175,33.2448],[35.2196,33.2392],[35.2225,33.2396],[35.2248,33.2405],[35.2264,33.2447],[35.2298,33.2447],[35.2331,33.2472],[35.2417,33.2463],[35.2429,33.2445],[35.2454,33.2469],[35.2435,33.2527],[35.2493,33.2581],[35.2465,33.2609],[35.2467,33.263],[35.2597,33.2643],[35.2596,33.2699],[35.2591,33.2728],[35.2557,33.2754],[35.2547,33.2783],[35.2467,33.2821],[35.2442,33.2825],[35.2421,33.279],[35.2388,33.2783],[35.2338,33.2748],[35.2288,33.2732]]]},"properties":{"adm3_name":"Borj Ech-Chemali","adm2_name":"Sour","adm1_name":"South"}},
{"type":"Feature","geometry":{"type":"Polygon","coordinates":[[[35.2225,33.2396],[35.2196,33.2392],[35.2193,33.2362],[35.2226,33.2331],[35.2199,33.2308],[35.219,33.2268],[35.223,33.2257],[35.2252,33.2279],[35.2345,33.225],[35.2402,33.2247],[35.2409,33.2271],[35.2556,33.2231],[35.2593,33.2215],[35.2643,33.2222],[35.2691,33.2253],[35.2675,33.2276],[35.2669,33.2291],[35.257,33.2334],[35.2478,33.2335],[35.2438,33.232],[35.2337,33.2334],[35.2242,33.2373],[35.2225,33.2396]]]},"properties":{"adm3_name":"Batoulay","adm2_name":"Sour","adm1_name":"South"}},
{"type":"Feature","geometry":{"type":"Polygon","coordinates":[[[35.2556,33.2231],[35.2409,33.2271],[35.2402,33.2247],[35.2345,33.225],[35.2252,33.2279],[35.223,33.2257],[35.219,33.2268],[35.2166,33.2227],[35.2126,33.2207],[35.2096,33.2214],[35.2074,33.2137],[35.2174,33.2112],[35.2208,33.2052],[35.2281,33.2037],[35.2407,33.2004],[35.2447,33.2005],[35.2392,33.2096],[35.2417,33.2153],[35.2452,33.2131],[35.2504,33.2139],[35.2542,33.2163],[35.2575,33.2187],[35.2545,33.2217],[35.2556,33.2231]]]},"properties":{"adm3_name":"Deir Qanoun El-Aain","adm2_name":"Sour","adm1_name":"South"}},
{"type":"Feature","geometry":{"type":"Polygon","coordinates":[[[35.317,33.2549],[35.3128,33.2516],[35.3076,33.2504],[35.309,33.2487],[35.3151,33.247],[35.316,33.2437],[35.3109,33.2385],[35.3189,33.2342],[35.3227,33.2314],[35.3277,33.2274],[35.3332,33.2303],[35.3364,33.2305],[35.3392,33.2288],[35.343,33.2292],[35.3482,33.2312],[35.352,33.2312],[35.361,33.2372],[35.3656,33.238],[35.3604,33.2423],[35.3579,33.2435],[35.3485,33.2437],[35.3455,33.2429],[35.3377,33.2501],[35.3337,33.2516],[35.3363,33.2574],[35.3347,33.2606],[35.3283,33.2606],[35.317,33.2549]]]},"properties":{"adm3_name":"Jouaiya","adm2_name":"Sour","adm1_name":"South"}},
{"type":"Feature","geometry":{"type":"Polygon","coordinates":[[[35.3347,33.2606],[35.3363,33.2574],[35.3337,33.2516],[35.3377,33.2501],[35.3455,33.2429],[35.3485,33.2437],[35.3579,33.2435],[35.3604,33.2423],[35.3618,33.2465],[35.3596,33.2499],[35.3609,33.2528],[35.3549,33.257],[35.3509,33.2585],[35.3472,33.2599],[35.3374,33.2613],[35.3367,33.2622],[35.3347,33.2606]]]},"properties":{"adm3_name":"Debaal Sour","adm2_name":"Sour","adm1_name":"South"}},
{"type":"Feature","geometry":{"type":"Polygon","coordinates":[[[35.3656,33.238],[35.361,33.2372],[35.352,33.2312],[35.3482,33.2312],[35.343,33.2292],[35.3509,33.2286],[35.3547,33.2268],[35.3631,33.2255],[35.364,33.2246],[35.3686,33.2269],[35.3757,33.2254],[35.3729,33.2337],[35.3687,33.2348],[35.3656,33.238]]]},"properties":{"adm3_name":"Majdel","adm2_name":"Sour","adm1_name":"South"}},
{"type":"Feature","geometry":{"type":"Polygon","coordinates":[[[35.343,33.2292],[35.3392,33.2288],[35.3364,33.2305],[35.3332,33.2303],[35.3277,33.2274],[35.3227,33.2314],[35.3204,33.2307],[35.3206,33.227],[35.3127,33.2187],[35.3171,33.2097],[35.3175,33.2117],[35.3291,33.2121],[35.3337,33.2066],[35.3368,33.2056],[35.3422,33.1994],[35.3546,33.1977],[35.3638,33.1989],[35.3633,33.2025],[35.3645,33.2062],[35.3747,33.205],[35.3798,33.2078],[35.3766,33.2112],[35.3658,33.2149],[35.3615,33.2145],[35.3577,33.2185],[35.3598,33.2219],[35.364,33.2246],[35.3631,33.2255],[35.3547,33.2268],[35.3509,33.2286],[35.343,33.2292]]]},"properties":{"adm3_name":"Mazraat Mechref","adm2_name":"Sour","adm1_name":"South"}},
{"type":"Feature","geometry":{"type":"Polygon","coordinates":[[[35.275,33.2372],[35.2794,33.2333],[35.2793,33.2296],[35.2835,33.223],[35.2901,33.2193],[35.2947,33.2179],[35.3049,33.2185],[35.3115,33.2195],[35.3127,33.2187],[35.3206,33.227],[35.3204,33.2307],[35.3227,33.2314],[35.3189,33.2342],[35.3109,33.2385],[35.3057,33.2401],[35.3034,33.2376],[35.2962,33.2378],[35.2888,33.2365],[35.2839,33.2383],[35.275,33.2372]]]},"properties":{"adm3_name":"Aaytit","adm2_name":"Sour","adm1_name":"South"}},
{"type":"Feature","geometry":{"type":"Polygon","coordinates":[[[35.2809,33.2661],[35.2823,33.2625],[35.2784,33.2595],[35.2803,33.2562],[35.286,33.2559],[35.2884,33.2525],[35.2875,33.2496],[35.2931,33.2472],[35.2969,33.2426],[35.2962,33.2378],[35.3034,33.2376],[35.3057,33.2401],[35.3109,33.2385],[35.316,33.2437],[35.3151,33.247],[35.309,33.2487],[35.3076,33.2504],[35.3029,33.2494],[35.2988,33.2522],[35.2978,33.2546],[35.2872,33.2664],[35.2809,33.2661]]]},"properties":{"adm3_name":"Ouadi Jilo","adm2_name":"Sour","adm1_name":"South"}},
{"type":"Feature","geometry":{"type":"Polygon","coordinates":[[[35.2872,33.2664],[35.2978,33.2546],[35.2988,33.2522],[35.3029,33.2494],[35.3076,33.2504],[35.3128,33.2516],[35.317,33.2549],[35.315,33.2544],[35.3124,33.2581],[35.3165,33.2598],[35.3155,33.263],[35.3108,33.2643],[35.3049,33.2635],[35.3042,33.2654],[35.2962,33.2672],[35.2881,33.2673],[35.2872,33.2664]]]},"properties":{"adm3_name":"Yanouh Sour","adm2_name":"Sour","adm1_name":"South"}},
{"type":"Feature","geometry":{"type":"Polygon","coordinates":[[[35.3681,33.2709],[35.3633,33.2693],[35.3606,33.2662],[35.3508,33.2597],[35.3509,33.2585],[35.3549,33.257],[35.3609,33.2528],[35.365,33.2509],[35.3716,33.2551],[35.3765,33.2598],[35.3835,33.2637],[35.3781,33.267],[35.37,33.2671],[35.3681,33.2709]]]},"properties":{"adm3_name":"Bafliyeh","adm2_name":"Sour","adm1_name":"South"}},
{"type":"Feature","geometry":{"type":"Polygon","coordinates":[[[35.3338,33.201],[35.3362,33.1981],[35.3391,33.1905],[35.3439,33.1825],[35.3482,33.1872],[35.3494,33.1914],[35.3485,33.1942],[35.3426,33.1973],[35.3422,33.1994],[35.3368,33.2056],[35.3313,33.2024],[35.3338,33.201]]]},"properties":{"adm3_name":"Deir Aames","adm2_name":"Sour","adm1_name":"South"}},
{"type":"Feature","geometry":{"type":"Polygon","coordinates":[[[35.3498,33.2779],[35.3448,33.2786],[35.3374,33.2751],[35.3358,33.2715],[35.3319,33.2718],[35.3357,33.27],[35.3394,33.2655],[35.3367,33.2622],[35.3374,33.2613],[35.3472,33.2599],[35.3509,33.2585],[35.3508,33.2597],[35.3606,33.2662],[35.3633,33.2693],[35.3681,33.2709],[35.3689,33.2741],[35.3605,33.2753],[35.3622,33.2782],[35.3595,33.2772],[35.3589,33.2741],[35.3498,33.2779]]]},"properties":{"adm3_name":"Barich","adm2_name":"Sour","adm1_name":"South"}},
{"type":"Feature","geometry":{"type":"Polygon","coordinates":[[[35.3368,33.2056],[35.3337,33.2066],[35.3291,33.2121],[35.3175,33.2117],[35.3171,33.2097],[35.3186,33.2075],[35.3122,33.2045],[35.3168,33.199],[35.321,33.1997],[35.325,33.2026],[35.3263,33.1997],[35.3291,33.1989],[35.3338,33.201],[35.3313,33.2024],[35.3368,33.2056]]]},"properties":{"adm3_name":"Biyad","adm2_name":"Sour","adm1_name":"South"}},
{"type":"Feature","geometry":{"type":"Polygon","coordinates":[[[35.3835,33.2637],[35.3765,33.2598],[35.3716,33.2551],[35.3726,33.2529],[35.3764,33.2514],[35.3834,33.2508],[35.3905,33.2519],[35.3941,33.2489],[35.3954,33.2498],[35.3919,33.2539],[35.3902,33.2589],[35.3933,33.2586],[35.3921,33.2638],[35.3876,33.2648],[35.3835,33.2637]]]},"properties":{"adm3_name":"Selaa Sour","adm2_name":"Sour","adm1_name":"South"}},
{"type":"Feature","geometry":{"type":"Polygon","coordinates":[[[35.3127,33.2187],[35.3115,33.2195],[35.3049,33.2185],[35.2947,33.2179],[35.2901,33.2193],[35.2842,33.2143],[35.2826,33.2112],[35.2834,33.211],[35.2854,33.2022],[35.29,33.1943],[35.2946,33.1926],[35.301,33.1931],[35.3055,33.1959],[35.3112,33.198],[35.3168,33.199],[35.3122,33.2045],[35.3186,33.2075],[35.3171,33.2097],[35.3127,33.2187]]]},"properties":{"adm3_name":"Qana","adm2_name":"Sour","adm1_name":"South"}},
{"type":"Feature","geometry":{"type":"Polygon","coordinates":[[[35.288,33.289],[35.2893,33.2862],[35.2881,33.2827],[35.2902,33.2773],[35.2876,33.2732],[35.2881,33.2673],[35.2962,33.2672],[35.3042,33.2654],[35.3049,33.2635],[35.3108,33.2643],[35.3155,33.263],[35.3165,33.2598],[35.3124,33.2581],[35.315,33.2544],[35.317,33.2549],[35.3283,33.2606],[35.3347,33.2606],[35.3367,33.2622],[35.3394,33.2655],[35.3357,33.27],[35.3319,33.2718],[35.3308,33.2754],[35.3263,33.2748],[35.3172,33.2766],[35.3163,33.2795],[35.3119,33.2853],[35.3078,33.2857],[35.3039,33.2866],[35.3015,33.289],[35.2907,33.29],[35.288,33.289]]]},"properties":{"adm3_name":"Maarakeh","adm2_name":"Sour","adm1_name":"South"}},
{"type":"Feature","geometry":{"type":"Polygon","coordinates":[[[35.3907,33.2758],[35.3803,33.2715],[35.3816,33.2688],[35.3781,33.267],[35.3835,33.2637],[35.3876,33.2648],[35.3921,33.2638],[35.3925,33.2667],[35.3927,33.2725],[35.3981,33.2756],[35.3946,33.2772],[35.3907,33.2758]]]},"properties":{"adm3_name":"Neftakhiyeh","adm2_name":"Sour","adm1_name":"South"}},
{"type":"Feature","geometry":{"type":"Polygon","coordinates":[[[35.3326,33.2932],[35.3312,33.2898],[35.3319,33.2862],[35.3266,33.2858],[35.325,33.2835],[35.3184,33.28],[35.3172,33.2766],[35.3263,33.2748],[35.3308,33.2754],[35.3319,33.2718],[35.3358,33.2715],[35.3374,33.2751],[35.3448,33.2786],[35.3498,33.2779],[35.3559,33.2813],[35.3574,33.2837],[35.3563,33.2888],[35.3534,33.2917],[35.3514,33.2902],[35.3385,33.2964],[35.3326,33.2932]]]},"properties":{"adm3_name":"Maaroub","adm2_name":"Sour","adm1_name":"South"}},
{"type":"Feature","geometry":{"type":"Polygon","coordinates":[[[35.3338,33.201],[35.3291,33.1989],[35.3263,33.1997],[35.325,33.2026],[35.321,33.1997],[35.3168,33.199],[35.3164,33.1964],[35.3184,33.1931],[35.3157,33.1902],[35.3165,33.1885],[35.3144,33.1853],[35.3199,33.1804],[35.3152,33.1801],[35.3139,33.1786],[35.3214,33.1753],[35.3253,33.1748],[35.3294,33.1714],[35.333,33.1714],[35.3361,33.1757],[35.3439,33.1825],[35.3391,33.1905],[35.3362,33.1981],[35.3338,33.201]]]},"properties":{"adm3_name":"Recheknanay","adm2_name":"Sour","adm1_name":"South"}},
{"type":"Feature","geometry":{"type":"Polygon","coordinates":[[[35.3279,33.2967],[35.3195,33.2948],[35.3166,33.2927],[35.3145,33.2917],[35.3095,33.2922],[35.3078,33.2857],[35.3119,33.2853],[35.3163,33.2795],[35.3172,33.2766],[35.3184,33.28],[35.325,33.2835],[35.3266,33.2858],[35.3319,33.2862],[35.3312,33.2898],[35.3326,33.2932],[35.33,33.2935],[35.3279,33.2967]]]},"properties":{"adm3_name":"Jennata","adm2_name":"Sour","adm1_name":"South"}},
{"type":"Feature","geometry":{"type":"Polygon","coordinates":[[[35.3601,33.2925],[35.3654,33.2862],[35.3618,33.2853],[35.3622,33.2782],[35.3605,33.2753],[35.3689,33.2741],[35.3681,33.2709],[35.37,33.2671],[35.3781,33.267],[35.3816,33.2688],[35.3803,33.2715],[35.3907,33.2758],[35.3871,33.2796],[35.3815,33.2799],[35.3764,33.2766],[35.3749,33.2804],[35.3761,33.2859],[35.3727,33.2868],[35.3719,33.2904],[35.3657,33.2922],[35.3601,33.2925]]]},"properties":{"adm3_name":"Derdaghaiya","adm2_name":"Sour","adm1_name":"South"}},
{"type":"Feature","geometry":{"type":"Polygon","coordinates":[[[35.3168,33.199],[35.3112,33.198],[35.3055,33.1959],[35.301,33.1931],[35.2946,33.1926],[35.296,33.1892],[35.3028,33.1837],[35.3043,33.1857],[35.3144,33.1853],[35.3165,33.1885],[35.3157,33.1902],[35.3184,33.1931],[35.3164,33.1964],[35.3168,33.199]]]},"properties":{"adm3_name":"Sadiqine","adm2_name":"Sour","adm1_name":"South"}},
{"type":"Feature","geometry":{"type":"Polygon","coordinates":[[[35.3144,33.1853],[35.3043,33.1857],[35.3028,33.1837],[35.2986,33.1802],[35.2994,33.1787],[35.3045,33.1778],[35.3148,33.1726],[35.3129,33.1772],[35.3139,33.1786],[35.3152,33.1801],[35.3199,33.1804],[35.3144,33.1853]]]},"properties":{"adm3_name":"Aaiyeh","adm2_name":"Sour","adm1_name":"South"}},
{"type":"Feature","geometry":{"type":"Polygon","coordinates":[[[35.2429,33.2445],[35.2417,33.2463],[35.2331,33.2472],[35.2298,33.2447],[35.2264,33.2447],[35.2248,33.2405],[35.2225,33.2396],[35.2242,33.2373],[35.2337,33.2334],[35.2438,33.232],[35.2478,33.2335],[35.257,33.2334],[35.2669,33.2291],[35.2675,33.2276],[35.2739,33.2304],[35.2793,33.2296],[35.2794,33.2333],[35.275,33.2372],[35.278,33.2408],[35.2751,33.2493],[35.2644,33.2491],[35.262,33.2468],[35.2599,33.241],[35.255,33.2401],[35.2474,33.2402],[35.2442,33.2419],[35.2429,33.2445]]]},"properties":{"adm3_name":"Aain Baal","adm2_name":"Sour","adm1_name":"South"}},
{"type":"Feature","geometry":{"type":"Polygon","coordinates":[[[35.3385,33.2964],[35.3514,33.2902],[35.3534,33.2917],[35.3585,33.2931],[35.3588,33.2983],[35.3564,33.3002],[35.3524,33.3024],[35.3443,33.3002],[35.3385,33.2964]]]},"properties":{"adm3_name":"Hmairi Sour","adm2_name":"Sour","adm1_name":"South"}},
{"type":"Feature","geometry":{"type":"Polygon","coordinates":[[[35.254,33.3091],[35.2484,33.3126],[35.2527,33.3184],[35.2453,33.3215],[35.2435,33.3196],[35.2404,33.3205],[35.2387,33.323],[35.2356,33.324],[35.2332,33.3236],[35.233,33.3174],[35.229,33.3134],[35.2278,33.3109],[35.2231,33.3098],[35.2213,33.3022],[35.2246,33.3033],[35.2367,33.3026],[35.2412,33.3009],[35.2407,33.2984],[35.2438,33.2958],[35.2435,33.2923],[35.2505,33.2916],[35.254,33.2968],[35.2573,33.2983],[35.2561,33.3013],[35.2565,33.305],[35.254,33.3091]]]},"properties":{"adm3_name":"Mheilib","adm2_name":"Sour","adm1_name":"South"}},
{"type":"Feature","geometry":{"type":"Polygon","coordinates":[[[35.2596,33.2699],[35.2597,33.2643],[35.2467,33.263],[35.2465,33.2609],[35.2493,33.2581],[35.2435,33.2527],[35.2454,33.2469],[35.2429,33.2445],[35.2442,33.2419],[35.2474,33.2402],[35.255,33.2401],[35.2599,33.241],[35.262,33.2468],[35.2644,33.2491],[35.2751,33.2493],[35.278,33.2408],[35.275,33.2372],[35.2839,33.2383],[35.2888,33.2365],[35.2962,33.2378],[35.2969,33.2426],[35.2931,33.2472],[35.2875,33.2496],[35.2884,33.2525],[35.286,33.2559],[35.2803,33.2562],[35.2784,33.2595],[35.2823,33.2625],[35.2809,33.2661],[35.2737,33.2667],[35.2724,33.2656],[35.2676,33.2671],[35.2643,33.2663],[35.2596,33.2699]]]},"properties":{"adm3_name":"Bazouriyeh","adm2_name":"Sour","adm1_name":"South"}},
{"type":"Feature","geometry":{"type":"Polygon","coordinates":[[[35.2793,33.2296],[35.2739,33.2304],[35.2675,33.2276],[35.2691,33.2253],[35.2643,33.2222],[35.2593,33.2215],[35.2556,33.2231],[35.2545,33.2217],[35.2575,33.2187],[35.2542,33.2163],[35.257,33.2123],[35.2612,33.2103],[35.2658,33.21],[35.2715,33.2108],[35.2755,33.2103],[35.2784,33.2117],[35.2826,33.2112],[35.2842,33.2143],[35.2901,33.2193],[35.2835,33.223],[35.2793,33.2296]]]},"properties":{"adm3_name":"Hanaouay","adm2_name":"Sour","adm1_name":"South"}},
{"type":"Feature","geometry":{"type":"Polygon","coordinates":[[[35.3585,33.2931],[35.3534,33.2917],[35.3563,33.2888],[35.3574,33.2837],[35.3559,33.2813],[35.3498,33.2779],[35.3589,33.2741],[35.3595,33.2772],[35.3622,33.2782],[35.3618,33.2853],[35.3654,33.2862],[35.3601,33.2925],[35.3585,33.2931]]]},"properties":{"adm3_name":"Bestiyat","adm2_name":"Sour","adm1_name":"South"}},
{"type":"Feature","geometry":{"type":"Polygon","coordinates":[[[35.4115,33.2697],[35.408,33.2701],[35.3944,33.268],[35.3925,33.2667],[35.3921,33.2638],[35.3933,33.2586],[35.3902,33.2589],[35.3919,33.2539],[35.3954,33.2498],[35.3987,33.244],[35.4014,33.2417],[35.4041,33.242],[35.4079,33.2374],[35.4115,33.2389],[35.413,33.2414],[35.4166,33.2425],[35.4157,33.2452],[35.416,33.2472],[35.4117,33.2556],[35.4111,33.2595],[35.4189,33.2645],[35.4212,33.2662],[35.4161,33.2693],[35.4115,33.2697]]]},"properties":{"adm3_name":"Deir Kifa","adm2_name":"Sour","adm1_name":"South"}},
{"type":"Feature","geometry":{"type":"Polygon","coordinates":[[[35.287,33.2901],[35.285,33.29],[35.285,33.2847],[35.2804,33.2827],[35.2768,33.2825],[35.2742,33.2851],[35.2647,33.2838],[35.2589,33.2844],[35.2547,33.2783],[35.2557,33.2754],[35.2591,33.2728],[35.2596,33.2699],[35.2643,33.2663],[35.2676,33.2671],[35.2724,33.2656],[35.2737,33.2667],[35.2809,33.2661],[35.2872,33.2664],[35.2881,33.2673],[35.2876,33.2732],[35.2902,33.2773],[35.2881,33.2827],[35.2893,33.2862],[35.288,33.289],[35.287,33.2901]]]},"properties":{"adm3_name":"Tayr Debbeh","adm2_name":"Sour","adm1_name":"South"}},
{"type":"Feature","geometry":{"type":"Polygon","coordinates":[[[35.3716,33.2551],[35.365,33.2509],[35.3609,33.2528],[35.3596,33.2499],[35.3618,33.2465],[35.3604,33.2423],[35.3656,33.238],[35.3687,33.2348],[35.3729,33.2337],[35.3757,33.2254],[35.3839,33.2261],[35.3862,33.2281],[35.387,33.2312],[35.3861,33.237],[35.3878,33.2424],[35.3914,33.2471],[35.3941,33.2489],[35.3905,33.2519],[35.3834,33.2508],[35.3764,33.2514],[35.3726,33.2529],[35.3716,33.2551]]]},"properties":{"adm3_name":"Chehabiyeh","adm2_name":"Sour","adm1_name":"South"}},
{"type":"Feature","geometry":{"type":"Polygon","coordinates":[[[35.3761,33.2859],[35.3749,33.2804],[35.3764,33.2766],[35.3815,33.2799],[35.3871,33.2796],[35.3899,33.2808],[35.3899,33.2833],[35.3812,33.2859],[35.3761,33.2859]]]},"properties":{"adm3_name":"Arzoun","adm2_name":"Sour","adm1_name":"South"}},
{"type":"Feature","geometry":{"type":"Polygon","coordinates":[[[35.3981,33.2756],[35.3927,33.2725],[35.3925,33.2667],[35.3944,33.268],[35.408,33.2701],[35.4115,33.2697],[35.412,33.2721],[35.4099,33.2742],[35.4065,33.2753],[35.4047,33.2775],[35.3981,33.2756]]]},"properties":{"adm3_name":"Niha Sour","adm2_name":"Sour","adm1_name":"South"}},
{"type":"Feature","geometry":{"type":"Polygon","coordinates":[[[35.2826,33.2112],[35.2784,33.2117],[35.2755,33.2103],[35.2715,33.2108],[35.2658,33.21],[35.2688,33.2056],[35.2679,33.2032],[35.2708,33.1943],[35.2763,33.193],[35.2797,33.1939],[35.2835,33.1948],[35.29,33.1943],[35.2854,33.2022],[35.2834,33.211],[35.2826,33.2112]]]},"properties":{"adm3_name":"Rmadiyeh","adm2_name":"Sour","adm1_name":"South"}},
{"type":"Feature","geometry":{"type":"Polygon","coordinates":[[[35.2901,33.2975],[35.287,33.2953],[35.287,33.2901],[35.288,33.289],[35.2907,33.29],[35.3015,33.289],[35.3039,33.2866],[35.3078,33.2857],[35.3095,33.2922],[35.3145,33.2917],[35.3166,33.2927],[35.3091,33.2939],[35.3072,33.2963],[35.3031,33.2964],[35.2938,33.2984],[35.2901,33.2975]]]},"properties":{"adm3_name":"Toura","adm2_name":"Sour","adm1_name":"South"}},
{"type":"Feature","geometry":{"type":"Polygon","coordinates":[[[35.2927,33.3036],[35.2912,33.3024],[35.2901,33.2975],[35.2938,33.2984],[35.3031,33.2964],[35.3072,33.2963],[35.3091,33.2939],[35.3166,33.2927],[35.3195,33.2948],[35.3279,33.2967],[35.3265,33.3005],[35.3225,33.3024],[35.3163,33.3075],[35.3153,33.3126],[35.3105,33.3112],[35.3094,33.309],[35.3053,33.3065],[35.2947,33.3069],[35.2927,33.3036]]]},"properties":{"adm3_name":"Deir Qanoun En-Nahr","adm2_name":"Sour","adm1_name":"South"}},
{"type":"Feature","geometry":{"type":"Polygon","coordinates":[[[35.3575,33.3085],[35.3564,33.3002],[35.3588,33.2983],[35.3585,33.2931],[35.3601,33.2925],[35.3657,33.2922],[35.3719,33.2904],[35.3727,33.2868],[35.3761,33.2859],[35.3812,33.2859],[35.3899,33.2833],[35.3927,33.2867],[35.3926,33.2894],[35.3948,33.2916],[35.3954,33.2952],[35.3929,33.3059],[35.3942,33.3082],[35.3913,33.3109],[35.3882,33.3105],[35.3868,33.3062],[35.3763,33.3061],[35.3711,33.3112],[35.3688,33.3126],[35.3665,33.3094],[35.3613,33.3107],[35.3575,33.3085]]]},"properties":{"adm3_name":"Chehour","adm2_name":"Sour","adm1_name":"South"}},
{"type":"Feature","geometry":{"type":"Polygon","coordinates":[[[35.3926,33.2894],[35.3927,33.2867],[35.3899,33.2833],[35.3899,33.2808],[35.3871,33.2796],[35.3907,33.2758],[35.3946,33.2772],[35.3981,33.2756],[35.4047,33.2775],[35.4065,33.2753],[35.4099,33.2742],[35.4138,33.278],[35.4148,33.2847],[35.4148,33.2849],[35.4082,33.286],[35.4034,33.286],[35.4021,33.2884],[35.399,33.2896],[35.3926,33.2894]]]},"properties":{"adm3_name":"Srifa","adm2_name":"Sour","adm1_name":"South"}},
{"type":"Feature","geometry":{"type":"Polygon","coordinates":[[[35.2658,33.21],[35.2612,33.2103],[35.257,33.2123],[35.2518,33.2098],[35.2552,33.2073],[35.2587,33.1986],[35.262,33.2023],[35.2679,33.2032],[35.2688,33.2056],[35.2658,33.21]]]},"properties":{"adm3_name":"Kneisset Sour","adm2_name":"Sour","adm1_name":"South"}},
{"type":"Feature","geometry":{"type":"Polygon","coordinates":[[[35.3274,33.3209],[35.3236,33.3221],[35.3189,33.3201],[35.3166,33.3244],[35.3107,33.3236],[35.3093,33.3211],[35.315,33.3148],[35.3153,33.3126],[35.3163,33.3075],[35.3225,33.3024],[35.3265,33.3005],[35.3279,33.2967],[35.33,33.2935],[35.3326,33.2932],[35.3385,33.2964],[35.3366,33.2987],[35.3364,33.3034],[35.338,33.3053],[35.3323,33.3114],[35.3309,33.3155],[35.3281,33.3154],[35.3274,33.3209]]]},"properties":{"adm3_name":"Halloussiyeh","adm2_name":"Sour","adm1_name":"South"}},
{"type":"Feature","geometry":{"type":"Polygon","coordinates":[[[35.3434,33.3264],[35.3325,33.3259],[35.3287,33.3264],[35.3269,33.3247],[35.3274,33.3209],[35.3281,33.3154],[35.3309,33.3155],[35.3323,33.3114],[35.338,33.3053],[35.3364,33.3034],[35.3366,33.2987],[35.3385,33.2964],[35.3443,33.3002],[35.3524,33.3024],[35.3564,33.3002],[35.3575,33.3085],[35.3573,33.3113],[35.3547,33.3134],[35.3475,33.3139],[35.3501,33.3193],[35.3465,33.321],[35.3442,33.3169],[35.3413,33.3174],[35.3434,33.3264]]]},"properties":{"adm3_name":"Tayr Falsay","adm2_name":"Sour","adm1_name":"South"}},
{"type":"Feature","geometry":{"type":"Polygon","coordinates":[[[35.4148,33.2847],[35.4138,33.278],[35.4099,33.2742],[35.412,33.2721],[35.4115,33.2697],[35.4161,33.2693],[35.4201,33.2714],[35.4257,33.2685],[35.4261,33.2721],[35.4295,33.2733],[35.4277,33.2771],[35.4298,33.2787],[35.4311,33.2836],[35.4304,33.2857],[35.4244,33.2849],[35.4205,33.2866],[35.4148,33.2847]]]},"properties":{"adm3_name":"Touayri","adm2_name":"Sour","adm1_name":"South"}},
{"type":"Feature","geometry":{"type":"Polygon","coordinates":[[[35.3078,33.3233],[35.3029,33.3255],[35.2991,33.3236],[35.294,33.3247],[35.2915,33.3223],[35.2903,33.32],[35.2916,33.3172],[35.2878,33.3157],[35.2874,33.3121],[35.2897,33.3086],[35.2873,33.3065],[35.2927,33.3036],[35.2947,33.3069],[35.3053,33.3065],[35.3094,33.309],[35.3105,33.3112],[35.3153,33.3126],[35.315,33.3148],[35.3093,33.3211],[35.3078,33.3233]]]},"properties":{"adm3_name":"Bedias","adm2_name":"Sour","adm1_name":"South"}},
{"type":"Feature","geometry":{"type":"Polygon","coordinates":[[[35.2707,33.3116],[35.259,33.3144],[35.254,33.3091],[35.2565,33.305],[35.2561,33.3013],[35.2573,33.2983],[35.254,33.2968],[35.2505,33.2916],[35.2435,33.2923],[35.2438,33.2958],[35.2407,33.2984],[35.2412,33.3009],[35.2367,33.3026],[35.2246,33.3033],[35.2213,33.3022],[35.2203,33.2979],[35.218,33.2936],[35.218,33.2875],[35.2139,33.2811],[35.2096,33.2765],[35.2139,33.2748],[35.2204,33.2769],[35.2214,33.273],[35.2255,33.2723],[35.2288,33.2732],[35.2338,33.2748],[35.2388,33.2783],[35.2421,33.279],[35.2442,33.2825],[35.2467,33.2821],[35.2547,33.2783],[35.2589,33.2844],[35.2647,33.2838],[35.2742,33.2851],[35.2768,33.2825],[35.2804,33.2827],[35.285,33.2847],[35.285,33.29],[35.287,33.2901],[35.287,33.2953],[35.2901,33.2975],[35.2912,33.3024],[35.2927,33.3036],[35.2873,33.3065],[35.2828,33.3066],[35.2807,33.3081],[35.2777,33.3068],[35.2761,33.31],[35.2707,33.3116]]]},"properties":{"adm3_name":"Aabbassiyet Sour","adm2_name":"Sour","adm1_name":"South"}},
{"type":"Feature","geometry":{"type":"Polygon","coordinates":[[[35.257,33.2123],[35.2542,33.2163],[35.2504,33.2139],[35.2452,33.2131],[35.2417,33.2153],[35.2392,33.2096],[35.2447,33.2005],[35.2553,33.196],[35.2598,33.1918],[35.2628,33.1919],[35.2664,33.1889],[35.2708,33.1874],[35.273,33.1851],[35.2765,33.1846],[35.2804,33.1859],[35.2812,33.1886],[35.2797,33.1939],[35.2763,33.193],[35.2708,33.1943],[35.2679,33.2032],[35.262,33.2023],[35.2587,33.1986],[35.2552,33.2073],[35.2518,33.2098],[35.257,33.2123]]]},"properties":{"adm3_name":"Chaaitiyeh","adm2_name":"Sour","adm1_name":"South"}},
{"type":"Feature","geometry":{"type":"Polygon","coordinates":[[[35.29,33.1943],[35.2835,33.1948],[35.2797,33.1939],[35.2812,33.1886],[35.2804,33.1859],[35.2765,33.1846],[35.2789,33.1819],[35.2782,33.1775],[35.2804,33.1737],[35.2805,33.1709],[35.278,33.1687],[35.2773,33.1622],[35.2748,33.1594],[35.2793,33.1534],[35.2845,33.1517],[35.2856,33.1439],[35.2925,33.1441],[35.3015,33.1412],[35.3026,33.1444],[35.3107,33.1565],[35.3108,33.1617],[35.3172,33.1624],[35.3226,33.1647],[35.3225,33.1661],[35.3155,33.1711],[35.3148,33.1726],[35.3045,33.1778],[35.2994,33.1787],[35.2986,33.1802],[35.3028,33.1837],[35.296,33.1892],[35.2946,33.1926],[35.29,33.1943]]]},"properties":{"adm3_name":"Jbal El-Botm","adm2_name":"Sour","adm1_name":"South"}},
{"type":"Feature","geometry":{"type":"Polygon","coordinates":[[[35.3942,33.3082],[35.3929,33.3059],[35.3954,33.2952],[35.3948,33.2916],[35.3926,33.2894],[35.399,33.2896],[35.4021,33.2884],[35.4034,33.286],[35.4082,33.286],[35.4148,33.2849],[35.4116,33.2886],[35.4103,33.2933],[35.4053,33.3007],[35.3983,33.3075],[35.3942,33.3082]]]},"properties":{"adm3_name":"Mazraat Tayr Semhat","adm2_name":"Sour","adm1_name":"South"}},
{"type":"Feature","geometry":{"type":"Polygon","coordinates":[[[35.2707,33.3116],[35.2761,33.31],[35.2777,33.3068],[35.2807,33.3081],[35.2828,33.3066],[35.2873,33.3065],[35.2897,33.3086],[35.2874,33.3121],[35.2816,33.3133],[35.2775,33.3168],[35.2703,33.314],[35.2707,33.3116]]]},"properties":{"adm3_name":"Borj Rahhal","adm2_name":"Sour","adm1_name":"South"}},
{"type":"Feature","geometry":{"type":"Polygon","coordinates":[[[35.4208,33.3153],[35.4212,33.3116],[35.4184,33.3089],[35.4143,33.3083],[35.4121,33.3054],[35.4053,33.3007],[35.4103,33.2933],[35.414,33.2951],[35.4201,33.3029],[35.4263,33.3073],[35.43,33.3112],[35.4312,33.3133],[35.4284,33.3154],[35.4208,33.3153]]]},"properties":{"adm3_name":"Marnba","adm2_name":"Sour","adm1_name":"South"}},
{"type":"Feature","geometry":{"type":"Polygon","coordinates":[[[35.2438,33.1362],[35.2447,33.132],[35.243,33.1293],[35.244,33.1247],[35.2434,33.1212],[35.2408,33.1191],[35.2417,33.1182],[35.2495,33.1179],[35.2567,33.1188],[35.2636,33.1213],[35.2681,33.1213],[35.274,33.1233],[35.2758,33.1263],[35.2747,33.1303],[35.2732,33.1342],[35.2679,33.1367],[35.2631,33.137],[35.2563,33.1372],[35.2531,33.14],[35.2466,33.1367],[35.2438,33.1362]]]},"properties":{"adm3_name":"Chihine","adm2_name":"Sour","adm1_name":"South"}},
{"type":"Feature","geometry":{"type":"Polygon","coordinates":[[[35.2765,33.1846],[35.273,33.1851],[35.2708,33.1874],[35.2664,33.1889],[35.2618,33.1865],[35.2574,33.187],[35.2587,33.1833],[35.2608,33.1808],[35.2599,33.1776],[35.2604,33.1677],[35.2542,33.1632],[35.2511,33.1578],[35.2568,33.1542],[35.2588,33.1516],[35.2602,33.145],[35.2634,33.14],[35.2631,33.137],[35.2679,33.1367],[35.2732,33.1342],[35.2747,33.1303],[35.2791,33.13],[35.2846,33.1279],[35.2903,33.1271],[35.2992,33.128],[35.3009,33.136],[35.3015,33.1412],[35.2925,33.1441],[35.2856,33.1439],[35.2845,33.1517],[35.2793,33.1534],[35.2748,33.1594],[35.2773,33.1622],[35.278,33.1687],[35.2805,33.1709],[35.2804,33.1737],[35.2782,33.1775],[35.2789,33.1819],[35.2765,33.1846]]]},"properties":{"adm3_name":"Zebqine","adm2_name":"Sour","adm1_name":"South"}},
{"type":"Feature","geometry":{"type":"Polygon","coordinates":[[[35.2447,33.2005],[35.2407,33.2004],[35.2281,33.2037],[35.2208,33.2052],[35.2174,33.2112],[35.2074,33.2137],[35.2061,33.2071],[35.2033,33.2004],[35.1959,33.1971],[35.1946,33.189],[35.1987,33.1886],[35.2008,33.1863],[35.2039,33.187],[35.2047,33.1891],[35.2097,33.1892],[35.2057,33.192],[35.2088,33.1946],[35.2174,33.1916],[35.2211,33.1913],[35.2244,33.1893],[35.2304,33.1892],[35.2316,33.185],[35.2379,33.1852],[35.2399,33.1838],[35.2437,33.1855],[35.2449,33.1812],[35.2532,33.1813],[35.2587,33.1833],[35.2574,33.187],[35.2618,33.1865],[35.2664,33.1889],[35.2628,33.1919],[35.2598,33.1918],[35.2553,33.196],[35.2447,33.2005]]]},"properties":{"adm3_name":"Qlaileh Sour","adm2_name":"Sour","adm1_name":"South"}},
{"type":"Feature","geometry":{"type":"Polygon","coordinates":[[[35.2571,33.3381],[35.2508,33.3398],[35.2448,33.3386],[35.245,33.3343],[35.2425,33.3321],[35.241,33.3279],[35.2356,33.324],[35.2387,33.323],[35.2404,33.3205],[35.2435,33.3196],[35.2453,33.3215],[35.2527,33.3184],[35.2484,33.3126],[35.254,33.3091],[35.259,33.3144],[35.2707,33.3116],[35.2703,33.314],[35.2775,33.3168],[35.2816,33.3133],[35.2874,33.3121],[35.2878,33.3157],[35.2916,33.3172],[35.2903,33.32],[35.287,33.3205],[35.2862,33.323],[35.2832,33.324],[35.2755,33.3242],[35.271,33.3218],[35.2691,33.3253],[35.2631,33.3249],[35.2586,33.327],[35.2597,33.3295],[35.2541,33.332],[35.2571,33.3381]]]},"properties":{"adm3_name":"Aain Abou Abdallah","adm2_name":"Sour","adm1_name":"South"}},
{"type":"Feature","geometry":{"type":"Polygon","coordinates":[[[35.234,33.1426],[35.2319,33.14],[35.2333,33.1355],[35.2305,33.1289],[35.231,33.1274],[35.2277,33.1222],[35.2244,33.1213],[35.2225,33.1188],[35.2261,33.1179],[35.234,33.1184],[35.2387,33.1173],[35.2399,33.1191],[35.2408,33.1191],[35.2434,33.1212],[35.244,33.1247],[35.243,33.1293],[35.2447,33.132],[35.2438,33.1362],[35.2384,33.1382],[35.234,33.1426]]]},"properties":{"adm3_name":"Jibbayn","adm2_name":"Sour","adm1_name":"South"}},
{"type":"Feature","geometry":{"type":"Polygon","coordinates":[[[35.2316,33.185],[35.2304,33.1892],[35.2244,33.1893],[35.2211,33.1913],[35.2174,33.1916],[35.2088,33.1946],[35.2057,33.192],[35.2097,33.1892],[35.2137,33.1856],[35.2195,33.1831],[35.2217,33.1844],[35.2247,33.183],[35.2316,33.185]]]},"properties":{"adm3_name":"Henniyeh","adm2_name":"Sour","adm1_name":"South"}},
{"type":"Feature","geometry":{"type":"Polygon","coordinates":[[[35.2097,33.1892],[35.2047,33.1891],[35.2039,33.187],[35.2077,33.1824],[35.2174,33.179],[35.2265,33.1713],[35.2334,33.1732],[35.2386,33.166],[35.247,33.1597],[35.2511,33.1578],[35.2542,33.1632],[35.2604,33.1677],[35.2599,33.1776],[35.2608,33.1808],[35.2587,33.1833],[35.2532,33.1813],[35.2449,33.1812],[35.2437,33.1855],[35.2399,33.1838],[35.2379,33.1852],[35.2316,33.185],[35.2247,33.183],[35.2217,33.1844],[35.2195,33.1831],[35.2137,33.1856],[35.2097,33.1892]]]},"properties":{"adm3_name":"Aaziyeh","adm2_name":"Sour","adm1_name":"South"}},
{"type":"Feature","geometry":{"type":"Polygon","coordinates":[[[35.2174,33.1475],[35.2132,33.1408],[35.2128,33.1377],[35.2173,33.1356],[35.2155,33.1303],[35.2136,33.1278],[35.2129,33.1211],[35.2169,33.1214],[35.2225,33.1188],[35.2244,33.1213],[35.2277,33.1222],[35.231,33.1274],[35.2305,33.1289],[35.2333,33.1355],[35.2319,33.14],[35.234,33.1426],[35.2311,33.1451],[35.2279,33.1448],[35.2254,33.147],[35.2229,33.146],[35.2174,33.1475]]]},"properties":{"adm3_name":"Tayr Harfa","adm2_name":"Sour","adm1_name":"South"}},
{"type":"Feature","geometry":{"type":"Polygon","coordinates":[[[35.2039,33.187],[35.2008,33.1863],[35.1987,33.1886],[35.1946,33.189],[35.1922,33.1819],[35.1871,33.1717],[35.1835,33.1691],[35.1933,33.1653],[35.199,33.1615],[35.2053,33.1606],[35.2068,33.1593],[35.2082,33.1583],[35.2079,33.1628],[35.2143,33.1629],[35.2202,33.1652],[35.2247,33.1643],[35.2299,33.1649],[35.227,33.1679],[35.2265,33.1713],[35.2174,33.179],[35.2077,33.1824],[35.2039,33.187]]]},"properties":{"adm3_name":"Mansouri Sour","adm2_name":"Sour","adm1_name":"South"}},
{"type":"Feature","geometry":{"type":"Polygon","coordinates":[[[35.2265,33.1713],[35.227,33.1679],[35.2299,33.1649],[35.2247,33.1643],[35.2202,33.1652],[35.2143,33.1629],[35.2079,33.1628],[35.2082,33.1583],[35.2098,33.1571],[35.2132,33.1513],[35.2174,33.1475],[35.2229,33.146],[35.2254,33.147],[35.2279,33.1448],[35.2311,33.1451],[35.234,33.1426],[35.2384,33.1382],[35.2438,33.1362],[35.2466,33.1367],[35.2531,33.14],[35.2563,33.1372],[35.2631,33.137],[35.2634,33.14],[35.2602,33.145],[35.2588,33.1516],[35.2568,33.1542],[35.2511,33.1578],[35.247,33.1597],[35.2386,33.166],[35.2334,33.1732],[35.2265,33.1713]]]},"properties":{"adm3_name":"Majdelzoun","adm2_name":"Sour","adm1_name":"South"}},
{"type":"Feature","geometry":{"type":"Polygon","coordinates":[[[35.2082,33.1583],[35.2068,33.1593],[35.2048,33.1543],[35.2002,33.1533],[35.1947,33.1484],[35.1928,33.1435],[35.1888,33.1381],[35.1899,33.1375],[35.1978,33.1324],[35.1997,33.1341],[35.2128,33.1377],[35.2132,33.1408],[35.2174,33.1475],[35.2132,33.1513],[35.2098,33.1571],[35.2082,33.1583]]]},"properties":{"adm3_name":"Chamaa","adm2_name":"Sour","adm1_name":"South"}},
{"type":"Feature","geometry":{"type":"Polygon","coordinates":[[[35.2068,33.1593],[35.2053,33.1606],[35.199,33.1615],[35.1933,33.1653],[35.1835,33.1691],[35.1777,33.1647],[35.1732,33.1642],[35.1698,33.1652],[35.1666,33.1638],[35.166,33.1607],[35.1591,33.152],[35.1656,33.1478],[35.1716,33.1454],[35.1768,33.1476],[35.1806,33.1451],[35.1849,33.1402],[35.1888,33.1381],[35.1928,33.1435],[35.1947,33.1484],[35.2002,33.1533],[35.2048,33.1543],[35.2068,33.1593]]]},"properties":{"adm3_name":"Iskandarouna Sour","adm2_name":"Sour","adm1_name":"South"}},
{"type":"Feature","geometry":{"type":"Polygon","coordinates":[[[35.2452,33.1051],[35.2425,33.1059],[35.2386,33.1111],[35.2411,33.1152],[35.2399,33.1191],[35.2387,33.1173],[35.234,33.1184],[35.2261,33.1179],[35.2299,33.1114],[35.2238,33.1116],[35.2246,33.108],[35.2297,33.1053],[35.2299,33.1],[35.232,33.0982],[35.2376,33.0972],[35.2418,33.0928],[35.247,33.0948],[35.2464,33.0982],[35.2438,33.1019],[35.2452,33.1051]]]},"properties":{"adm3_name":"Yarine","adm2_name":"Sour","adm1_name":"South"}},
{"type":"Feature","geometry":{"type":"Polygon","coordinates":[[[35.2992,33.128],[35.2903,33.1271],[35.2846,33.1279],[35.2791,33.13],[35.2747,33.1303],[35.2758,33.1263],[35.274,33.1233],[35.2681,33.1213],[35.2636,33.1213],[35.2567,33.1188],[35.2495,33.1179],[35.2417,33.1182],[35.2443,33.1158],[35.2497,33.1148],[35.2523,33.1118],[35.2579,33.1083],[35.266,33.1057],[35.2752,33.1045],[35.2772,33.1008],[35.2814,33.1012],[35.2881,33.1058],[35.2946,33.1081],[35.2963,33.107],[35.3026,33.1101],[35.3032,33.1141],[35.3,33.1255],[35.2992,33.128]]]},"properties":{"adm3_name":"Merouahine","adm2_name":"Sour","adm1_name":"South"}},
{"type":"Feature","geometry":{"type":"Polygon","coordinates":[[[35.134,33.0913],[35.1342,33.0987],[35.1366,33.1072],[35.1354,33.1113],[35.1404,33.113],[35.146,33.1125],[35.1469,33.1086],[35.1487,33.1068],[35.1559,33.1057],[35.1592,33.1042],[35.1603,33.1076],[35.1562,33.1107],[35.1544,33.1142],[35.1578,33.1156],[35.1556,33.1193],[35.1519,33.1208],[35.1512,33.124],[35.1483,33.1281],[35.1469,33.1298],[35.1429,33.1262],[35.1391,33.1262],[35.1333,33.1237],[35.1303,33.1206],[35.1243,33.1188],[35.1213,33.1168],[35.1159,33.1154],[35.1129,33.113],[35.1094,33.1085],[35.1057,33.102],[35.1036,33.0953],[35.1158,33.0924],[35.1256,33.0925],[35.134,33.0913]]]},"properties":{"adm3_name":"Borj En-Naqoura","adm2_name":"Sour","adm1_name":"South"}},
{"type":"Feature","geometry":{"type":"Polygon","coordinates":[[[35.1888,33.1381],[35.1849,33.1402],[35.1806,33.1451],[35.1768,33.1476],[35.1716,33.1454],[35.1656,33.1478],[35.1591,33.152],[35.1575,33.1474],[35.1552,33.1442],[35.1535,33.138],[35.1492,33.131],[35.1469,33.1298],[35.1483,33.1281],[35.1524,33.1263],[35.1607,33.1253],[35.1685,33.1206],[35.1738,33.1218],[35.1798,33.1199],[35.1833,33.1247],[35.179,33.1266],[35.1817,33.1321],[35.1852,33.1367],[35.1899,33.1375],[35.1888,33.1381]]]},"properties":{"adm3_name":"Hamoul","adm2_name":"Sour","adm1_name":"South"}},
{"type":"Feature","geometry":{"type":"Polygon","coordinates":[[[35.1798,33.1199],[35.1738,33.1218],[35.1685,33.1206],[35.1607,33.1253],[35.1524,33.1263],[35.1483,33.1281],[35.1512,33.124],[35.1519,33.1208],[35.1556,33.1193],[35.1578,33.1156],[35.1544,33.1142],[35.1562,33.1107],[35.1603,33.1076],[35.1592,33.1042],[35.1559,33.1057],[35.1487,33.1068],[35.1469,33.1086],[35.146,33.1125],[35.1404,33.113],[35.1354,33.1113],[35.1366,33.1072],[35.1342,33.0987],[35.134,33.0913],[35.1403,33.0919],[35.1481,33.0911],[35.1558,33.0914],[35.1554,33.0859],[35.1701,33.0912],[35.172,33.0933],[35.1784,33.0938],[35.1857,33.0895],[35.1901,33.0892],[35.1931,33.0851],[35.204,33.0884],[35.2085,33.0906],[35.2068,33.0943],[35.2103,33.0985],[35.2065,33.1013],[35.205,33.1055],[35.1983,33.1069],[35.2016,33.1097],[35.1983,33.1158],[35.1946,33.1174],[35.1816,33.1187],[35.1798,33.1199]]]},"properties":{"adm3_name":"Aalma Ech-Chaab","adm2_name":"Sour","adm1_name":"South"}},
{"type":"Feature","geometry":{"type":"Polygon","coordinates":[[[35.1978,33.1324],[35.1899,33.1375],[35.1852,33.1367],[35.1817,33.1321],[35.179,33.1266],[35.1833,33.1247],[35.1798,33.1199],[35.1816,33.1187],[35.1946,33.1174],[35.1981,33.1211],[35.2011,33.1245],[35.2008,33.1276],[35.1978,33.1324]]]},"properties":{"adm3_name":"Jijim","adm2_name":"Sour","adm1_name":"South"}},
{"type":"Feature","geometry":{"type":"Polygon","coordinates":[[[35.2128,33.1377],[35.1997,33.1341],[35.1978,33.1324],[35.2008,33.1276],[35.2011,33.1245],[35.1981,33.1211],[35.2058,33.1198],[35.2104,33.1178],[35.2129,33.1211],[35.2136,33.1278],[35.2155,33.1303],[35.2173,33.1356],[35.2128,33.1377]]]},"properties":{"adm3_name":"Abou Chech","adm2_name":"Sour","adm1_name":"South"}},
{"type":"Feature","geometry":{"type":"Polygon","coordinates":[[[35.2751,33.1007],[35.2713,33.1018],[35.2631,33.1023],[35.2517,33.1075],[35.2465,33.1067],[35.2452,33.1051],[35.2438,33.1019],[35.2464,33.0982],[35.247,33.0948],[35.255,33.0956],[35.2696,33.1],[35.2751,33.1007]]]},"properties":{"adm3_name":"Boustane","adm2_name":"Sour","adm1_name":"South"}},
{"type":"Feature","geometry":{"type":"Polygon","coordinates":[[[35.2104,33.1178],[35.2058,33.1198],[35.1981,33.1211],[35.1946,33.1174],[35.1983,33.1158],[35.2016,33.1097],[35.1983,33.1069],[35.205,33.1055],[35.2065,33.1013],[35.2103,33.0985],[35.2118,33.0998],[35.2166,33.0998],[35.2165,33.1036],[35.2139,33.1056],[35.2137,33.1105],[35.2107,33.114],[35.2104,33.1178]]]},"properties":{"adm3_name":"Btaychiyeh","adm2_name":"Sour","adm1_name":"South"}},
{"type":"Feature","geometry":{"type":"Polygon","coordinates":[[[35.2225,33.1188],[35.2169,33.1214],[35.2129,33.1211],[35.2104,33.1178],[35.2107,33.114],[35.2137,33.1105],[35.2139,33.1056],[35.2165,33.1036],[35.2166,33.0998],[35.2266,33.0985],[35.2305,33.0943],[35.2379,33.0921],[35.2418,33.0928],[35.2376,33.0972],[35.232,33.0982],[35.2299,33.1],[35.2297,33.1053],[35.2246,33.108],[35.2238,33.1116],[35.2299,33.1114],[35.2261,33.1179],[35.2225,33.1188]]]},"properties":{"adm3_name":"Dhayra","adm2_name":"Sour","adm1_name":"South"}},
{"type":"Feature","geometry":{"type":"Polygon","coordinates":[[[35.2408,33.1191],[35.2399,33.1191],[35.2411,33.1152],[35.2386,33.1111],[35.2425,33.1059],[35.2452,33.1051],[35.2465,33.1067],[35.2517,33.1075],[35.2631,33.1023],[35.2713,33.1018],[35.2751,33.1007],[35.2772,33.1008],[35.2752,33.1045],[35.266,33.1057],[35.2579,33.1083],[35.2523,33.1118],[35.2497,33.1148],[35.2443,33.1158],[35.2417,33.1182],[35.2408,33.1191]]]},"properties":{"adm3_name":"Mazraat Ez-Zalloutiyeh","adm2_name":"Sour","adm1_name":"South"}},
{"type":"Feature","geometry":{"type":"Polygon","coordinates":[[[35.5785,33.5838],[35.577,33.5867],[35.5737,33.5849],[35.5785,33.5838]]]},"properties":{"adm3_name":"Litige","adm2_name":"Jezzine","adm1_name":"South"}},
{"type":"Feature","geometry":{"type":"Polygon","coordinates":[[[35.5471,33.4868],[35.5468,33.4865],[35.5487,33.4798],[35.5513,33.4784],[35.5551,33.4791],[35.5527,33.4825],[35.5519,33.4872],[35.5471,33.4868]]]},"properties":{"adm3_name":"Litige","adm2_name":"Jezzine","adm1_name":"South"}},
{"type":"Feature","geometry":{"type":"Polygon","coordinates":[[[35.543,33.4602],[35.5436,33.4623],[35.5424,33.4681],[35.5437,33.4696],[35.5368,33.4673],[35.5367,33.4631],[35.5406,33.4591],[35.543,33.4602]]]},"properties":{"adm3_name":"Litige","adm2_name":"Jezzine","adm1_name":"South"}},
{"type":"Feature","geometry":{"type":"Polygon","coordinates":[[[35.5896,33.5513],[35.5848,33.5484],[35.5834,33.5453],[35.5755,33.5472],[35.5726,33.5504],[35.5739,33.5484],[35.5729,33.5454],[35.5639,33.5457],[35.5628,33.547],[35.561,33.541],[35.5601,33.5393],[35.5606,33.5306],[35.5587,33.5253],[35.5569,33.517],[35.5587,33.5175],[35.5604,33.5116],[35.5643,33.5083],[35.566,33.5074],[35.5718,33.5106],[35.5769,33.5103],[35.5802,33.5089],[35.5845,33.5092],[35.5856,33.5061],[35.5911,33.5021],[35.5973,33.5029],[35.6004,33.5018],[35.6054,33.5065],[35.6092,33.5086],[35.6121,33.513],[35.6162,33.5203],[35.6142,33.5255],[35.6121,33.537],[35.6098,33.5426],[35.605,33.546],[35.6023,33.5462],[35.5998,33.5492],[35.5966,33.5501],[35.5938,33.5567],[35.5986,33.5616],[35.5992,33.5658],[35.594,33.5628],[35.5896,33.5513]]]},"properties":{"adm3_name":"Jezzine","adm2_name":"Jezzine","adm1_name":"South"}},
{"type":"Feature","geometry":{"type":"Polygon","coordinates":[[[35.5849,33.5564],[35.5801,33.5555],[35.5726,33.5504],[35.5755,33.5472],[35.5834,33.5453],[35.5848,33.5484],[35.5896,33.5513],[35.587,33.5526],[35.5849,33.5564]]]},"properties":{"adm3_name":"Wadi Jezzine","adm2_name":"Jezzine","adm1_name":"South"}},
{"type":"Feature","geometry":{"type":"Polygon","coordinates":[[[35.5491,33.5472],[35.55,33.5418],[35.555,33.5417],[35.557,33.5389],[35.5601,33.5393],[35.561,33.541],[35.5608,33.5448],[35.556,33.5455],[35.5531,33.5475],[35.5491,33.5472]]]},"properties":{"adm3_name":"Qabaa Jezzine","adm2_name":"Jezzine","adm1_name":"South"}},
{"type":"Feature","geometry":{"type":"Polygon","coordinates":[[[35.548,33.5479],[35.5405,33.5443],[35.5318,33.5377],[35.5393,33.5365],[35.5433,33.5346],[35.5487,33.5332],[35.552,33.5286],[35.5519,33.5258],[35.5587,33.5253],[35.5606,33.5306],[35.5601,33.5393],[35.557,33.5389],[35.555,33.5417],[35.55,33.5418],[35.5491,33.5472],[35.548,33.5479]]]},"properties":{"adm3_name":"Qaytouleh","adm2_name":"Jezzine","adm1_name":"South"}},
{"type":"Feature","geometry":{"type":"Polygon","coordinates":[[[35.5926,33.5767],[35.5882,33.5761],[35.5841,33.5704],[35.5826,33.5716],[35.577,33.572],[35.5707,33.5713],[35.569,33.5695],[35.5684,33.5655],[35.5623,33.5618],[35.5598,33.5576],[35.5605,33.5506],[35.5628,33.547],[35.5639,33.5457],[35.5729,33.5454],[35.5739,33.5484],[35.5726,33.5504],[35.5801,33.5555],[35.5849,33.5564],[35.5843,33.5614],[35.5871,33.5646],[35.5928,33.5765],[35.5926,33.5767]]]},"properties":{"adm3_name":"Bkassine","adm2_name":"Jezzine","adm1_name":"South"}},
{"type":"Feature","geometry":{"type":"Polygon","coordinates":[[[35.5529,33.5528],[35.5499,33.5504],[35.548,33.5479],[35.5491,33.5472],[35.5531,33.5475],[35.556,33.5455],[35.5608,33.5448],[35.561,33.541],[35.5628,33.547],[35.5605,33.5506],[35.5598,33.5576],[35.5513,33.5576],[35.5529,33.5528]]]},"properties":{"adm3_name":"Homsiyeh","adm2_name":"Jezzine","adm1_name":"South"}},
{"type":"Feature","geometry":{"type":"Polygon","coordinates":[[[35.5928,33.5765],[35.5871,33.5646],[35.5843,33.5614],[35.5849,33.5564],[35.587,33.5526],[35.5896,33.5513],[35.594,33.5628],[35.5992,33.5658],[35.5986,33.5616],[35.6023,33.5687],[35.6054,33.5711],[35.6035,33.5718],[35.5928,33.5765]]]},"properties":{"adm3_name":"Aaray","adm2_name":"Jezzine","adm1_name":"South"}},
{"type":"Feature","geometry":{"type":"Polygon","coordinates":[[[35.566,33.5716],[35.5636,33.5642],[35.5623,33.5618],[35.5684,33.5655],[35.569,33.5695],[35.566,33.5716]]]},"properties":{"adm3_name":"Sabbah","adm2_name":"Jezzine","adm1_name":"South"}},
{"type":"Feature","geometry":{"type":"Polygon","coordinates":[[[35.5587,33.5253],[35.5519,33.5258],[35.5418,33.5237],[35.5403,33.52],[35.541,33.5161],[35.5469,33.5139],[35.5507,33.5141],[35.5569,33.517],[35.5587,33.5253]]]},"properties":{"adm3_name":"Haytoura","adm2_name":"Jezzine","adm1_name":"South"}},
{"type":"Feature","geometry":{"type":"Polygon","coordinates":[[[35.5825,33.5902],[35.5816,33.5851],[35.5785,33.5838],[35.5756,33.581],[35.5769,33.5796],[35.5839,33.5788],[35.5918,33.5818],[35.5899,33.5872],[35.5867,33.5868],[35.5825,33.5902]]]},"properties":{"adm3_name":"Ghabbatiyeh","adm2_name":"Jezzine","adm1_name":"South"}},
{"type":"Feature","geometry":{"type":"Polygon","coordinates":[[[35.5918,33.5818],[35.5839,33.5788],[35.5769,33.5796],[35.5735,33.58],[35.5715,33.5764],[35.5686,33.5751],[35.566,33.5716],[35.569,33.5695],[35.5707,33.5713],[35.577,33.572],[35.5826,33.5716],[35.5841,33.5704],[35.5882,33.5761],[35.5926,33.5767],[35.5918,33.5818]]]},"properties":{"adm3_name":"Benouati Jezzine","adm2_name":"Jezzine","adm1_name":"South"}},
{"type":"Feature","geometry":{"type":"Polygon","coordinates":[[[35.5301,33.5266],[35.5297,33.5216],[35.5332,33.5202],[35.5403,33.52],[35.5418,33.5237],[35.5519,33.5258],[35.552,33.5286],[35.5487,33.5332],[35.5433,33.5346],[35.5423,33.5301],[35.5389,33.5309],[35.5358,33.5287],[35.5301,33.5266]]]},"properties":{"adm3_name":"Maknounet Jezzine","adm2_name":"Jezzine","adm1_name":"South"}},
{"type":"Feature","geometry":{"type":"Polygon","coordinates":[[[35.5463,33.5766],[35.5489,33.5764],[35.5497,33.5731],[35.5463,33.572],[35.5445,33.5689],[35.5442,33.5684],[35.5465,33.5679],[35.5484,33.5646],[35.5446,33.564],[35.5424,33.5612],[35.5469,33.5581],[35.5486,33.5554],[35.5529,33.5528],[35.5513,33.5576],[35.5598,33.5576],[35.5623,33.5618],[35.5636,33.5642],[35.5636,33.5682],[35.5608,33.5704],[35.557,33.5757],[35.5521,33.5777],[35.5476,33.5795],[35.5463,33.5766]]]},"properties":{"adm3_name":"Btedine El-Leqch","adm2_name":"Jezzine","adm1_name":"South"}},
{"type":"Feature","geometry":{"type":"Polygon","coordinates":[[[35.5569,33.517],[35.5507,33.5141],[35.5529,33.511],[35.5513,33.5057],[35.5516,33.503],[35.5481,33.4988],[35.5555,33.4971],[35.5583,33.5022],[35.5598,33.5078],[35.5643,33.5083],[35.5604,33.5116],[35.5587,33.5175],[35.5569,33.517]]]},"properties":{"adm3_name":"Roummanet","adm2_name":"Jezzine","adm1_name":"South"}},
{"type":"Feature","geometry":{"type":"Polygon","coordinates":[[[35.5667,33.5795],[35.5686,33.5751],[35.5715,33.5764],[35.5735,33.58],[35.5769,33.5796],[35.5756,33.581],[35.5747,33.5832],[35.5703,33.5837],[35.5667,33.5795]]]},"properties":{"adm3_name":"Machmoucheh","adm2_name":"Jezzine","adm1_name":"South"}},
{"type":"Feature","geometry":{"type":"Polygon","coordinates":[[[35.5663,33.5977],[35.5615,33.5974],[35.559,33.5946],[35.555,33.5946],[35.555,33.592],[35.5579,33.5906],[35.5593,33.5878],[35.5582,33.5846],[35.5595,33.5772],[35.5655,33.5774],[35.5667,33.5795],[35.5703,33.5837],[35.5747,33.5832],[35.5756,33.581],[35.5785,33.5838],[35.5737,33.5849],[35.577,33.5867],[35.5793,33.5879],[35.5778,33.5907],[35.5715,33.5906],[35.5674,33.5918],[35.566,33.5942],[35.5663,33.5977]]]},"properties":{"adm3_name":"Midane Jezzine","adm2_name":"Jezzine","adm1_name":"South"}},
{"type":"Feature","geometry":{"type":"Polygon","coordinates":[[[35.5769,33.5103],[35.5718,33.5106],[35.566,33.5074],[35.5643,33.5083],[35.5598,33.5078],[35.5583,33.5022],[35.5555,33.4971],[35.5579,33.494],[35.5642,33.4923],[35.5669,33.4946],[35.5659,33.4969],[35.5758,33.4988],[35.5779,33.502],[35.5759,33.5051],[35.5769,33.5103]]]},"properties":{"adm3_name":"Jabal Toura","adm2_name":"Jezzine","adm1_name":"South"}},
{"type":"Feature","geometry":{"type":"Polygon","coordinates":[[[35.6121,33.513],[35.6092,33.5086],[35.6054,33.5065],[35.6004,33.5018],[35.5973,33.5029],[35.5911,33.5021],[35.5856,33.5061],[35.5845,33.5092],[35.5802,33.5089],[35.5769,33.5103],[35.5759,33.5051],[35.5779,33.502],[35.5758,33.4988],[35.5659,33.4969],[35.5669,33.4946],[35.5642,33.4923],[35.5579,33.494],[35.5616,33.4912],[35.5568,33.4892],[35.5539,33.485],[35.557,33.4826],[35.5558,33.4777],[35.5595,33.4743],[35.5667,33.4711],[35.5759,33.4719],[35.5813,33.4712],[35.5801,33.4688],[35.5837,33.4646],[35.5879,33.4658],[35.5919,33.4719],[35.5956,33.4744],[35.6024,33.4728],[35.6113,33.4595],[35.6146,33.4608],[35.6175,33.4628],[35.6212,33.4709],[35.6211,33.4742],[35.6197,33.4755],[35.6235,33.4803],[35.6249,33.491],[35.6233,33.4925],[35.6179,33.4921],[35.62,33.4983],[35.6192,33.505],[35.6135,33.5031],[35.6091,33.5045],[35.6144,33.5082],[35.6121,33.513]]]},"properties":{"adm3_name":"Kfar Houneh","adm2_name":"Jezzine","adm1_name":"South"}},
{"type":"Feature","geometry":{"type":"Polygon","coordinates":[[[35.555,33.592],[35.5533,33.5896],[35.5494,33.5897],[35.5478,33.5873],[35.5434,33.5847],[35.5468,33.5846],[35.551,33.5871],[35.5499,33.5811],[35.5521,33.5777],[35.557,33.5757],[35.5608,33.5704],[35.5636,33.5682],[35.5636,33.5642],[35.566,33.5716],[35.5686,33.5751],[35.5667,33.5795],[35.5655,33.5774],[35.5595,33.5772],[35.5582,33.5846],[35.5593,33.5878],[35.5579,33.5906],[35.555,33.592]]]},"properties":{"adm3_name":"Harf Jezzine","adm2_name":"Jezzine","adm1_name":"South"}},
{"type":"Feature","geometry":{"type":"Polygon","coordinates":[[[35.5409,33.5683],[35.5398,33.5635],[35.5417,33.5592],[35.5469,33.5581],[35.5424,33.5612],[35.5446,33.564],[35.5484,33.5646],[35.5465,33.5679],[35.5442,33.5684],[35.5409,33.5683]]]},"properties":{"adm3_name":"Behbeh","adm2_name":"Jezzine","adm1_name":"South"}},
{"type":"Feature","geometry":{"type":"Polygon","coordinates":[[[35.5507,33.5141],[35.5469,33.5139],[35.541,33.5161],[35.5414,33.5124],[35.537,33.5092],[35.5513,33.5057],[35.5529,33.511],[35.5507,33.5141]]]},"properties":{"adm3_name":"Zhilta","adm2_name":"Jezzine","adm1_name":"South"}},
{"type":"Feature","geometry":{"type":"Polygon","coordinates":[[[35.5899,33.5872],[35.5918,33.5818],[35.5926,33.5767],[35.5928,33.5765],[35.6035,33.5718],[35.6039,33.5772],[35.6011,33.5827],[35.5949,33.5924],[35.587,33.5889],[35.5899,33.5872]]]},"properties":{"adm3_name":"Bhannine","adm2_name":"Jezzine","adm1_name":"South"}},
{"type":"Feature","geometry":{"type":"Polygon","coordinates":[[[35.527,33.569],[35.5276,33.5595],[35.5312,33.5555],[35.5371,33.5549],[35.5426,33.5524],[35.5499,33.5504],[35.5529,33.5528],[35.5486,33.5554],[35.5469,33.5581],[35.5417,33.5592],[35.5398,33.5635],[35.5409,33.5683],[35.5371,33.5692],[35.5347,33.5713],[35.527,33.569]]]},"properties":{"adm3_name":"Aazour","adm2_name":"Jezzine","adm1_name":"South"}},
{"type":"Feature","geometry":{"type":"Polygon","coordinates":[[[35.5445,33.5689],[35.5463,33.572],[35.5497,33.5731],[35.5489,33.5764],[35.5463,33.5766],[35.5432,33.5707],[35.5445,33.5689]]]},"properties":{"adm3_name":"Taaid","adm2_name":"Jezzine","adm1_name":"South"}},
{"type":"Feature","geometry":{"type":"Polygon","coordinates":[[[35.5521,33.5777],[35.5499,33.5811],[35.551,33.5871],[35.5468,33.5846],[35.5434,33.5847],[35.5353,33.5803],[35.5328,33.5812],[35.5263,33.5802],[35.5264,33.5772],[35.5217,33.575],[35.5166,33.5729],[35.5177,33.5704],[35.5214,33.5693],[35.527,33.569],[35.5347,33.5713],[35.5371,33.5692],[35.5409,33.5683],[35.5442,33.5684],[35.5445,33.5689],[35.5432,33.5707],[35.5463,33.5766],[35.5476,33.5795],[35.5521,33.5777]]]},"properties":{"adm3_name":"Bisri","adm2_name":"Jezzine","adm1_name":"South"}},
{"type":"Feature","geometry":{"type":"Polygon","coordinates":[[[35.5555,33.4971],[35.5481,33.4988],[35.5463,33.4944],[35.5412,33.4879],[35.5471,33.4868],[35.5519,33.4872],[35.5527,33.4825],[35.5551,33.4791],[35.5558,33.4777],[35.557,33.4826],[35.5539,33.485],[35.5568,33.4892],[35.5616,33.4912],[35.5579,33.494],[35.5555,33.4971]]]},"properties":{"adm3_name":"Mazraat Er-Rouhbane","adm2_name":"Jezzine","adm1_name":"South"}},
{"type":"Feature","geometry":{"type":"Polygon","coordinates":[[[35.4757,33.5657],[35.4711,33.5685],[35.4665,33.5649],[35.4628,33.5649],[35.4667,33.5609],[35.4659,33.5555],[35.4648,33.5442],[35.4596,33.5417],[35.4634,33.542],[35.4655,33.5403],[35.4718,33.5383],[35.4746,33.5361],[35.4703,33.5305],[35.4768,33.5291],[35.4757,33.5259],[35.4758,33.5248],[35.4789,33.526],[35.4828,33.5303],[35.4934,33.5382],[35.4967,33.5391],[35.4933,33.5433],[35.4831,33.5435],[35.4781,33.5456],[35.4778,33.5476],[35.4866,33.5518],[35.4859,33.5571],[35.4831,33.5618],[35.4794,33.5629],[35.4757,33.5657]]]},"properties":{"adm3_name":"Kfar Falous","adm2_name":"Jezzine","adm1_name":"South"}},
{"type":"Feature","geometry":{"type":"Polygon","coordinates":[[[35.4588,33.5417],[35.4516,33.5415],[35.4503,33.5398],[35.4541,33.5387],[35.4558,33.5365],[35.4514,33.5336],[35.4579,33.5327],[35.459,33.5292],[35.4625,33.531],[35.4703,33.5305],[35.4746,33.5361],[35.4718,33.5383],[35.4655,33.5403],[35.4634,33.542],[35.4596,33.5417],[35.4588,33.5417]]]},"properties":{"adm3_name":"A'ain El-Mir (El Establ)","adm2_name":"Jezzine","adm1_name":"South"}},
{"type":"Feature","geometry":{"type":"Polygon","coordinates":[[[35.46,33.5557],[35.4596,33.5518],[35.4605,33.5454],[35.4588,33.5417],[35.4596,33.5417],[35.4648,33.5442],[35.4659,33.5555],[35.46,33.5557]]]},"properties":{"adm3_name":"Mrah El-Hbasse","adm2_name":"Jezzine","adm1_name":"South"}},
{"type":"Feature","geometry":{"type":"Polygon","coordinates":[[[35.4424,33.5382],[35.4426,33.5355],[35.4449,33.5325],[35.4494,33.532],[35.4514,33.5336],[35.4558,33.5365],[35.4541,33.5387],[35.4503,33.5398],[35.4483,33.5383],[35.4424,33.5382]]]},"properties":{"adm3_name":"Bayssour Jezzine","adm2_name":"Jezzine","adm1_name":"South"}},
{"type":"Feature","geometry":{"type":"Polygon","coordinates":[[[35.4758,33.5248],[35.4757,33.5259],[35.4724,33.5258],[35.4705,33.5232],[35.4672,33.5218],[35.4623,33.5215],[35.4618,33.5195],[35.4683,33.516],[35.4733,33.515],[35.4768,33.5154],[35.4796,33.5162],[35.4758,33.5248]]]},"properties":{"adm3_name":"Haytouleh","adm2_name":"Jezzine","adm1_name":"South"}},
{"type":"Feature","geometry":{"type":"Polygon","coordinates":[[[35.4452,33.5595],[35.4458,33.5566],[35.4491,33.5535],[35.4477,33.5498],[35.4435,33.5478],[35.4422,33.5439],[35.4427,33.5408],[35.4471,33.5386],[35.4503,33.5398],[35.4516,33.5415],[35.4588,33.5417],[35.4605,33.5454],[35.4596,33.5518],[35.46,33.5557],[35.4564,33.5597],[35.454,33.5604],[35.4452,33.5595]]]},"properties":{"adm3_name":"Lebaa","adm2_name":"Jezzine","adm1_name":"South"}},
{"type":"Feature","geometry":{"type":"Polygon","coordinates":[[[35.4325,33.5323],[35.4327,33.5306],[35.4405,33.5232],[35.445,33.5245],[35.4508,33.5236],[35.4561,33.5251],[35.459,33.5292],[35.4579,33.5327],[35.4514,33.5336],[35.4494,33.532],[35.4449,33.5325],[35.441,33.5329],[35.4348,33.5317],[35.4325,33.5323]]]},"properties":{"adm3_name":"Mharbiyeh","adm2_name":"Jezzine","adm1_name":"South"}},
{"type":"Feature","geometry":{"type":"Polygon","coordinates":[[[35.4703,33.5305],[35.4625,33.531],[35.459,33.5292],[35.4561,33.5251],[35.4596,33.5241],[35.4623,33.5215],[35.4672,33.5218],[35.4705,33.5232],[35.4724,33.5258],[35.4757,33.5259],[35.4768,33.5291],[35.4703,33.5305]]]},"properties":{"adm3_name":"Ouadi El-Laymoun","adm2_name":"Jezzine","adm1_name":"South"}},
{"type":"Feature","geometry":{"type":"Polygon","coordinates":[[[35.497,33.5682],[35.495,33.5661],[35.4863,33.5652],[35.4831,33.5618],[35.4859,33.5571],[35.4866,33.5518],[35.4778,33.5476],[35.4781,33.5456],[35.4831,33.5435],[35.4933,33.5433],[35.4967,33.5391],[35.4985,33.5422],[35.5014,33.544],[35.5022,33.5477],[35.5047,33.5504],[35.5054,33.5539],[35.5075,33.5559],[35.5028,33.5578],[35.4976,33.5665],[35.498,33.568],[35.497,33.5682]]]},"properties":{"adm3_name":"Sfaray","adm2_name":"Jezzine","adm1_name":"South"}},
{"type":"Feature","geometry":{"type":"Polygon","coordinates":[[[35.4561,33.5251],[35.4508,33.5236],[35.445,33.5245],[35.4447,33.523],[35.45,33.5168],[35.4562,33.515],[35.4637,33.514],[35.4683,33.516],[35.4618,33.5195],[35.4623,33.5215],[35.4596,33.5241],[35.4561,33.5251]]]},"properties":{"adm3_name":"Hassaniyeh","adm2_name":"Jezzine","adm1_name":"South"}},
{"type":"Feature","geometry":{"type":"Polygon","coordinates":[[[35.4628,33.5649],[35.4569,33.569],[35.4518,33.5667],[35.447,33.5724],[35.4396,33.5746],[35.4402,33.5721],[35.4354,33.5704],[35.4345,33.5662],[35.4359,33.5613],[35.4452,33.5595],[35.454,33.5604],[35.4564,33.5597],[35.46,33.5557],[35.4659,33.5555],[35.4667,33.5609],[35.4628,33.5649]]]},"properties":{"adm3_name":"Karkha","adm2_name":"Jezzine","adm1_name":"South"}},
{"type":"Feature","geometry":{"type":"Polygon","coordinates":[[[35.4458,33.5566],[35.4363,33.5561],[35.435,33.5517],[35.4378,33.5511],[35.4396,33.5476],[35.4435,33.5478],[35.4477,33.5498],[35.4491,33.5535],[35.4458,33.5566]]]},"properties":{"adm3_name":"Choualiq Jezzine","adm2_name":"Jezzine","adm1_name":"South"}},
{"type":"Feature","geometry":{"type":"Polygon","coordinates":[[[35.4435,33.5478],[35.4396,33.5476],[35.4335,33.5451],[35.4304,33.5418],[35.4412,33.5398],[35.4424,33.5382],[35.4483,33.5383],[35.4503,33.5398],[35.4471,33.5386],[35.4427,33.5408],[35.4422,33.5439],[35.4435,33.5478]]]},"properties":{"adm3_name":"Ouadi Baanqoudaine","adm2_name":"Jezzine","adm1_name":"South"}},
{"type":"Feature","geometry":{"type":"Polygon","coordinates":[[[35.4315,33.5323],[35.4302,33.53],[35.427,33.5289],[35.4266,33.5248],[35.424,33.5221],[35.4195,33.5229],[35.4173,33.5253],[35.4172,33.5226],[35.4191,33.5199],[35.4255,33.5187],[35.4263,33.5165],[35.4364,33.513],[35.4404,33.5073],[35.4473,33.5117],[35.45,33.5168],[35.4447,33.523],[35.445,33.5245],[35.4405,33.5232],[35.4327,33.5306],[35.4325,33.5323],[35.4315,33.5323]]]},"properties":{"adm3_name":"Mjaydel Jezzine","adm2_name":"Jezzine","adm1_name":"South"}},
{"type":"Feature","geometry":{"type":"Polygon","coordinates":[[[35.499,33.5174],[35.5053,33.5205],[35.5069,33.5236],[35.5061,33.5266],[35.5009,33.5242],[35.497,33.5211],[35.499,33.5174]]]},"properties":{"adm3_name":"Dahr Ed-Deir","adm2_name":"Jezzine","adm1_name":"South"}},
{"type":"Feature","geometry":{"type":"Polygon","coordinates":[[[35.424,33.5448],[35.4209,33.542],[35.424,33.5352],[35.4275,33.5323],[35.4315,33.5323],[35.4325,33.5323],[35.4348,33.5317],[35.441,33.5329],[35.4449,33.5325],[35.4426,33.5355],[35.4424,33.5382],[35.4412,33.5398],[35.4304,33.5418],[35.424,33.5448]]]},"properties":{"adm3_name":"Jensnaya","adm2_name":"Jezzine","adm1_name":"South"}},
{"type":"Feature","geometry":{"type":"Polygon","coordinates":[[[35.4967,33.5391],[35.4934,33.5382],[35.4828,33.5303],[35.4887,33.5277],[35.4923,33.5286],[35.4983,33.5257],[35.497,33.5211],[35.5009,33.5242],[35.5061,33.5266],[35.5069,33.5236],[35.5136,33.5242],[35.5179,33.5273],[35.5213,33.5278],[35.5228,33.5284],[35.5187,33.5327],[35.515,33.5317],[35.512,33.5343],[35.5053,33.537],[35.4985,33.5372],[35.4967,33.5391]]]},"properties":{"adm3_name":"Rimat","adm2_name":"Jezzine","adm1_name":"South"}},
{"type":"Feature","geometry":{"type":"Polygon","coordinates":[[[35.435,33.5517],[35.4328,33.5523],[35.4284,33.5523],[35.423,33.5499],[35.424,33.5448],[35.4304,33.5418],[35.4335,33.5451],[35.4396,33.5476],[35.4378,33.5511],[35.435,33.5517]]]},"properties":{"adm3_name":"Kfar Jarra","adm2_name":"Jezzine","adm1_name":"South"}},
{"type":"Feature","geometry":{"type":"Polygon","coordinates":[[[35.5186,33.5171],[35.5185,33.5195],[35.5226,33.521],[35.523,33.524],[35.5213,33.5278],[35.5179,33.5273],[35.5136,33.5242],[35.5069,33.5236],[35.5053,33.5205],[35.499,33.5174],[35.5002,33.5159],[35.5051,33.5162],[35.5087,33.5141],[35.5088,33.5114],[35.5141,33.5133],[35.5186,33.5171]]]},"properties":{"adm3_name":"Saydoun","adm2_name":"Jezzine","adm1_name":"South"}},
{"type":"Feature","geometry":{"type":"MultiPolygon","coordinates":[[[[35.5214,33.5693],[35.5177,33.5704],[35.5166,33.5729],[35.5125,33.57],[35.506,33.5698],[35.5009,33.5674],[35.498,33.568],[35.4976,33.5665],[35.5028,33.5578],[35.5075,33.5559],[35.5054,33.5539],[35.5096,33.5562],[35.5132,33.5605],[35.5203,33.563],[35.5214,33.5693]]],[[[35.4792,33.5716],[35.4766,33.5699],[35.4757,33.5657],[35.4794,33.5629],[35.4831,33.5618],[35.4863,33.5652],[35.495,33.5661],[35.497,33.5682],[35.491,33.568],[35.4843,33.5667],[35.4831,33.5712],[35.4792,33.5716]]]]},"properties":{"adm3_name":"Anane","adm2_name":"Jezzine","adm1_name":"South"}},
{"type":"Feature","geometry":{"type":"Polygon","coordinates":[[[35.5214,33.5693],[35.5203,33.563],[35.5132,33.5605],[35.5096,33.5562],[35.5054,33.5539],[35.5047,33.5504],[35.5022,33.5477],[35.5014,33.544],[35.4985,33.5422],[35.4967,33.5391],[35.4985,33.5372],[35.5053,33.537],[35.512,33.5343],[35.515,33.5317],[35.5187,33.5327],[35.5266,33.5347],[35.5318,33.5377],[35.5405,33.5443],[35.548,33.5479],[35.5499,33.5504],[35.5426,33.5524],[35.5371,33.5549],[35.5312,33.5555],[35.5276,33.5595],[35.527,33.569],[35.5214,33.5693]]]},"properties":{"adm3_name":"Roum","adm2_name":"Jezzine","adm1_name":"South"}},
{"type":"Feature","geometry":{"type":"Polygon","coordinates":[[[35.5228,33.5284],[35.5213,33.5278],[35.523,33.524],[35.5226,33.521],[35.5185,33.5195],[35.5186,33.5171],[35.5211,33.5198],[35.5269,33.5221],[35.5297,33.5216],[35.5301,33.5266],[35.5278,33.5279],[35.5228,33.5284]]]},"properties":{"adm3_name":"Hidab","adm2_name":"Jezzine","adm1_name":"South"}},
{"type":"Feature","geometry":{"type":"Polygon","coordinates":[[[35.5433,33.5346],[35.5393,33.5365],[35.5318,33.5377],[35.5266,33.5347],[35.5187,33.5327],[35.5228,33.5284],[35.5278,33.5279],[35.5301,33.5266],[35.5358,33.5287],[35.5389,33.5309],[35.5423,33.5301],[35.5433,33.5346]]]},"properties":{"adm3_name":"Deir El Qattine","adm2_name":"Jezzine","adm1_name":"South"}},
{"type":"Feature","geometry":{"type":"Polygon","coordinates":[[[35.5403,33.52],[35.5332,33.5202],[35.5297,33.5216],[35.5269,33.5221],[35.5211,33.5198],[35.5186,33.5171],[35.5141,33.5133],[35.5185,33.5113],[35.5183,33.5076],[35.5213,33.504],[35.5268,33.5093],[35.5312,33.5111],[35.5316,33.5082],[35.537,33.5092],[35.5414,33.5124],[35.541,33.5161],[35.5403,33.52]]]},"properties":{"adm3_name":"Sanaya","adm2_name":"Jezzine","adm1_name":"South"}},
{"type":"Feature","geometry":{"type":"Polygon","coordinates":[[[35.513,33.5783],[35.5081,33.5752],[35.5044,33.5759],[35.501,33.5734],[35.493,33.5741],[35.4873,33.5737],[35.4831,33.5712],[35.4843,33.5667],[35.491,33.568],[35.497,33.5682],[35.498,33.568],[35.5009,33.5674],[35.506,33.5698],[35.5125,33.57],[35.5166,33.5729],[35.5217,33.575],[35.5195,33.5771],[35.5147,33.5759],[35.513,33.5783]]]},"properties":{"adm3_name":"Qtaleh Jezzine","adm2_name":"Jezzine","adm1_name":"South"}},
{"type":"Feature","geometry":{"type":"Polygon","coordinates":[[[35.4849,33.4865],[35.4827,33.4925],[35.4828,33.4949],[35.477,33.4954],[35.4755,33.4921],[35.468,33.4913],[35.4657,33.4866],[35.4721,33.483],[35.4741,33.4798],[35.4796,33.475],[35.4792,33.4765],[35.4851,33.4806],[35.4833,33.4852],[35.4849,33.4865]]]},"properties":{"adm3_name":"Jernaya","adm2_name":"Jezzine","adm1_name":"South"}},
{"type":"Feature","geometry":{"type":"Polygon","coordinates":[[[35.5263,33.5802],[35.521,33.5821],[35.5147,33.5805],[35.513,33.5783],[35.5147,33.5759],[35.5195,33.5771],[35.5217,33.575],[35.5264,33.5772],[35.5263,33.5802]]]},"properties":{"adm3_name":"Mazraat El-Mathane","adm2_name":"Jezzine","adm1_name":"South"}},
{"type":"Feature","geometry":{"type":"Polygon","coordinates":[[[35.6373,33.446],[35.6333,33.4463],[35.6299,33.4488],[35.6242,33.4483],[35.619,33.4398],[35.6198,33.4389],[35.6159,33.4328],[35.6136,33.4312],[35.6093,33.4314],[35.6087,33.4284],[35.6103,33.4241],[35.6075,33.4138],[35.6093,33.4099],[35.6107,33.4135],[35.6178,33.4164],[35.6191,33.4139],[35.623,33.4122],[35.6243,33.4155],[35.6248,33.4212],[35.631,33.4249],[35.6317,33.4279],[35.6293,33.4314],[35.6373,33.446]]]},"properties":{"adm3_name":"Srayri","adm2_name":"Jezzine","adm1_name":"South"}},
{"type":"Feature","geometry":{"type":"Polygon","coordinates":[[[35.5879,33.4658],[35.5837,33.4646],[35.5801,33.4688],[35.5813,33.4712],[35.5759,33.4719],[35.5667,33.4711],[35.567,33.4699],[35.5621,33.4604],[35.5587,33.4568],[35.5562,33.4521],[35.5608,33.4486],[35.5675,33.4521],[35.5795,33.4466],[35.5839,33.442],[35.5881,33.4426],[35.5917,33.4416],[35.5959,33.4462],[35.5971,33.4509],[35.5934,33.4554],[35.5914,33.4551],[35.5878,33.4589],[35.5862,33.4629],[35.5879,33.4658]]]},"properties":{"adm3_name":"Aaramta","adm2_name":"Jezzine","adm1_name":"South"}},
{"type":"Feature","geometry":{"type":"Polygon","coordinates":[[[35.5468,33.4865],[35.5446,33.4855],[35.5452,33.4823],[35.5411,33.4828],[35.5383,33.481],[35.54,33.4786],[35.5347,33.4757],[35.5384,33.474],[35.5436,33.4739],[35.5437,33.4696],[35.5424,33.4681],[35.5436,33.4623],[35.543,33.4602],[35.5472,33.461],[35.5539,33.4596],[35.5587,33.4568],[35.5621,33.4604],[35.567,33.4699],[35.5667,33.4711],[35.5595,33.4743],[35.5558,33.4777],[35.5551,33.4791],[35.5513,33.4784],[35.5487,33.4798],[35.5468,33.4865]]]},"properties":{"adm3_name":"Mlikh","adm2_name":"Jezzine","adm1_name":"South"}},
{"type":"Feature","geometry":{"type":"Polygon","coordinates":[[[35.5404,33.4502],[35.538,33.4486],[35.5481,33.4445],[35.5472,33.4405],[35.544,33.4362],[35.5449,33.4318],[35.5418,33.4277],[35.5409,33.4222],[35.5432,33.4197],[35.5473,33.4247],[35.5546,33.4262],[35.5602,33.4317],[35.5645,33.4295],[35.5677,33.4301],[35.5725,33.4355],[35.5759,33.4364],[35.582,33.4419],[35.584,33.4398],[35.5802,33.4365],[35.5773,33.4311],[35.5826,33.4336],[35.5849,33.4322],[35.5874,33.4347],[35.589,33.4388],[35.5917,33.4416],[35.5881,33.4426],[35.5839,33.442],[35.5795,33.4466],[35.5675,33.4521],[35.5608,33.4486],[35.5562,33.4521],[35.5495,33.4532],[35.5421,33.4517],[35.5404,33.4502]]]},"properties":{"adm3_name":"Rihane Jezzine","adm2_name":"Jezzine","adm1_name":"South"}},
{"type":"Feature","geometry":{"type":"Polygon","coordinates":[[[35.5406,33.4591],[35.5371,33.4547],[35.5331,33.4531],[35.5309,33.4514],[35.5404,33.4502],[35.5421,33.4517],[35.5495,33.4532],[35.5562,33.4521],[35.5587,33.4568],[35.5539,33.4596],[35.5472,33.461],[35.543,33.4602],[35.5406,33.4591]]]},"properties":{"adm3_name":"Mazraat","adm2_name":"Jezzine","adm1_name":"South"}},
{"type":"Feature","geometry":{"type":"Polygon","coordinates":[[[35.5971,33.4509],[35.5959,33.4462],[35.5917,33.4416],[35.589,33.4388],[35.5937,33.4367],[35.5958,33.4378],[35.6005,33.4315],[35.6034,33.4305],[35.6053,33.4328],[35.609,33.4326],[35.613,33.4428],[35.6149,33.4433],[35.6144,33.4474],[35.6043,33.4488],[35.6052,33.4508],[35.5989,33.4525],[35.5971,33.4509]]]},"properties":{"adm3_name":"Qatrani","adm2_name":"Jezzine","adm1_name":"South"}},
{"type":"Feature","geometry":{"type":"Polygon","coordinates":[[[35.5342,33.4751],[35.5319,33.4724],[35.5286,33.4739],[35.5252,33.468],[35.5258,33.4662],[35.5222,33.4613],[35.5226,33.4591],[35.5271,33.4571],[35.5331,33.4531],[35.5371,33.4547],[35.5406,33.4591],[35.5367,33.4631],[35.5368,33.4673],[35.5437,33.4696],[35.5436,33.4739],[35.5384,33.474],[35.5347,33.4757],[35.5342,33.4751]]]},"properties":{"adm3_name":"Louayzet Jezzine","adm2_name":"Jezzine","adm1_name":"South"}},
{"type":"Feature","geometry":{"type":"Polygon","coordinates":[[[35.5849,33.4322],[35.5826,33.4336],[35.5773,33.4311],[35.5762,33.4275],[35.5775,33.4258],[35.5749,33.422],[35.5754,33.4181],[35.5777,33.4155],[35.5846,33.4191],[35.5887,33.4225],[35.5916,33.4226],[35.5915,33.4265],[35.59,33.43],[35.587,33.4327],[35.5849,33.4322]]]},"properties":{"adm3_name":"Mazraat Khallet Khazen","adm2_name":"Jezzine","adm1_name":"South"}},
{"type":"Feature","geometry":{"type":"Polygon","coordinates":[[[35.5773,33.4311],[35.5802,33.4365],[35.584,33.4398],[35.582,33.4419],[35.5759,33.4364],[35.5725,33.4355],[35.5677,33.4301],[35.5641,33.4226],[35.5701,33.42],[35.5738,33.4199],[35.5749,33.422],[35.5775,33.4258],[35.5762,33.4275],[35.5773,33.4311]]]},"properties":{"adm3_name":"Mazraat Qrouh","adm2_name":"Jezzine","adm1_name":"South"}},
{"type":"Feature","geometry":{"type":"Polygon","coordinates":[[[35.5641,33.4226],[35.5677,33.4301],[35.5645,33.4295],[35.5602,33.4317],[35.5546,33.4262],[35.5473,33.4247],[35.5432,33.4197],[35.5433,33.4195],[35.5424,33.417],[35.548,33.4139],[35.5497,33.4154],[35.5641,33.4226]]]},"properties":{"adm3_name":"Mazraat Zighrine Jezzine","adm2_name":"Jezzine","adm1_name":"South"}},
{"type":"Feature","geometry":{"type":"Polygon","coordinates":[[[35.609,33.4326],[35.6053,33.4328],[35.6034,33.4305],[35.6005,33.4315],[35.5958,33.4378],[35.5937,33.4367],[35.589,33.4388],[35.5874,33.4347],[35.5849,33.4322],[35.587,33.4327],[35.59,33.43],[35.5915,33.4265],[35.5916,33.4226],[35.5916,33.4157],[35.5964,33.4111],[35.5972,33.4074],[35.5961,33.3998],[35.5975,33.396],[35.6016,33.3966],[35.606,33.4022],[35.6078,33.4036],[35.6093,33.4099],[35.6075,33.4138],[35.6103,33.4241],[35.6087,33.4284],[35.6093,33.4314],[35.609,33.4326]]]},"properties":{"adm3_name":"Chbail","adm2_name":"Jezzine","adm1_name":"South"}},
{"type":"Feature","geometry":{"type":"Polygon","coordinates":[[[35.5916,33.4226],[35.5887,33.4225],[35.5846,33.4191],[35.5777,33.4155],[35.58,33.4118],[35.5829,33.41],[35.5848,33.4053],[35.592,33.4063],[35.5934,33.4083],[35.5972,33.4074],[35.5964,33.4111],[35.5916,33.4157],[35.5916,33.4226]]]},"properties":{"adm3_name":"Mazraat Louzid (Louayziyeh)","adm2_name":"Jezzine","adm1_name":"South"}},
{"type":"Feature","geometry":{"type":"Polygon","coordinates":[[[35.5242,33.435],[35.5244,33.427],[35.5265,33.4268],[35.5307,33.4215],[35.535,33.4209],[35.5377,33.4219],[35.5433,33.4195],[35.5432,33.4197],[35.5409,33.4222],[35.5418,33.4277],[35.5449,33.4318],[35.544,33.4362],[35.5472,33.4405],[35.5481,33.4445],[35.538,33.4486],[35.5361,33.4477],[35.5348,33.4436],[35.5317,33.4418],[35.5298,33.4377],[35.5242,33.435]]]},"properties":{"adm3_name":"Sehjoud","adm2_name":"Jezzine","adm1_name":"South"}},
{"type":"Feature","geometry":{"type":"Polygon","coordinates":[[[35.5641,33.4226],[35.5497,33.4154],[35.5435,33.4079],[35.5438,33.4024],[35.5386,33.3984],[35.5391,33.3943],[35.5446,33.3919],[35.5421,33.3857],[35.5426,33.3845],[35.5463,33.3863],[35.5478,33.3885],[35.5519,33.39],[35.555,33.3947],[35.5592,33.3944],[35.564,33.3984],[35.572,33.397],[35.5734,33.3923],[35.5736,33.3871],[35.5726,33.3826],[35.5775,33.3825],[35.5798,33.3841],[35.5823,33.391],[35.5854,33.3972],[35.5856,33.4036],[35.5848,33.4053],[35.5829,33.41],[35.58,33.4118],[35.5777,33.4155],[35.5754,33.4181],[35.5749,33.422],[35.5738,33.4199],[35.5701,33.42],[35.5641,33.4226]]]},"properties":{"adm3_name":"Aaychiyeh","adm2_name":"Jezzine","adm1_name":"South"}},
{"type":"Feature","geometry":{"type":"Polygon","coordinates":[[[35.5726,33.3826],[35.5736,33.3871],[35.5734,33.3923],[35.572,33.397],[35.564,33.3984],[35.5592,33.3944],[35.5666,33.3911],[35.5677,33.3874],[35.5639,33.3829],[35.5649,33.3812],[35.5726,33.3826]]]},"properties":{"adm3_name":"Maraat Ouazaiyeh","adm2_name":"Jezzine","adm1_name":"South"}},
{"type":"Feature","geometry":{"type":"Polygon","coordinates":[[[35.5972,33.4074],[35.5934,33.4083],[35.592,33.4063],[35.5848,33.4053],[35.5856,33.4036],[35.5854,33.3972],[35.5823,33.391],[35.5798,33.3841],[35.5775,33.3825],[35.5798,33.3805],[35.5841,33.3795],[35.592,33.3817],[35.5947,33.3851],[35.5955,33.3933],[35.5975,33.396],[35.5961,33.3998],[35.5972,33.4074]]]},"properties":{"adm3_name":"Ouardiyeh","adm2_name":"Jezzine","adm1_name":"South"}},
{"type":"Feature","geometry":{"type":"Polygon","coordinates":[[[35.5497,33.4154],[35.548,33.4139],[35.5424,33.417],[35.5389,33.4131],[35.537,33.409],[35.5327,33.4046],[35.5297,33.3972],[35.5317,33.3938],[35.5386,33.3984],[35.5438,33.4024],[35.5435,33.4079],[35.5497,33.4154]]]},"properties":{"adm3_name":"Mazraat El-Aarqoub","adm2_name":"Jezzine","adm1_name":"South"}},
{"type":"Feature","geometry":{"type":"Polygon","coordinates":[[[35.5592,33.3944],[35.555,33.3947],[35.5519,33.39],[35.5478,33.3885],[35.5463,33.3863],[35.5426,33.3845],[35.5387,33.3817],[35.5393,33.3788],[35.549,33.3775],[35.5587,33.3778],[35.5629,33.3784],[35.5649,33.3812],[35.5639,33.3829],[35.5677,33.3874],[35.5666,33.3911],[35.5592,33.3944]]]},"properties":{"adm3_name":"Mahmoudiyeh Jezzine","adm2_name":"Jezzine","adm1_name":"South"}},
{"type":"Feature","geometry":{"type":"Polygon","coordinates":[[[35.5426,33.3845],[35.5421,33.3857],[35.5446,33.3919],[35.5391,33.3943],[35.5386,33.3984],[35.5317,33.3938],[35.5297,33.3972],[35.5274,33.3934],[35.529,33.391],[35.5241,33.389],[35.5246,33.38],[35.5238,33.3776],[35.5246,33.37],[35.5251,33.3661],[35.532,33.3658],[35.5361,33.3687],[35.5393,33.3788],[35.5387,33.3817],[35.5426,33.3845]]]},"properties":{"adm3_name":"Jarmaq","adm2_name":"Jezzine","adm1_name":"South"}},
{"type":"Feature","geometry":{"type":"Polygon","coordinates":[[[35.6146,33.4608],[35.6113,33.4595],[35.6024,33.4728],[35.5956,33.4744],[35.5919,33.4719],[35.5879,33.4658],[35.5862,33.4629],[35.5878,33.4589],[35.5914,33.4551],[35.5934,33.4554],[35.5971,33.4509],[35.5989,33.4525],[35.6052,33.4508],[35.6043,33.4488],[35.6144,33.4474],[35.6169,33.4506],[35.614,33.4542],[35.6146,33.4608]]]},"properties":{"adm3_name":"Mazraat Daraya","adm2_name":"Jezzine","adm1_name":"South"}},
{"type":"Feature","geometry":{"type":"Polygon","coordinates":[[[35.5587,33.3778],[35.549,33.3775],[35.5393,33.3788],[35.5361,33.3687],[35.5383,33.3653],[35.5391,33.3613],[35.5415,33.3592],[35.547,33.3578],[35.5489,33.3586],[35.5501,33.3681],[35.5545,33.3753],[35.5587,33.3778]]]},"properties":{"adm3_name":"Demachqiyeh","adm2_name":"Jezzine","adm1_name":"South"}},
{"type":"Feature","geometry":{"type":"Polygon","coordinates":[[[35.547,33.3578],[35.5415,33.3592],[35.5391,33.3613],[35.5398,33.3573],[35.5383,33.3538],[35.5392,33.3509],[35.5428,33.3511],[35.5466,33.3536],[35.547,33.3561],[35.547,33.3578]]]},"properties":{"adm3_name":"Mazraat Tamra","adm2_name":"Jezzine","adm1_name":"South"}},
{"type":"Feature","geometry":{"type":"Polygon","coordinates":[[[35.5141,33.5133],[35.5088,33.5114],[35.5037,33.5094],[35.4985,33.5103],[35.4991,33.5069],[35.5004,33.5039],[35.4996,33.5009],[35.501,33.4968],[35.5026,33.4963],[35.5111,33.4972],[35.5126,33.4954],[35.5181,33.4981],[35.5213,33.504],[35.5183,33.5076],[35.5185,33.5113],[35.5141,33.5133]]]},"properties":{"adm3_name":"Bouslaya","adm2_name":"Jezzine","adm1_name":"South"}},
{"type":"Feature","geometry":{"type":"Polygon","coordinates":[[[35.4894,33.3931],[35.488,33.3968],[35.4865,33.3926],[35.4832,33.3927],[35.4798,33.3887],[35.4735,33.3909],[35.471,33.3891],[35.4701,33.3855],[35.4694,33.3734],[35.4711,33.3718],[35.4718,33.3667],[35.4694,33.3607],[35.4737,33.3628],[35.4794,33.3623],[35.4789,33.3643],[35.4862,33.3646],[35.4878,33.3692],[35.4939,33.3722],[35.497,33.3719],[35.5002,33.3741],[35.5063,33.3745],[35.5076,33.3758],[35.5058,33.3806],[35.4969,33.3779],[35.498,33.3817],[35.4901,33.3867],[35.4894,33.3931]]]},"properties":{"adm3_name":"Nabatieh Et-Tahta","adm2_name":"El Nabatieh","adm1_name":"El Nabatieh"}},
{"type":"Feature","geometry":{"type":"Polygon","coordinates":[[[35.5063,33.3745],[35.5002,33.3741],[35.497,33.3719],[35.4939,33.3722],[35.4878,33.3692],[35.4862,33.3646],[35.4789,33.3643],[35.4794,33.3623],[35.4737,33.3628],[35.4694,33.3607],[35.4681,33.3593],[35.4736,33.3599],[35.4785,33.3562],[35.4795,33.354],[35.4835,33.3509],[35.4884,33.3425],[35.4946,33.3408],[35.4966,33.3402],[35.5025,33.3352],[35.5033,33.3385],[35.5058,33.3388],[35.5054,33.3432],[35.509,33.3454],[35.5046,33.3503],[35.5064,33.3545],[35.5095,33.3556],[35.5136,33.3595],[35.5101,33.3647],[35.5082,33.3713],[35.5063,33.3745]]]},"properties":{"adm3_name":"Nabatiyeh El-Faouka","adm2_name":"El Nabatieh","adm1_name":"El Nabatieh"}},
{"type":"Feature","geometry":{"type":"Polygon","coordinates":[[[35.5082,33.3713],[35.5101,33.3647],[35.5136,33.3595],[35.5236,33.3617],[35.5251,33.3661],[35.5246,33.37],[35.5185,33.3707],[35.5128,33.3697],[35.5082,33.3713]]]},"properties":{"adm3_name":"Aali Et-Taher","adm2_name":"El Nabatieh","adm1_name":"El Nabatieh"}},
{"type":"Feature","geometry":{"type":"Polygon","coordinates":[[[35.4674,33.3998],[35.466,33.399],[35.4679,33.393],[35.4735,33.3909],[35.4798,33.3887],[35.4832,33.3927],[35.4865,33.3926],[35.488,33.3968],[35.485,33.3973],[35.4839,33.3942],[35.48,33.396],[35.4766,33.4002],[35.4734,33.4008],[35.4674,33.3998]]]},"properties":{"adm3_name":"Mazraat Kfarjaouz","adm2_name":"El Nabatieh","adm1_name":"El Nabatieh"}},
{"type":"Feature","geometry":{"type":"Polygon","coordinates":[[[35.4701,33.3855],[35.4651,33.3874],[35.4598,33.3869],[35.4582,33.3853],[35.4519,33.3851],[35.4512,33.3818],[35.4563,33.3793],[35.4533,33.3708],[35.4552,33.3662],[35.4582,33.3649],[35.458,33.3621],[35.4608,33.3596],[35.4676,33.3587],[35.4681,33.3593],[35.4694,33.3607],[35.4718,33.3667],[35.4711,33.3718],[35.4694,33.3734],[35.4701,33.3855]]]},"properties":{"adm3_name":"Zibdine En-Nabatiyeh","adm2_name":"El Nabatieh","adm1_name":"El Nabatieh"}},
{"type":"Feature","geometry":{"type":"Polygon","coordinates":[[[35.5433,33.4195],[35.5377,33.4219],[35.535,33.4209],[35.5307,33.4215],[35.5265,33.4268],[35.5244,33.427],[35.5187,33.4253],[35.5178,33.4206],[35.5186,33.4184],[35.5178,33.4138],[35.5159,33.411],[35.5098,33.4085],[35.5071,33.4043],[35.5072,33.4009],[35.5042,33.3963],[35.4965,33.3958],[35.4951,33.3937],[35.4894,33.3931],[35.4901,33.3867],[35.498,33.3817],[35.4969,33.3779],[35.5058,33.3806],[35.5076,33.3758],[35.5063,33.3745],[35.5082,33.3713],[35.5128,33.3697],[35.5185,33.3707],[35.5246,33.37],[35.5238,33.3776],[35.5246,33.38],[35.5241,33.389],[35.529,33.391],[35.5274,33.3934],[35.5297,33.3972],[35.5327,33.4046],[35.537,33.409],[35.5389,33.4131],[35.5424,33.417],[35.5433,33.4195]]]},"properties":{"adm3_name":"Kfar Roummane","adm2_name":"El Nabatieh","adm1_name":"El Nabatieh"}},
{"type":"Feature","geometry":{"type":"Polygon","coordinates":[[[35.4676,33.3587],[35.4608,33.3596],[35.458,33.3621],[35.4562,33.3597],[35.456,33.3564],[35.4539,33.354],[35.449,33.3518],[35.4498,33.35],[35.4517,33.3471],[35.448,33.3415],[35.4548,33.3401],[35.4596,33.3416],[35.4625,33.3451],[35.462,33.3476],[35.4673,33.3509],[35.468,33.3546],[35.4658,33.3568],[35.4676,33.3587]]]},"properties":{"adm3_name":"Choukine","adm2_name":"El Nabatieh","adm1_name":"El Nabatieh"}},
{"type":"Feature","geometry":{"type":"Polygon","coordinates":[[[35.4764,33.4188],[35.4736,33.4148],[35.4672,33.4148],[35.4672,33.4125],[35.4643,33.4106],[35.4629,33.4062],[35.4657,33.4037],[35.4674,33.3998],[35.4734,33.4008],[35.4766,33.4002],[35.48,33.396],[35.4839,33.3942],[35.485,33.3973],[35.488,33.3968],[35.4894,33.3931],[35.4951,33.3937],[35.4965,33.3958],[35.5042,33.3963],[35.5072,33.4009],[35.5071,33.4043],[35.5098,33.4085],[35.5062,33.4114],[35.5025,33.4122],[35.4978,33.4184],[35.4948,33.4176],[35.4894,33.4208],[35.4854,33.4181],[35.4838,33.4193],[35.4764,33.4188]]]},"properties":{"adm3_name":"Habbouch En-Nabatiyeh","adm2_name":"El Nabatieh","adm1_name":"El Nabatieh"}},
{"type":"Feature","geometry":{"type":"Polygon","coordinates":[[[35.5361,33.3687],[35.532,33.3658],[35.5251,33.3661],[35.5236,33.3617],[35.5136,33.3595],[35.5095,33.3556],[35.5064,33.3545],[35.5046,33.3503],[35.509,33.3454],[35.5054,33.3432],[35.5058,33.3388],[35.5033,33.3385],[35.5025,33.3352],[35.5043,33.3335],[35.509,33.3345],[35.5121,33.3334],[35.5175,33.3392],[35.5227,33.338],[35.5272,33.3388],[35.5331,33.3429],[35.5333,33.3498],[35.5354,33.3532],[35.5383,33.3538],[35.5398,33.3573],[35.5391,33.3613],[35.5383,33.3653],[35.5361,33.3687]]]},"properties":{"adm3_name":"Kfar Tibnit","adm2_name":"El Nabatieh","adm1_name":"El Nabatieh"}},
{"type":"Feature","geometry":{"type":"Polygon","coordinates":[[[35.4643,33.4106],[35.4615,33.414],[35.4521,33.4174],[35.4459,33.4171],[35.4403,33.4147],[35.4357,33.4172],[35.4308,33.4229],[35.425,33.4215],[35.4295,33.4172],[35.4329,33.4171],[35.4351,33.4134],[35.4361,33.4061],[35.4384,33.4043],[35.4385,33.3996],[35.4425,33.4002],[35.4471,33.3969],[35.4505,33.3977],[35.4563,33.3951],[35.4602,33.3919],[35.4598,33.3869],[35.4651,33.3874],[35.4701,33.3855],[35.471,33.3891],[35.4735,33.3909],[35.4679,33.393],[35.466,33.399],[35.4674,33.3998],[35.4657,33.4037],[35.4629,33.4062],[35.4643,33.4106]]]},"properties":{"adm3_name":"Kfour En-Nabatieh","adm2_name":"El Nabatieh","adm1_name":"El Nabatieh"}},
{"type":"Feature","geometry":{"type":"Polygon","coordinates":[[[35.5513,33.5057],[35.537,33.5092],[35.5316,33.5082],[35.5312,33.5111],[35.5268,33.5093],[35.5213,33.504],[35.5181,33.4981],[35.5126,33.4954],[35.5111,33.4972],[35.5026,33.4963],[35.501,33.4968],[35.5003,33.4927],[35.5032,33.4929],[35.5053,33.4872],[35.5104,33.4816],[35.5091,33.4799],[35.5164,33.4763],[35.5201,33.4777],[35.5227,33.4765],[35.52,33.4735],[35.5223,33.4663],[35.5255,33.4689],[35.5261,33.4733],[35.5289,33.4751],[35.5342,33.4751],[35.5347,33.4757],[35.54,33.4786],[35.5383,33.481],[35.5411,33.4828],[35.5452,33.4823],[35.5446,33.4855],[35.5468,33.4865],[35.5471,33.4868],[35.5412,33.4879],[35.5463,33.4944],[35.5481,33.4988],[35.5516,33.503],[35.5513,33.5057]]]},"properties":{"adm3_name":"Jbaa En-Nabatiyeh","adm2_name":"El Nabatieh","adm1_name":"El Nabatieh"}},
{"type":"Feature","geometry":{"type":"Polygon","coordinates":[[[35.5342,33.4751],[35.5289,33.4751],[35.5261,33.4733],[35.5255,33.4689],[35.5223,33.4663],[35.52,33.4735],[35.5227,33.4765],[35.5201,33.4777],[35.5164,33.4763],[35.5177,33.4687],[35.5172,33.4631],[35.5222,33.4613],[35.5258,33.4662],[35.5252,33.468],[35.5286,33.4739],[35.5319,33.4724],[35.5342,33.4751]]]},"properties":{"adm3_name":"Aain Bou Souar","adm2_name":"El Nabatieh","adm1_name":"El Nabatieh"}},
{"type":"Feature","geometry":{"type":"Polygon","coordinates":[[[35.5091,33.4799],[35.5104,33.4816],[35.5053,33.4872],[35.5032,33.4929],[35.5003,33.4927],[35.4966,33.4905],[35.4849,33.4865],[35.4833,33.4852],[35.4851,33.4806],[35.4792,33.4765],[35.4796,33.475],[35.4821,33.4714],[35.4935,33.4714],[35.4986,33.4692],[35.5005,33.4728],[35.505,33.4749],[35.5098,33.4784],[35.5091,33.4799]]]},"properties":{"adm3_name":"Kfarfila","adm2_name":"El Nabatieh","adm1_name":"El Nabatieh"}},
{"type":"Feature","geometry":{"type":"Polygon","coordinates":[[[35.5164,33.4763],[35.5091,33.4799],[35.5098,33.4784],[35.505,33.4749],[35.5005,33.4728],[35.4986,33.4692],[35.4935,33.4714],[35.4821,33.4714],[35.4832,33.4645],[35.4871,33.4608],[35.487,33.4563],[35.4885,33.4551],[35.4941,33.4561],[35.4967,33.4579],[35.5025,33.4558],[35.5094,33.4577],[35.5164,33.4619],[35.5172,33.4631],[35.5177,33.4687],[35.5164,33.4763]]]},"properties":{"adm3_name":"Aain Qana","adm2_name":"El Nabatieh","adm1_name":"El Nabatieh"}},
{"type":"Feature","geometry":{"type":"Polygon","coordinates":[[[35.5222,33.4613],[35.5172,33.4631],[35.5164,33.4619],[35.5094,33.4577],[35.5095,33.4512],[35.5111,33.4484],[35.5056,33.4419],[35.5017,33.4384],[35.504,33.4388],[35.5096,33.4367],[35.513,33.4372],[35.5242,33.435],[35.5298,33.4377],[35.5317,33.4418],[35.5348,33.4436],[35.5361,33.4477],[35.538,33.4486],[35.5404,33.4502],[35.5309,33.4514],[35.5331,33.4531],[35.5271,33.4571],[35.5226,33.4591],[35.5222,33.4613]]]},"properties":{"adm3_name":"Jarjouaa","adm2_name":"El Nabatieh","adm1_name":"El Nabatieh"}},
{"type":"Feature","geometry":{"type":"Polygon","coordinates":[[[35.4796,33.475],[35.4741,33.4798],[35.4721,33.483],[35.4657,33.4866],[35.4592,33.4903],[35.4568,33.4877],[35.4574,33.4854],[35.4606,33.4809],[35.4582,33.4777],[35.4647,33.4756],[35.4695,33.4718],[35.4685,33.47],[35.4594,33.4669],[35.4616,33.4649],[35.4636,33.4554],[35.4655,33.4558],[35.4763,33.451],[35.4823,33.4536],[35.4885,33.4551],[35.487,33.4563],[35.4871,33.4608],[35.4832,33.4645],[35.4821,33.4714],[35.4796,33.475]]]},"properties":{"adm3_name":"Sarba En-Nabatieh","adm2_name":"El Nabatieh","adm1_name":"El Nabatieh"}},
{"type":"Feature","geometry":{"type":"Polygon","coordinates":[[[35.4582,33.4777],[35.4544,33.4757],[35.4512,33.4745],[35.4491,33.4712],[35.4467,33.4704],[35.4487,33.4694],[35.4543,33.4693],[35.4594,33.4669],[35.4685,33.47],[35.4695,33.4718],[35.4647,33.4756],[35.4582,33.4777]]]},"properties":{"adm3_name":"Mzaraat El-Khreibeh","adm2_name":"El Nabatieh","adm1_name":"El Nabatieh"}},
{"type":"Feature","geometry":{"type":"Polygon","coordinates":[[[35.5094,33.4577],[35.5025,33.4558],[35.4967,33.4579],[35.4941,33.4561],[35.4885,33.4551],[35.4823,33.4536],[35.4763,33.451],[35.4768,33.4466],[35.4797,33.4447],[35.4769,33.4424],[35.4747,33.4379],[35.4757,33.4361],[35.4811,33.4345],[35.4851,33.4318],[35.4884,33.4276],[35.4887,33.425],[35.499,33.4276],[35.5021,33.4293],[35.5003,33.4322],[35.5038,33.4345],[35.5017,33.4384],[35.5056,33.4419],[35.5111,33.4484],[35.5095,33.4512],[35.5094,33.4577]]]},"properties":{"adm3_name":"Houmine El-Faouqa","adm2_name":"El Nabatieh","adm1_name":"El Nabatieh"}},
{"type":"Feature","geometry":{"type":"Polygon","coordinates":[[[35.4763,33.451],[35.4655,33.4558],[35.4636,33.4554],[35.4619,33.4514],[35.4571,33.4521],[35.4528,33.451],[35.4578,33.4457],[35.4558,33.4431],[35.4597,33.4425],[35.4656,33.4392],[35.4685,33.4395],[35.4718,33.4373],[35.4757,33.4361],[35.4747,33.4379],[35.4769,33.4424],[35.4797,33.4447],[35.4768,33.4466],[35.4763,33.451]]]},"properties":{"adm3_name":"Hmaileh","adm2_name":"El Nabatieh","adm1_name":"El Nabatieh"}},
{"type":"Feature","geometry":{"type":"Polygon","coordinates":[[[35.5242,33.435],[35.513,33.4372],[35.5096,33.4367],[35.504,33.4388],[35.5017,33.4384],[35.5038,33.4345],[35.5003,33.4322],[35.5021,33.4293],[35.499,33.4276],[35.4887,33.425],[35.4894,33.4208],[35.4948,33.4176],[35.4978,33.4184],[35.5025,33.4122],[35.5062,33.4114],[35.5098,33.4085],[35.5159,33.411],[35.5178,33.4138],[35.5186,33.4184],[35.5178,33.4206],[35.5187,33.4253],[35.5244,33.427],[35.5242,33.435]]]},"properties":{"adm3_name":"Aarab Salim","adm2_name":"El Nabatieh","adm1_name":"El Nabatieh"}},
{"type":"Feature","geometry":{"type":"Polygon","coordinates":[[[35.419,33.4695],[35.4208,33.4646],[35.4266,33.4638],[35.4283,33.4616],[35.4354,33.458],[35.4419,33.4598],[35.4528,33.451],[35.4571,33.4521],[35.4619,33.4514],[35.4636,33.4554],[35.4616,33.4649],[35.4594,33.4669],[35.4543,33.4693],[35.4487,33.4694],[35.4467,33.4704],[35.437,33.4705],[35.4335,33.4687],[35.4282,33.4707],[35.4206,33.4711],[35.419,33.4695]]]},"properties":{"adm3_name":"Roumine","adm2_name":"El Nabatieh","adm1_name":"El Nabatieh"}},
{"type":"Feature","geometry":{"type":"Polygon","coordinates":[[[35.4413,33.4826],[35.4314,33.4888],[35.4272,33.4813],[35.4245,33.4792],[35.4194,33.4789],[35.4182,33.4768],[35.4117,33.4775],[35.4078,33.4762],[35.4062,33.474],[35.4121,33.4717],[35.4116,33.4703],[35.4129,33.4689],[35.419,33.4695],[35.4206,33.4711],[35.4282,33.4707],[35.4335,33.4687],[35.437,33.4705],[35.4467,33.4704],[35.4491,33.4712],[35.4512,33.4745],[35.4544,33.4757],[35.4503,33.477],[35.4485,33.4808],[35.4452,33.4789],[35.4417,33.4801],[35.4413,33.4826]]]},"properties":{"adm3_name":"Houmine Et-Tahta","adm2_name":"El Nabatieh","adm1_name":"El Nabatieh"}},
{"type":"Feature","geometry":{"type":"Polygon","coordinates":[[[35.4528,33.451],[35.4419,33.4598],[35.4354,33.458],[35.4283,33.4616],[35.4185,33.4553],[35.4201,33.4495],[35.4223,33.4484],[35.426,33.4496],[35.4291,33.4487],[35.435,33.4437],[35.4435,33.4431],[35.4449,33.4448],[35.4498,33.4428],[35.4558,33.4431],[35.4578,33.4457],[35.4528,33.451]]]},"properties":{"adm3_name":"Aazzi","adm2_name":"El Nabatieh","adm1_name":"El Nabatieh"}},
{"type":"Feature","geometry":{"type":"Polygon","coordinates":[[[35.4201,33.4495],[35.4156,33.4502],[35.412,33.4535],[35.4027,33.4562],[35.401,33.4555],[35.4029,33.4502],[35.4071,33.4449],[35.4111,33.4438],[35.4164,33.4394],[35.4183,33.4364],[35.4146,33.4329],[35.4176,33.4278],[35.4195,33.4275],[35.4218,33.4277],[35.4289,33.4345],[35.4334,33.4355],[35.4359,33.4383],[35.4337,33.4428],[35.435,33.4437],[35.4291,33.4487],[35.426,33.4496],[35.4223,33.4484],[35.4201,33.4495]]]},"properties":{"adm3_name":"Bfaroueh","adm2_name":"El Nabatieh","adm1_name":"El Nabatieh"}},
{"type":"Feature","geometry":{"type":"Polygon","coordinates":[[[35.4014,33.4578],[35.3954,33.4584],[35.3933,33.4548],[35.394,33.4472],[35.3901,33.4444],[35.3902,33.4385],[35.3873,33.4352],[35.388,33.435],[35.3903,33.4331],[35.4003,33.435],[35.4038,33.4302],[35.4062,33.4288],[35.4146,33.4329],[35.4183,33.4364],[35.4164,33.4394],[35.4111,33.4438],[35.4071,33.4449],[35.4029,33.4502],[35.401,33.4555],[35.4027,33.4562],[35.4014,33.4578]]]},"properties":{"adm3_name":"Zefta","adm2_name":"El Nabatieh","adm1_name":"El Nabatieh"}},
{"type":"Feature","geometry":{"type":"Polygon","coordinates":[[[35.4558,33.4431],[35.4498,33.4428],[35.4449,33.4448],[35.4435,33.4431],[35.435,33.4437],[35.4337,33.4428],[35.4359,33.4383],[35.4334,33.4355],[35.4289,33.4345],[35.4218,33.4277],[35.4195,33.4275],[35.4197,33.4239],[35.4308,33.4229],[35.4357,33.4172],[35.4403,33.4147],[35.4459,33.4171],[35.4521,33.4174],[35.4615,33.414],[35.4643,33.4106],[35.4672,33.4125],[35.4672,33.4148],[35.4736,33.4148],[35.4764,33.4188],[35.4728,33.4306],[35.4709,33.4321],[35.4698,33.4358],[35.4718,33.4373],[35.4685,33.4395],[35.4656,33.4392],[35.4597,33.4425],[35.4558,33.4431]]]},"properties":{"adm3_name":"Deir Ez-Zahrani","adm2_name":"El Nabatieh","adm1_name":"El Nabatieh"}},
{"type":"Feature","geometry":{"type":"Polygon","coordinates":[[[35.4757,33.4361],[35.4718,33.4373],[35.4698,33.4358],[35.4709,33.4321],[35.4728,33.4306],[35.4764,33.4188],[35.4838,33.4193],[35.4854,33.4181],[35.4894,33.4208],[35.4887,33.425],[35.4884,33.4276],[35.4851,33.4318],[35.4811,33.4345],[35.4757,33.4361]]]},"properties":{"adm3_name":"Mazraat El-Bayad En-Nabatieh","adm2_name":"El Nabatieh","adm1_name":"El Nabatieh"}},
{"type":"Feature","geometry":{"type":"Polygon","coordinates":[[[35.4042,33.4034],[35.3955,33.4001],[35.395,33.3971],[35.3981,33.3982],[35.4064,33.3961],[35.4101,33.3964],[35.4161,33.3943],[35.4198,33.3944],[35.4249,33.3986],[35.4307,33.4001],[35.4352,33.3988],[35.4385,33.3996],[35.4384,33.4043],[35.4361,33.4061],[35.4351,33.4134],[35.4329,33.4171],[35.4295,33.4172],[35.425,33.4215],[35.4203,33.4133],[35.4201,33.4101],[35.415,33.4089],[35.4128,33.4061],[35.4042,33.4034]]]},"properties":{"adm3_name":"Charqiyeh","adm2_name":"El Nabatieh","adm1_name":"El Nabatieh"}},
{"type":"Feature","geometry":{"type":"Polygon","coordinates":[[[35.4598,33.3869],[35.4602,33.3919],[35.4563,33.3951],[35.4505,33.3977],[35.4471,33.3969],[35.4425,33.4002],[35.4385,33.3996],[35.4352,33.3988],[35.436,33.3944],[35.4394,33.3921],[35.438,33.3898],[35.4384,33.3865],[35.4419,33.3838],[35.4447,33.3841],[35.4476,33.3816],[35.4512,33.3818],[35.4519,33.3851],[35.4582,33.3853],[35.4598,33.3869]]]},"properties":{"adm3_name":"Toul","adm2_name":"El Nabatieh","adm1_name":"El Nabatieh"}},
{"type":"Feature","geometry":{"type":"Polygon","coordinates":[[[35.4146,33.4329],[35.4062,33.4288],[35.4038,33.4302],[35.4003,33.435],[35.3903,33.4331],[35.3913,33.4321],[35.3901,33.4205],[35.3936,33.4192],[35.3957,33.4149],[35.3996,33.4117],[35.4031,33.4108],[35.4055,33.4063],[35.4042,33.4034],[35.4128,33.4061],[35.415,33.4089],[35.4201,33.4101],[35.4203,33.4133],[35.425,33.4215],[35.4308,33.4229],[35.4197,33.4239],[35.4195,33.4275],[35.4176,33.4278],[35.4146,33.4329]]]},"properties":{"adm3_name":"Nmairiyeh","adm2_name":"El Nabatieh","adm1_name":"El Nabatieh"}},
{"type":"Feature","geometry":{"type":"Polygon","coordinates":[[[35.4384,33.3865],[35.4335,33.3866],[35.4219,33.3781],[35.4128,33.3745],[35.4133,33.3719],[35.4237,33.3722],[35.427,33.3741],[35.4331,33.3714],[35.4381,33.367],[35.4437,33.3666],[35.4452,33.3638],[35.4435,33.3612],[35.449,33.3518],[35.4539,33.354],[35.456,33.3564],[35.4562,33.3597],[35.458,33.3621],[35.4582,33.3649],[35.4552,33.3662],[35.4533,33.3708],[35.4563,33.3793],[35.4512,33.3818],[35.4476,33.3816],[35.4447,33.3841],[35.4419,33.3838],[35.4384,33.3865]]]},"properties":{"adm3_name":"Harouf En-Nabatiyeh","adm2_name":"El Nabatieh","adm1_name":"El Nabatieh"}},
{"type":"Feature","geometry":{"type":"Polygon","coordinates":[[[35.4352,33.3988],[35.4307,33.4001],[35.4249,33.3986],[35.4198,33.3944],[35.4161,33.3943],[35.4101,33.3964],[35.4064,33.3961],[35.3981,33.3982],[35.395,33.3971],[35.3963,33.3957],[35.397,33.3924],[35.4002,33.39],[35.4023,33.3863],[35.3969,33.3817],[35.3926,33.3798],[35.3927,33.3768],[35.3901,33.3746],[35.3901,33.3697],[35.3966,33.3701],[35.4014,33.3658],[35.405,33.3677],[35.4071,33.3667],[35.4119,33.3679],[35.414,33.3669],[35.4133,33.3719],[35.4128,33.3745],[35.4219,33.3781],[35.4335,33.3866],[35.4384,33.3865],[35.438,33.3898],[35.4394,33.3921],[35.436,33.3944],[35.4352,33.3988]]]},"properties":{"adm3_name":"Douair En-Nabatiyeh","adm2_name":"El Nabatieh","adm1_name":"El Nabatieh"}},
{"type":"Feature","geometry":{"type":"Polygon","coordinates":[[[35.4133,33.3719],[35.414,33.3669],[35.4162,33.3647],[35.4126,33.3617],[35.4155,33.3598],[35.4122,33.3562],[35.4196,33.3557],[35.4199,33.3523],[35.4261,33.3496],[35.4311,33.3489],[35.4341,33.3501],[35.441,33.3486],[35.4498,33.35],[35.449,33.3518],[35.4435,33.3612],[35.4452,33.3638],[35.4437,33.3666],[35.4381,33.367],[35.4331,33.3714],[35.427,33.3741],[35.4237,33.3722],[35.4133,33.3719]]]},"properties":{"adm3_name":"Jibchit","adm2_name":"El Nabatieh","adm1_name":"El Nabatieh"}},
{"type":"Feature","geometry":{"type":"Polygon","coordinates":[[[35.3722,33.383],[35.3772,33.3782],[35.3827,33.3774],[35.3832,33.3756],[35.3926,33.3798],[35.3969,33.3817],[35.4023,33.3863],[35.4002,33.39],[35.397,33.3924],[35.3963,33.3957],[35.3907,33.3922],[35.3863,33.3911],[35.3792,33.3842],[35.3722,33.383]]]},"properties":{"adm3_name":"Mazraat Chalbaal","adm2_name":"El Nabatieh","adm1_name":"El Nabatieh"}},
{"type":"Feature","geometry":{"type":"Polygon","coordinates":[[[35.4681,33.3593],[35.4676,33.3587],[35.4658,33.3568],[35.468,33.3546],[35.4673,33.3509],[35.462,33.3476],[35.4625,33.3451],[35.4596,33.3416],[35.4593,33.3402],[35.4639,33.3372],[35.467,33.3328],[35.4697,33.3331],[35.4725,33.3304],[35.4801,33.3299],[35.4824,33.3319],[35.4862,33.3299],[35.4868,33.3318],[35.4914,33.3338],[35.4936,33.3364],[35.4946,33.3408],[35.4884,33.3425],[35.4835,33.3509],[35.4795,33.354],[35.4785,33.3562],[35.4736,33.3599],[35.4681,33.3593]]]},"properties":{"adm3_name":"Mayfadoun","adm2_name":"El Nabatieh","adm1_name":"El Nabatieh"}},
{"type":"Feature","geometry":{"type":"Polygon","coordinates":[[[35.4311,33.3489],[35.4261,33.3496],[35.4199,33.3523],[35.4196,33.3557],[35.4122,33.3562],[35.405,33.3551],[35.4061,33.3524],[35.402,33.349],[35.4017,33.3463],[35.4134,33.3386],[35.4214,33.3364],[35.4279,33.337],[35.4299,33.3429],[35.4317,33.3449],[35.4311,33.3489]]]},"properties":{"adm3_name":"Aadchit Ech-Chqif","adm2_name":"El Nabatieh","adm1_name":"El Nabatieh"}},
{"type":"Feature","geometry":{"type":"Polygon","coordinates":[[[35.414,33.3669],[35.4119,33.3679],[35.4071,33.3667],[35.405,33.3677],[35.4014,33.3658],[35.3966,33.3701],[35.3901,33.3697],[35.3854,33.3654],[35.3819,33.3652],[35.3785,33.3627],[35.3716,33.3602],[35.3719,33.355],[35.3695,33.3536],[35.3723,33.3517],[35.3785,33.3517],[35.3789,33.35],[35.3845,33.3485],[35.3898,33.3439],[35.4017,33.3463],[35.402,33.349],[35.4061,33.3524],[35.405,33.3551],[35.4122,33.3562],[35.4155,33.3598],[35.4126,33.3617],[35.4162,33.3647],[35.414,33.3669]]]},"properties":{"adm3_name":"Aabba","adm2_name":"El Nabatieh","adm1_name":"El Nabatieh"}},
{"type":"Feature","geometry":{"type":"Polygon","coordinates":[[[35.4498,33.35],[35.441,33.3486],[35.4341,33.3501],[35.4311,33.3489],[35.4317,33.3449],[35.4299,33.3429],[35.4279,33.337],[35.4314,33.3374],[35.4324,33.3395],[35.4411,33.3401],[35.4443,33.3433],[35.448,33.3415],[35.4517,33.3471],[35.4498,33.35]]]},"properties":{"adm3_name":"Kfar Djal En-Nabatiyeh","adm2_name":"El Nabatieh","adm1_name":"El Nabatieh"}},
{"type":"Feature","geometry":{"type":"Polygon","coordinates":[[[35.3827,33.3774],[35.3761,33.3757],[35.3716,33.3757],[35.3702,33.3695],[35.3623,33.3671],[35.3605,33.3647],[35.3704,33.3661],[35.3716,33.3602],[35.3785,33.3627],[35.3819,33.3652],[35.3854,33.3654],[35.3901,33.3697],[35.3901,33.3746],[35.3927,33.3768],[35.3926,33.3798],[35.3832,33.3756],[35.3827,33.3774]]]},"properties":{"adm3_name":"Mazraat Dmoul","adm2_name":"El Nabatieh","adm1_name":"El Nabatieh"}},
{"type":"Feature","geometry":{"type":"Polygon","coordinates":[[[35.3427,33.3996],[35.3384,33.3993],[35.3325,33.3961],[35.3308,33.3942],[35.3236,33.3963],[35.322,33.3946],[35.3137,33.3894],[35.318,33.3869],[35.3203,33.3841],[35.3153,33.384],[35.31,33.3813],[35.3122,33.3786],[35.3178,33.3793],[35.3192,33.3721],[35.315,33.3652],[35.3113,33.3652],[35.3088,33.3677],[35.3025,33.3679],[35.2993,33.3697],[35.2948,33.3686],[35.2945,33.3662],[35.2972,33.3665],[35.3006,33.3675],[35.3083,33.3646],[35.3089,33.3624],[35.3156,33.3627],[35.3184,33.3644],[35.3222,33.3612],[35.3273,33.3641],[35.3324,33.3617],[35.336,33.3619],[35.3463,33.3559],[35.3507,33.3601],[35.3587,33.3621],[35.3605,33.3647],[35.3623,33.3671],[35.3702,33.3695],[35.3716,33.3757],[35.3632,33.3773],[35.3582,33.3817],[35.3572,33.3857],[35.3541,33.3879],[35.3493,33.3886],[35.3447,33.3927],[35.3427,33.3996]]]},"properties":{"adm3_name":"Ansar","adm2_name":"El Nabatieh","adm1_name":"El Nabatieh"}},
{"type":"Feature","geometry":{"type":"Polygon","coordinates":[[[35.467,33.3328],[35.4639,33.3372],[35.4593,33.3402],[35.4561,33.3357],[35.453,33.3334],[35.4526,33.331],[35.4476,33.3314],[35.4413,33.3282],[35.4381,33.3226],[35.4398,33.3206],[35.4403,33.3146],[35.4431,33.3131],[35.4466,33.3147],[35.4485,33.3117],[35.4522,33.3086],[35.4555,33.3108],[35.4632,33.3119],[35.4624,33.3156],[35.4687,33.3244],[35.4672,33.3284],[35.467,33.3328]]]},"properties":{"adm3_name":"Zaoutar El-Gharbiyeh","adm2_name":"El Nabatieh","adm1_name":"El Nabatieh"}},
{"type":"Feature","geometry":{"type":"Polygon","coordinates":[[[35.4862,33.3299],[35.4824,33.3319],[35.4801,33.3299],[35.4725,33.3304],[35.4697,33.3331],[35.467,33.3328],[35.4672,33.3284],[35.4687,33.3244],[35.4624,33.3156],[35.4632,33.3119],[35.463,33.3087],[35.4716,33.3083],[35.4725,33.3115],[35.4782,33.3091],[35.4817,33.3118],[35.4831,33.3133],[35.4848,33.3199],[35.485,33.3272],[35.4862,33.3299]]]},"properties":{"adm3_name":"Zaoutar Ech-Charqiyeh","adm2_name":"El Nabatieh","adm1_name":"El Nabatieh"}},
{"type":"Feature","geometry":{"type":"Polygon","coordinates":[[[35.5025,33.3352],[35.4966,33.3402],[35.4946,33.3408],[35.4936,33.3364],[35.4914,33.3338],[35.4868,33.3318],[35.4862,33.3299],[35.485,33.3272],[35.4848,33.3199],[35.4831,33.3133],[35.4817,33.3118],[35.484,33.3106],[35.4842,33.3121],[35.4896,33.3125],[35.4938,33.3139],[35.4935,33.3174],[35.5029,33.3208],[35.5042,33.3232],[35.5019,33.3264],[35.5054,33.3289],[35.507,33.3329],[35.512,33.3331],[35.5121,33.3334],[35.509,33.3345],[35.5043,33.3335],[35.5025,33.3352]]]},"properties":{"adm3_name":"Hamra En-Nabattiyeh","adm2_name":"El Nabatieh","adm1_name":"El Nabatieh"}},
{"type":"Feature","geometry":{"type":"Polygon","coordinates":[[[35.4017,33.3463],[35.3898,33.3439],[35.3901,33.342],[35.3937,33.338],[35.3884,33.3376],[35.3881,33.3342],[35.385,33.3311],[35.3769,33.3274],[35.3786,33.3237],[35.386,33.3244],[35.3922,33.3286],[35.4005,33.3294],[35.4046,33.3317],[35.4106,33.3281],[35.414,33.327],[35.4158,33.3275],[35.4187,33.3323],[35.4187,33.3358],[35.4214,33.3364],[35.4134,33.3386],[35.4017,33.3463]]]},"properties":{"adm3_name":"Qsaibet En-Nabatiyeh","adm2_name":"El Nabatieh","adm1_name":"El Nabatieh"}},
{"type":"Feature","geometry":{"type":"Polygon","coordinates":[[[35.5428,33.3511],[35.5392,33.3509],[35.5383,33.3538],[35.5354,33.3532],[35.5333,33.3498],[35.5331,33.3429],[35.5272,33.3388],[35.5227,33.338],[35.5175,33.3392],[35.5121,33.3334],[35.512,33.3331],[35.5116,33.3285],[35.5162,33.3286],[35.5173,33.3269],[35.5215,33.3259],[35.523,33.3235],[35.5293,33.3238],[35.5327,33.3202],[35.5326,33.3142],[35.5391,33.3135],[35.5386,33.316],[35.538,33.3253],[35.5419,33.3309],[35.5429,33.3383],[35.5404,33.3415],[35.5444,33.3443],[35.5423,33.3469],[35.5428,33.3511]]]},"properties":{"adm3_name":"Arnoun","adm2_name":"El Nabatieh","adm1_name":"El Nabatieh"}},
{"type":"Feature","geometry":{"type":"Polygon","coordinates":[[[35.4593,33.3402],[35.4596,33.3416],[35.4548,33.3401],[35.448,33.3415],[35.4443,33.3433],[35.4411,33.3401],[35.4324,33.3395],[35.4314,33.3374],[35.4279,33.337],[35.4214,33.3364],[35.4187,33.3358],[35.4187,33.3323],[35.4158,33.3275],[35.414,33.327],[35.4123,33.3257],[35.4157,33.3208],[35.4146,33.3173],[35.4208,33.3153],[35.4284,33.3154],[35.4312,33.3133],[35.43,33.3112],[35.439,33.3078],[35.444,33.309],[35.4485,33.3117],[35.4466,33.3147],[35.4431,33.3131],[35.4403,33.3146],[35.4398,33.3206],[35.4381,33.3226],[35.4413,33.3282],[35.4476,33.3314],[35.4526,33.331],[35.453,33.3334],[35.4561,33.3357],[35.4593,33.3402]]]},"properties":{"adm3_name":"Qaaqaaiyet Ej-Jisr","adm2_name":"El Nabatieh","adm1_name":"El Nabatieh"}},
{"type":"Feature","geometry":{"type":"Polygon","coordinates":[[[35.3716,33.3602],[35.3704,33.3661],[35.3605,33.3647],[35.3587,33.3621],[35.3507,33.3601],[35.3463,33.3559],[35.3489,33.3496],[35.3555,33.3531],[35.3654,33.3557],[35.3666,33.3542],[35.3695,33.3536],[35.3719,33.355],[35.3716,33.3602]]]},"properties":{"adm3_name":"Mazraat Qalaat El-Meis","adm2_name":"El Nabatieh","adm1_name":"El Nabatieh"}},
{"type":"Feature","geometry":{"type":"Polygon","coordinates":[[[35.3955,33.4001],[35.3908,33.4],[35.3872,33.3975],[35.385,33.3979],[35.3762,33.3974],[35.3738,33.3957],[35.3723,33.3919],[35.3704,33.3912],[35.3698,33.3846],[35.3722,33.383],[35.3792,33.3842],[35.3863,33.3911],[35.3907,33.3922],[35.3963,33.3957],[35.395,33.3971],[35.3955,33.4001]]]},"properties":{"adm3_name":"Mazraat Bsaffour","adm2_name":"El Nabatieh","adm1_name":"El Nabatieh"}},
{"type":"Feature","geometry":{"type":"Polygon","coordinates":[[[35.3695,33.3536],[35.3666,33.3542],[35.364,33.3493],[35.3655,33.3444],[35.3625,33.3434],[35.3633,33.3397],[35.3582,33.338],[35.3589,33.3358],[35.3637,33.3335],[35.3676,33.3338],[35.372,33.328],[35.3769,33.3274],[35.385,33.3311],[35.3881,33.3342],[35.3884,33.3376],[35.3937,33.338],[35.3901,33.342],[35.3898,33.3439],[35.3845,33.3485],[35.3789,33.35],[35.3785,33.3517],[35.3723,33.3517],[35.3695,33.3536]]]},"properties":{"adm3_name":"Braiqeaa","adm2_name":"El Nabatieh","adm1_name":"El Nabatieh"}},
{"type":"Feature","geometry":{"type":"Polygon","coordinates":[[[35.414,33.327],[35.4106,33.3281],[35.4046,33.3317],[35.4005,33.3294],[35.3922,33.3286],[35.386,33.3244],[35.3786,33.3237],[35.3744,33.3199],[35.3711,33.3112],[35.3763,33.3061],[35.3868,33.3062],[35.3882,33.3105],[35.3913,33.3109],[35.3942,33.3082],[35.3983,33.3075],[35.4053,33.3007],[35.4121,33.3054],[35.4143,33.3083],[35.4184,33.3089],[35.4212,33.3116],[35.4208,33.3153],[35.4146,33.3173],[35.4157,33.3208],[35.4123,33.3257],[35.414,33.327]]]},"properties":{"adm3_name":"Kfar Sir","adm2_name":"El Nabatieh","adm1_name":"El Nabatieh"}},
{"type":"Feature","geometry":{"type":"Polygon","coordinates":[[[35.5391,33.3135],[35.5326,33.3142],[35.5327,33.3202],[35.5293,33.3238],[35.523,33.3235],[35.5215,33.3259],[35.5173,33.3269],[35.5162,33.3286],[35.5116,33.3285],[35.512,33.3331],[35.507,33.3329],[35.5054,33.3289],[35.5019,33.3264],[35.5042,33.3232],[35.5029,33.3208],[35.4935,33.3174],[35.4938,33.3139],[35.4896,33.3125],[35.4842,33.3121],[35.484,33.3106],[35.4854,33.3064],[35.4909,33.3018],[35.501,33.3037],[35.504,33.301],[35.5072,33.3005],[35.5132,33.3018],[35.5215,33.2983],[35.5265,33.2956],[35.5295,33.2956],[35.5355,33.2983],[35.5366,33.3003],[35.5369,33.3082],[35.5391,33.3135]]]},"properties":{"adm3_name":"Yohmor En-Nabatiyeh","adm2_name":"El Nabatieh","adm1_name":"El Nabatieh"}},
{"type":"Feature","geometry":{"type":"Polygon","coordinates":[[[35.3769,33.3274],[35.372,33.328],[35.3676,33.3338],[35.3637,33.3335],[35.3589,33.3358],[35.3572,33.3322],[35.3506,33.3315],[35.3434,33.3264],[35.3413,33.3174],[35.3442,33.3169],[35.3465,33.321],[35.3501,33.3193],[35.3475,33.3139],[35.3547,33.3134],[35.3573,33.3113],[35.3575,33.3085],[35.3613,33.3107],[35.3665,33.3094],[35.3688,33.3126],[35.3711,33.3112],[35.3744,33.3199],[35.3786,33.3237],[35.3769,33.3274]]]},"properties":{"adm3_name":"Sir El-Gharbiyeh","adm2_name":"El Nabatieh","adm1_name":"El Nabatieh"}},
{"type":"Feature","geometry":{"type":"Polygon","coordinates":[[[35.4262,33.1408],[35.4172,33.1316],[35.4193,33.1262],[35.4187,33.1235],[35.4132,33.1177],[35.4178,33.1127],[35.4196,33.1096],[35.4168,33.1038],[35.4125,33.1012],[35.4214,33.1014],[35.4263,33.1062],[35.4316,33.1044],[35.4323,33.1078],[35.4389,33.1073],[35.4398,33.1127],[35.4598,33.118],[35.4595,33.1217],[35.4539,33.1241],[35.446,33.121],[35.4374,33.1243],[35.4339,33.1299],[35.4292,33.1317],[35.4284,33.1349],[35.4292,33.1392],[35.4262,33.1408]]]},"properties":{"adm3_name":"Bent Jbayl","adm2_name":"Bent Jbeil","adm1_name":"El Nabatieh"}},
{"type":"Feature","geometry":{"type":"Polygon","coordinates":[[[35.4292,33.1392],[35.4284,33.1349],[35.4292,33.1317],[35.4339,33.1299],[35.4374,33.1243],[35.446,33.121],[35.4539,33.1241],[35.4596,33.1264],[35.4692,33.1243],[35.4674,33.13],[35.4648,33.1333],[35.4507,33.1348],[35.4483,33.1366],[35.4405,33.1379],[35.4364,33.1374],[35.4338,33.139],[35.4292,33.1392]]]},"properties":{"adm3_name":"Aaynata Bent Jbayl","adm2_name":"Bent Jbeil","adm1_name":"El Nabatieh"}},
{"type":"Feature","geometry":{"type":"Polygon","coordinates":[[[35.4793,33.0926],[35.4707,33.0994],[35.4661,33.1002],[35.4692,33.1032],[35.4623,33.1096],[35.4623,33.1135],[35.458,33.115],[35.4598,33.118],[35.4398,33.1127],[35.4389,33.1073],[35.4323,33.1078],[35.4316,33.1044],[35.4355,33.1006],[35.4359,33.0981],[35.4392,33.0921],[35.4459,33.0907],[35.4633,33.0931],[35.4793,33.0926]]]},"properties":{"adm3_name":"Maroun Er-Ras","adm2_name":"Bent Jbeil","adm1_name":"El Nabatieh"}},
{"type":"Feature","geometry":{"type":"Polygon","coordinates":[[[35.3009,33.136],[35.2992,33.128],[35.3,33.1255],[35.3129,33.1263],[35.3147,33.1258],[35.3165,33.1276],[35.3147,33.133],[35.3139,33.1373],[35.3119,33.1384],[35.3046,33.1359],[35.3009,33.136]]]},"properties":{"adm3_name":"Salhani","adm2_name":"Bent Jbeil","adm1_name":"El Nabatieh"}},
{"type":"Feature","geometry":{"type":"Polygon","coordinates":[[[35.4029,33.1331],[35.3961,33.1291],[35.3979,33.1219],[35.3896,33.1143],[35.388,33.1105],[35.3877,33.0991],[35.3805,33.095],[35.3777,33.0916],[35.3774,33.0879],[35.3815,33.0841],[35.3904,33.0834],[35.3958,33.087],[35.3997,33.0919],[35.4031,33.0938],[35.405,33.0982],[35.4125,33.1012],[35.4168,33.1038],[35.4196,33.1096],[35.4178,33.1127],[35.4132,33.1177],[35.4187,33.1235],[35.4193,33.1262],[35.4172,33.1316],[35.4153,33.1339],[35.4076,33.1321],[35.4029,33.1331]]]},"properties":{"adm3_name":"Aain Ibl","adm2_name":"Bent Jbeil","adm1_name":"El Nabatieh"}},
{"type":"Feature","geometry":{"type":"Polygon","coordinates":[[[35.4803,33.1337],[35.4746,33.1329],[35.4648,33.1333],[35.4674,33.13],[35.4692,33.1243],[35.4596,33.1264],[35.4539,33.1241],[35.4595,33.1217],[35.4598,33.118],[35.458,33.115],[35.4623,33.1135],[35.4623,33.1096],[35.4692,33.1032],[35.4661,33.1002],[35.4707,33.0994],[35.4793,33.0926],[35.4902,33.0924],[35.5036,33.0894],[35.503,33.1104],[35.5026,33.1139],[35.5086,33.1156],[35.5069,33.1194],[35.5011,33.1219],[35.4901,33.1221],[35.484,33.1215],[35.479,33.1251],[35.4789,33.1297],[35.4803,33.1337]]]},"properties":{"adm3_name":"Aaintaroun","adm2_name":"Bent Jbeil","adm1_name":"El Nabatieh"}},
{"type":"Feature","geometry":{"type":"Polygon","coordinates":[[[35.4459,33.0907],[35.4392,33.0921],[35.4359,33.0981],[35.4355,33.1006],[35.4316,33.1044],[35.4263,33.1062],[35.4214,33.1014],[35.4125,33.1012],[35.405,33.0982],[35.4031,33.0938],[35.3997,33.0919],[35.3958,33.087],[35.3904,33.0834],[35.3926,33.0821],[35.4013,33.0805],[35.4018,33.0789],[35.3979,33.072],[35.3988,33.07],[35.3966,33.0652],[35.4,33.0616],[35.431,33.0655],[35.4459,33.0907]]]},"properties":{"adm3_name":"Yaroun","adm2_name":"Bent Jbeil","adm1_name":"El Nabatieh"}},
{"type":"Feature","geometry":{"type":"Polygon","coordinates":[[[35.3619,33.0937],[35.3597,33.0944],[35.3547,33.0894],[35.3459,33.0882],[35.347,33.0823],[35.3456,33.0799],[35.3368,33.072],[35.3393,33.0681],[35.3441,33.0651],[35.3473,33.0608],[35.3539,33.0577],[35.359,33.0571],[35.3585,33.0628],[35.3627,33.0676],[35.3729,33.0683],[35.3736,33.0613],[35.3757,33.0577],[35.3747,33.0554],[35.3781,33.055],[35.3822,33.0615],[35.3955,33.0609],[35.4,33.0616],[35.3966,33.0652],[35.3988,33.07],[35.3979,33.072],[35.4018,33.0789],[35.4013,33.0805],[35.3926,33.0821],[35.3904,33.0834],[35.3815,33.0841],[35.3774,33.0879],[35.3695,33.0896],[35.3681,33.0871],[35.3633,33.0907],[35.3619,33.0937]]]},"properties":{"adm3_name":"Rmaich","adm2_name":"Bent Jbeil","adm1_name":"El Nabatieh"}},
{"type":"Feature","geometry":{"type":"Polygon","coordinates":[[[35.3747,33.0554],[35.3757,33.0577],[35.3736,33.0613],[35.3729,33.0683],[35.3627,33.0676],[35.3585,33.0628],[35.359,33.0571],[35.3747,33.0554]]]},"properties":{"adm3_name":"Qatmoun","adm2_name":"Bent Jbeil","adm1_name":"El Nabatieh"}},
{"type":"Feature","geometry":{"type":"Polygon","coordinates":[[[35.3622,33.1059],[35.3602,33.1121],[35.3568,33.1118],[35.3541,33.1141],[35.3496,33.1158],[35.3418,33.1129],[35.3362,33.1077],[35.33,33.1046],[35.3235,33.1031],[35.3203,33.1013],[35.3247,33.0959],[35.3208,33.0878],[35.3251,33.0819],[35.3337,33.077],[35.3368,33.072],[35.3456,33.0799],[35.347,33.0823],[35.3459,33.0882],[35.3547,33.0894],[35.3597,33.0944],[35.3619,33.0937],[35.3606,33.0969],[35.3622,33.1059]]]},"properties":{"adm3_name":"Aayta Ech-Chaab","adm2_name":"Bent Jbeil","adm1_name":"El Nabatieh"}},
{"type":"Feature","geometry":{"type":"Polygon","coordinates":[[[35.3147,33.1258],[35.3129,33.1263],[35.3,33.1255],[35.3032,33.1141],[35.3026,33.1101],[35.2963,33.107],[35.2995,33.1051],[35.301,33.1005],[35.3093,33.1008],[35.3172,33.105],[35.3203,33.1013],[35.3235,33.1031],[35.33,33.1046],[35.3362,33.1077],[35.3262,33.1144],[35.3215,33.1198],[35.3167,33.1255],[35.3147,33.1258]]]},"properties":{"adm3_name":"Ramyet Bent Jbayl","adm2_name":"Bent Jbeil","adm1_name":"El Nabatieh"}},
{"type":"Feature","geometry":{"type":"Polygon","coordinates":[[[35.3813,33.1944],[35.384,33.1905],[35.3815,33.1838],[35.3885,33.183],[35.3996,33.1824],[35.415,33.1797],[35.4264,33.1791],[35.4237,33.1852],[35.4237,33.1897],[35.4286,33.1873],[35.4283,33.1942],[35.4253,33.1961],[35.4265,33.199],[35.4229,33.2032],[35.4192,33.2038],[35.4173,33.1986],[35.4052,33.2005],[35.4018,33.1986],[35.3954,33.199],[35.3813,33.1944]]]},"properties":{"adm3_name":"Tibnine","adm2_name":"Bent Jbeil","adm1_name":"El Nabatieh"}},
{"type":"Feature","geometry":{"type":"Polygon","coordinates":[[[35.3976,33.2145],[35.3883,33.2139],[35.3856,33.2115],[35.3816,33.2102],[35.3798,33.2078],[35.3747,33.205],[35.3645,33.2062],[35.3633,33.2025],[35.3638,33.1989],[35.3672,33.197],[35.3738,33.1957],[35.3755,33.1941],[35.3785,33.1953],[35.3813,33.1944],[35.3954,33.199],[35.4018,33.1986],[35.4052,33.2005],[35.4173,33.1986],[35.4192,33.2038],[35.4229,33.2032],[35.4281,33.2034],[35.4275,33.2098],[35.4256,33.2126],[35.4275,33.2172],[35.4074,33.214],[35.3976,33.2145]]]},"properties":{"adm3_name":"Soultaniyet Bent Jbayl","adm2_name":"Bent Jbeil","adm1_name":"El Nabatieh"}},
{"type":"Feature","geometry":{"type":"Polygon","coordinates":[[[35.4281,33.2034],[35.4229,33.2032],[35.4265,33.199],[35.4253,33.1961],[35.4283,33.1942],[35.4319,33.193],[35.4333,33.1903],[35.4368,33.1912],[35.4422,33.1943],[35.4391,33.199],[35.4386,33.2028],[35.4281,33.2034]]]},"properties":{"adm3_name":"Safad Al-Battikh","adm2_name":"Bent Jbeil","adm1_name":"El Nabatieh"}},
{"type":"Feature","geometry":{"type":"Polygon","coordinates":[[[35.432,33.2267],[35.4303,33.2196],[35.4275,33.2172],[35.4256,33.2126],[35.4275,33.2098],[35.4281,33.2034],[35.4386,33.2028],[35.4391,33.199],[35.4422,33.1943],[35.444,33.1912],[35.4487,33.1936],[35.4481,33.1959],[35.4556,33.2003],[35.4517,33.2046],[35.4497,33.2052],[35.4476,33.2111],[35.4449,33.2137],[35.4412,33.2218],[35.4364,33.2257],[35.432,33.2267]]]},"properties":{"adm3_name":"Jmaijmeh","adm2_name":"Bent Jbeil","adm1_name":"El Nabatieh"}},
{"type":"Feature","geometry":{"type":"Polygon","coordinates":[[[35.4264,33.1791],[35.415,33.1797],[35.3996,33.1824],[35.3885,33.183],[35.39,33.1791],[35.3947,33.1776],[35.3913,33.1726],[35.3906,33.1698],[35.3935,33.168],[35.3977,33.1696],[35.4014,33.1686],[35.4043,33.1661],[35.4072,33.1689],[35.412,33.1657],[35.4203,33.1663],[35.4225,33.1684],[35.4271,33.1686],[35.4313,33.1711],[35.4277,33.1744],[35.4264,33.1791]]]},"properties":{"adm3_name":"Aaita Ej-Jabal","adm2_name":"Bent Jbeil","adm1_name":"El Nabatieh"}},
{"type":"Feature","geometry":{"type":"Polygon","coordinates":[[[35.444,33.1912],[35.4422,33.1943],[35.4368,33.1912],[35.4333,33.1903],[35.4319,33.193],[35.4283,33.1942],[35.4286,33.1873],[35.4237,33.1897],[35.4237,33.1852],[35.4264,33.1791],[35.4277,33.1744],[35.4313,33.1711],[35.4369,33.1668],[35.4388,33.1643],[35.4424,33.1629],[35.4485,33.1635],[35.4521,33.166],[35.454,33.1685],[35.4525,33.1756],[35.4491,33.1815],[35.4487,33.1878],[35.444,33.1912]]]},"properties":{"adm3_name":"Baraachit","adm2_name":"Bent Jbeil","adm1_name":"El Nabatieh"}},
{"type":"Feature","geometry":{"type":"Polygon","coordinates":[[[35.4556,33.2003],[35.4481,33.1959],[35.4487,33.1936],[35.444,33.1912],[35.4487,33.1878],[35.4491,33.1815],[35.4525,33.1756],[35.454,33.1685],[35.4521,33.166],[35.4571,33.1579],[35.4658,33.1588],[35.4668,33.1552],[35.4706,33.15],[35.4755,33.1506],[35.4813,33.1491],[35.4821,33.1542],[35.4838,33.1552],[35.4867,33.1593],[35.4832,33.163],[35.4867,33.1731],[35.4842,33.1754],[35.4878,33.18],[35.486,33.1909],[35.4876,33.1919],[35.4858,33.2022],[35.4839,33.2031],[35.4741,33.2034],[35.4698,33.2],[35.4644,33.1996],[35.4556,33.2003]]]},"properties":{"adm3_name":"Chaqra","adm2_name":"Bent Jbeil","adm1_name":"El Nabatieh"}},
{"type":"Feature","geometry":{"type":"Polygon","coordinates":[[[35.4043,33.1661],[35.4014,33.1686],[35.3977,33.1696],[35.3935,33.168],[35.3906,33.1698],[35.382,33.1665],[35.3791,33.1639],[35.3805,33.1611],[35.374,33.1517],[35.3751,33.1482],[35.3748,33.1421],[35.3777,33.1414],[35.3824,33.1448],[35.3871,33.1503],[35.389,33.1471],[35.3923,33.1474],[35.3954,33.1449],[35.4021,33.1495],[35.4064,33.1549],[35.4087,33.1618],[35.4043,33.1661]]]},"properties":{"adm3_name":"Haddatha","adm2_name":"Bent Jbeil","adm1_name":"El Nabatieh"}},
{"type":"Feature","geometry":{"type":"Polygon","coordinates":[[[35.4157,33.2452],[35.4166,33.2425],[35.413,33.2414],[35.4115,33.2389],[35.4079,33.2374],[35.4122,33.2311],[35.4115,33.2296],[35.4156,33.2253],[35.4162,33.2225],[35.4205,33.2208],[35.4303,33.2196],[35.432,33.2267],[35.4287,33.2284],[35.4285,33.2329],[35.4267,33.2353],[35.4259,33.2397],[35.4279,33.2427],[35.4274,33.2439],[35.422,33.2432],[35.4157,33.2452]]]},"properties":{"adm3_name":"Khirbet Selm","adm2_name":"Bent Jbeil","adm1_name":"El Nabatieh"}},
{"type":"Feature","geometry":{"type":"Polygon","coordinates":[[[35.4313,33.1711],[35.4271,33.1686],[35.4225,33.1684],[35.4203,33.1663],[35.412,33.1657],[35.4072,33.1689],[35.4043,33.1661],[35.4087,33.1618],[35.4064,33.1549],[35.413,33.1541],[35.4142,33.1449],[35.4199,33.1463],[35.4237,33.1513],[35.4242,33.1539],[35.432,33.1563],[35.4358,33.1556],[35.4375,33.1577],[35.4388,33.1643],[35.4369,33.1668],[35.4313,33.1711]]]},"properties":{"adm3_name":"Beit Yahoun","adm2_name":"Bent Jbeil","adm1_name":"El Nabatieh"}},
{"type":"Feature","geometry":{"type":"Polygon","coordinates":[[[35.3813,33.1944],[35.3785,33.1953],[35.3755,33.1941],[35.3659,33.1923],[35.3596,33.1925],[35.3568,33.1886],[35.3657,33.184],[35.3699,33.1826],[35.3676,33.1799],[35.3676,33.1759],[35.3604,33.1721],[35.3578,33.1692],[35.3586,33.1658],[35.3543,33.1623],[35.3576,33.1625],[35.3608,33.1593],[35.3635,33.1623],[35.3663,33.1616],[35.3717,33.1631],[35.3764,33.162],[35.3791,33.1639],[35.382,33.1665],[35.3906,33.1698],[35.3913,33.1726],[35.3947,33.1776],[35.39,33.1791],[35.3885,33.183],[35.3815,33.1838],[35.384,33.1905],[35.3813,33.1944]]]},"properties":{"adm3_name":"Haris","adm2_name":"Bent Jbeil","adm1_name":"El Nabatieh"}},
{"type":"Feature","geometry":{"type":"Polygon","coordinates":[[[35.3862,33.2281],[35.3839,33.2261],[35.3757,33.2254],[35.3686,33.2269],[35.364,33.2246],[35.3598,33.2219],[35.3577,33.2185],[35.3615,33.2145],[35.3658,33.2149],[35.3766,33.2112],[35.3798,33.2078],[35.3816,33.2102],[35.3856,33.2115],[35.3883,33.2139],[35.3976,33.2145],[35.396,33.2199],[35.389,33.223],[35.3862,33.2281]]]},"properties":{"adm3_name":"Deir Ntar","adm2_name":"Bent Jbeil","adm1_name":"El Nabatieh"}},
{"type":"Feature","geometry":{"type":"Polygon","coordinates":[[[35.3954,33.2498],[35.3941,33.2489],[35.3914,33.2471],[35.3878,33.2424],[35.3861,33.237],[35.387,33.2312],[35.3862,33.2281],[35.389,33.223],[35.396,33.2199],[35.3976,33.2145],[35.4074,33.214],[35.4275,33.2172],[35.4303,33.2196],[35.4205,33.2208],[35.4162,33.2225],[35.4156,33.2253],[35.4115,33.2296],[35.4122,33.2311],[35.4079,33.2374],[35.4041,33.242],[35.4014,33.2417],[35.3987,33.244],[35.3954,33.2498]]]},"properties":{"adm3_name":"Kfar Dounine","adm2_name":"Bent Jbeil","adm1_name":"El Nabatieh"}},
{"type":"Feature","geometry":{"type":"Polygon","coordinates":[[[35.4521,33.166],[35.4485,33.1635],[35.4424,33.1629],[35.4388,33.1643],[35.4375,33.1577],[35.4358,33.1556],[35.432,33.1563],[35.4242,33.1539],[35.4237,33.1513],[35.4199,33.1463],[35.4221,33.1434],[35.4279,33.1438],[35.4262,33.1408],[35.4292,33.1392],[35.4338,33.139],[35.4364,33.1374],[35.4405,33.1379],[35.4483,33.1366],[35.4507,33.1348],[35.4648,33.1333],[35.4746,33.1329],[35.4803,33.1337],[35.4805,33.1397],[35.4825,33.1419],[35.481,33.1456],[35.4813,33.1491],[35.4755,33.1506],[35.4706,33.15],[35.4668,33.1552],[35.4658,33.1588],[35.4571,33.1579],[35.4521,33.166]]]},"properties":{"adm3_name":"Kounine","adm2_name":"Bent Jbeil","adm1_name":"El Nabatieh"}},
{"type":"Feature","geometry":{"type":"Polygon","coordinates":[[[35.4199,33.1463],[35.4142,33.1449],[35.413,33.1541],[35.4064,33.1549],[35.4021,33.1495],[35.3954,33.1449],[35.3923,33.1474],[35.389,33.1471],[35.3871,33.1503],[35.3824,33.1448],[35.3777,33.1414],[35.3748,33.1421],[35.3698,33.1396],[35.3669,33.1367],[35.3624,33.1347],[35.3693,33.1322],[35.3752,33.1339],[35.3827,33.1345],[35.3902,33.1377],[35.392,33.1356],[35.3992,33.1331],[35.4029,33.1331],[35.4076,33.1321],[35.4153,33.1339],[35.4172,33.1316],[35.4262,33.1408],[35.4279,33.1438],[35.4221,33.1434],[35.4199,33.1463]]]},"properties":{"adm3_name":"Tiri","adm2_name":"Bent Jbeil","adm1_name":"El Nabatieh"}},
{"type":"Feature","geometry":{"type":"Polygon","coordinates":[[[35.3638,33.1989],[35.3546,33.1977],[35.3422,33.1994],[35.3426,33.1973],[35.3485,33.1942],[35.3494,33.1914],[35.3482,33.1872],[35.3439,33.1825],[35.3361,33.1757],[35.333,33.1714],[35.3294,33.1714],[35.3253,33.1748],[35.3214,33.1753],[35.3139,33.1786],[35.3129,33.1772],[35.3148,33.1726],[35.3155,33.1711],[35.3225,33.1661],[35.3226,33.1647],[35.324,33.1628],[35.3369,33.1604],[35.3497,33.161],[35.3543,33.1623],[35.3586,33.1658],[35.3578,33.1692],[35.3604,33.1721],[35.3676,33.1759],[35.3676,33.1799],[35.3699,33.1826],[35.3657,33.184],[35.3568,33.1886],[35.3596,33.1925],[35.3659,33.1923],[35.3755,33.1941],[35.3738,33.1957],[35.3672,33.197],[35.3638,33.1989]]]},"properties":{"adm3_name":"Kafra Bant Jbayl","adm2_name":"Bent Jbeil","adm1_name":"El Nabatieh"}},
{"type":"Feature","geometry":{"type":"Polygon","coordinates":[[[35.4111,33.2595],[35.4117,33.2556],[35.416,33.2472],[35.4157,33.2452],[35.422,33.2432],[35.4274,33.2439],[35.4262,33.2517],[35.4268,33.2548],[35.4178,33.2581],[35.4111,33.2595]]]},"properties":{"adm3_name":"Qalaouiyeh","adm2_name":"Bent Jbeil","adm1_name":"El Nabatieh"}},
{"type":"Feature","geometry":{"type":"Polygon","coordinates":[[[35.4189,33.2645],[35.4111,33.2595],[35.4178,33.2581],[35.4268,33.2548],[35.4353,33.2582],[35.4364,33.2642],[35.4296,33.2639],[35.4264,33.2629],[35.4189,33.2645]]]},"properties":{"adm3_name":"Borj qalaouiyeh","adm2_name":"Bent Jbeil","adm1_name":"El Nabatieh"}},
{"type":"Feature","geometry":{"type":"Polygon","coordinates":[[[35.3543,33.1623],[35.3497,33.161],[35.3494,33.1566],[35.3462,33.1538],[35.3435,33.1459],[35.3477,33.1432],[35.3558,33.1494],[35.3616,33.1486],[35.3652,33.1529],[35.374,33.1517],[35.3805,33.1611],[35.3791,33.1639],[35.3764,33.162],[35.3717,33.1631],[35.3663,33.1616],[35.3635,33.1623],[35.3608,33.1593],[35.3576,33.1625],[35.3543,33.1623]]]},"properties":{"adm3_name":"Srobbine","adm2_name":"Bent Jbeil","adm1_name":"El Nabatieh"}},
{"type":"Feature","geometry":{"type":"Polygon","coordinates":[[[35.374,33.1517],[35.3652,33.1529],[35.3616,33.1486],[35.3558,33.1494],[35.3477,33.1432],[35.3501,33.1384],[35.3567,33.1352],[35.3624,33.1347],[35.3669,33.1367],[35.3698,33.1396],[35.3748,33.1421],[35.3751,33.1482],[35.374,33.1517]]]},"properties":{"adm3_name":"Rachaf","adm2_name":"Bent Jbeil","adm1_name":"El Nabatieh"}},
{"type":"Feature","geometry":{"type":"Polygon","coordinates":[[[35.4311,33.2836],[35.4298,33.2787],[35.4277,33.2771],[35.4295,33.2733],[35.4261,33.2721],[35.4257,33.2685],[35.4201,33.2714],[35.4161,33.2693],[35.4212,33.2662],[35.4189,33.2645],[35.4264,33.2629],[35.4296,33.2639],[35.4364,33.2642],[35.4406,33.2647],[35.4444,33.2671],[35.4465,33.2669],[35.4466,33.2688],[35.4456,33.2751],[35.4463,33.279],[35.4506,33.2817],[35.4442,33.288],[35.4399,33.2876],[35.4379,33.2894],[35.4374,33.2926],[35.4322,33.291],[35.4316,33.2888],[35.4336,33.2843],[35.4311,33.2836]]]},"properties":{"adm3_name":"Ghandouriyet Bent Jbayl","adm2_name":"Bent Jbeil","adm1_name":"El Nabatieh"}},
{"type":"Feature","geometry":{"type":"Polygon","coordinates":[[[35.439,33.3078],[35.43,33.3112],[35.4263,33.3073],[35.4201,33.3029],[35.414,33.2951],[35.4103,33.2933],[35.4116,33.2886],[35.4148,33.2849],[35.4148,33.2847],[35.4205,33.2866],[35.4244,33.2849],[35.4304,33.2857],[35.4311,33.2836],[35.4336,33.2843],[35.4316,33.2888],[35.4322,33.291],[35.4374,33.2926],[35.4417,33.2958],[35.4426,33.2977],[35.4418,33.3041],[35.439,33.3078]]]},"properties":{"adm3_name":"Froun","adm2_name":"Bent Jbeil","adm1_name":"El Nabatieh"}},
{"type":"Feature","geometry":{"type":"Polygon","coordinates":[[[35.3497,33.161],[35.3369,33.1604],[35.324,33.1628],[35.3226,33.1647],[35.3172,33.1624],[35.3108,33.1617],[35.3107,33.1565],[35.3026,33.1444],[35.3015,33.1412],[35.3009,33.136],[35.3046,33.1359],[35.3119,33.1384],[35.3139,33.1373],[35.3147,33.133],[35.3206,33.1331],[35.3246,33.1383],[35.3286,33.1393],[35.3316,33.1374],[35.3385,33.1397],[35.3435,33.1459],[35.3462,33.1538],[35.3494,33.1566],[35.3497,33.161]]]},"properties":{"adm3_name":"Yater","adm2_name":"Bent Jbeil","adm1_name":"El Nabatieh"}},
{"type":"Feature","geometry":{"type":"Polygon","coordinates":[[[35.3624,33.1347],[35.3567,33.1352],[35.3501,33.1384],[35.3518,33.136],[35.3556,33.1345],[35.3603,33.1287],[35.3575,33.1219],[35.3496,33.1158],[35.3541,33.1141],[35.3568,33.1118],[35.3602,33.1121],[35.3622,33.1059],[35.3653,33.107],[35.3661,33.113],[35.3691,33.1126],[35.3733,33.1148],[35.3764,33.1199],[35.3793,33.1197],[35.3834,33.1151],[35.3896,33.1143],[35.3979,33.1219],[35.3961,33.1291],[35.4029,33.1331],[35.3992,33.1331],[35.392,33.1356],[35.3902,33.1377],[35.3827,33.1345],[35.3752,33.1339],[35.3693,33.1322],[35.3624,33.1347]]]},"properties":{"adm3_name":"Debl","adm2_name":"Bent Jbeil","adm1_name":"El Nabatieh"}},
{"type":"Feature","geometry":{"type":"Polygon","coordinates":[[[35.3896,33.1143],[35.3834,33.1151],[35.3793,33.1197],[35.3764,33.1199],[35.3733,33.1148],[35.3691,33.1126],[35.3661,33.113],[35.3653,33.107],[35.3622,33.1059],[35.3606,33.0969],[35.3619,33.0937],[35.3633,33.0907],[35.3681,33.0871],[35.3695,33.0896],[35.3774,33.0879],[35.3777,33.0916],[35.3805,33.095],[35.3877,33.0991],[35.388,33.1105],[35.3896,33.1143]]]},"properties":{"adm3_name":"Hanine","adm2_name":"Bent Jbeil","adm1_name":"El Nabatieh"}},
{"type":"Feature","geometry":{"type":"Polygon","coordinates":[[[35.3477,33.1432],[35.3435,33.1459],[35.3385,33.1397],[35.3316,33.1374],[35.3286,33.1393],[35.3246,33.1383],[35.3206,33.1331],[35.3147,33.133],[35.3165,33.1276],[35.3147,33.1258],[35.3167,33.1255],[35.3215,33.1198],[35.3327,33.126],[35.3348,33.1299],[35.3388,33.1285],[35.344,33.1284],[35.3494,33.1342],[35.3537,33.1326],[35.3556,33.1345],[35.3518,33.136],[35.3501,33.1384],[35.3477,33.1432]]]},"properties":{"adm3_name":"Beit Lif","adm2_name":"Bent Jbeil","adm1_name":"El Nabatieh"}},
{"type":"Feature","geometry":{"type":"Polygon","coordinates":[[[35.3556,33.1345],[35.3537,33.1326],[35.3494,33.1342],[35.344,33.1284],[35.3388,33.1285],[35.3348,33.1299],[35.3327,33.126],[35.3215,33.1198],[35.3262,33.1144],[35.3362,33.1077],[35.3418,33.1129],[35.3496,33.1158],[35.3575,33.1219],[35.3603,33.1287],[35.3556,33.1345]]]},"properties":{"adm3_name":"Qaouzah","adm2_name":"Bent Jbeil","adm1_name":"El Nabatieh"}},
{"type":"Feature","geometry":{"type":"Polygon","coordinates":[[[35.6083,33.3665],[35.6035,33.3665],[35.596,33.3644],[35.5913,33.3664],[35.5905,33.3688],[35.5842,33.3696],[35.5781,33.3686],[35.582,33.3661],[35.5859,33.3606],[35.5791,33.3492],[35.576,33.3468],[35.5739,33.3395],[35.5755,33.3379],[35.5823,33.3387],[35.5867,33.3359],[35.5872,33.3326],[35.5914,33.3322],[35.592,33.3351],[35.6001,33.3376],[35.5966,33.3413],[35.5988,33.3482],[35.6054,33.3478],[35.6104,33.3505],[35.6085,33.3548],[35.6052,33.3578],[35.6093,33.3653],[35.6083,33.3665]]]},"properties":{"adm3_name":"Marjaayoun","adm2_name":"Marjaayoun","adm1_name":"El Nabatieh"}},
{"type":"Feature","geometry":{"type":"Polygon","coordinates":[[[35.5775,33.3825],[35.5726,33.3826],[35.5649,33.3812],[35.5629,33.3784],[35.5587,33.3778],[35.5545,33.3753],[35.5501,33.3681],[35.5489,33.3586],[35.547,33.3578],[35.547,33.3561],[35.5487,33.355],[35.5537,33.3559],[35.5569,33.3498],[35.5585,33.3511],[35.5699,33.3505],[35.5719,33.3472],[35.576,33.3468],[35.5791,33.3492],[35.5859,33.3606],[35.582,33.3661],[35.5781,33.3686],[35.5842,33.3696],[35.5854,33.3734],[35.5834,33.3767],[35.5841,33.3795],[35.5798,33.3805],[35.5775,33.3825]]]},"properties":{"adm3_name":"Boueyda Marjaayoun","adm2_name":"Marjaayoun","adm1_name":"El Nabatieh"}},
{"type":"Feature","geometry":{"type":"Polygon","coordinates":[[[35.5854,33.3734],[35.5842,33.3696],[35.5905,33.3688],[35.5913,33.3664],[35.596,33.3644],[35.6035,33.3665],[35.6083,33.3665],[35.61,33.3707],[35.6008,33.3714],[35.5963,33.3741],[35.5911,33.3718],[35.5854,33.3734]]]},"properties":{"adm3_name":"Dibbine","adm2_name":"Marjaayoun","adm1_name":"El Nabatieh"}},
{"type":"Feature","geometry":{"type":"Polygon","coordinates":[[[35.6208,33.3676],[35.6128,33.3654],[35.6093,33.3653],[35.6052,33.3578],[35.6085,33.3548],[35.6104,33.3505],[35.6132,33.3439],[35.6163,33.3407],[35.6194,33.3402],[35.6214,33.3373],[35.624,33.338],[35.6301,33.3369],[35.632,33.3406],[35.6322,33.3477],[35.6349,33.3522],[35.6353,33.3552],[35.6381,33.3578],[35.638,33.3617],[35.6399,33.363],[35.6403,33.3707],[35.6389,33.3729],[35.6396,33.376],[35.6349,33.3729],[35.6269,33.3692],[35.6208,33.3676]]]},"properties":{"adm3_name":"Ibl Es-Saqi","adm2_name":"Marjaayoun","adm1_name":"El Nabatieh"}},
{"type":"Feature","geometry":{"type":"Polygon","coordinates":[[[35.6211,33.3942],[35.6201,33.3956],[35.6107,33.3982],[35.606,33.4022],[35.6016,33.3966],[35.5975,33.396],[35.5955,33.3933],[35.5947,33.3851],[35.592,33.3817],[35.5841,33.3795],[35.5834,33.3767],[35.5854,33.3734],[35.5911,33.3718],[35.5963,33.3741],[35.6008,33.3714],[35.61,33.3707],[35.6083,33.3665],[35.6093,33.3653],[35.6128,33.3654],[35.6208,33.3676],[35.6209,33.3731],[35.6183,33.3786],[35.6161,33.3851],[35.6189,33.3879],[35.6211,33.3942]]]},"properties":{"adm3_name":"Blat Marjaayoun","adm2_name":"Marjaayoun","adm1_name":"El Nabatieh"}},
{"type":"Feature","geometry":{"type":"Polygon","coordinates":[[[35.547,33.3561],[35.5466,33.3536],[35.5428,33.3511],[35.5423,33.3469],[35.5444,33.3443],[35.5496,33.3445],[35.5538,33.3468],[35.5569,33.3498],[35.5537,33.3559],[35.5487,33.355],[35.547,33.3561]]]},"properties":{"adm3_name":"Mazraat Doumiat","adm2_name":"Marjaayoun","adm1_name":"El Nabatieh"}},
{"type":"Feature","geometry":{"type":"Polygon","coordinates":[[[35.5541,33.3143],[35.5528,33.3084],[35.554,33.3056],[35.5567,33.3012],[35.5652,33.2975],[35.5679,33.2992],[35.5696,33.3026],[35.579,33.3007],[35.5782,33.3098],[35.5787,33.315],[35.5758,33.3167],[35.5772,33.3201],[35.5749,33.3243],[35.5712,33.3257],[35.5647,33.3265],[35.5583,33.3265],[35.553,33.3191],[35.5541,33.3143]]]},"properties":{"adm3_name":"Borj El-Moulouk","adm2_name":"Marjaayoun","adm1_name":"El Nabatieh"}},
{"type":"Feature","geometry":{"type":"Polygon","coordinates":[[[35.576,33.3468],[35.5719,33.3472],[35.5699,33.3505],[35.5585,33.3511],[35.5569,33.3498],[35.5538,33.3468],[35.5496,33.3445],[35.5444,33.3443],[35.5404,33.3415],[35.5429,33.3383],[35.5419,33.3309],[35.538,33.3253],[35.5386,33.316],[35.5472,33.3133],[35.5495,33.3159],[35.5541,33.3143],[35.553,33.3191],[35.5583,33.3265],[35.5647,33.3265],[35.5712,33.3257],[35.5749,33.3243],[35.5772,33.3201],[35.5758,33.3167],[35.5787,33.315],[35.5782,33.3098],[35.5801,33.3131],[35.5831,33.3128],[35.5857,33.3149],[35.5868,33.32],[35.5841,33.3213],[35.5862,33.3315],[35.5914,33.3322],[35.5872,33.3326],[35.5867,33.3359],[35.5823,33.3387],[35.5755,33.3379],[35.5739,33.3395],[35.576,33.3468]]]},"properties":{"adm3_name":"Qlaiaa","adm2_name":"Marjaayoun","adm1_name":"El Nabatieh"}},
{"type":"Feature","geometry":{"type":"Polygon","coordinates":[[[35.6301,33.3369],[35.624,33.338],[35.6214,33.3373],[35.6194,33.3402],[35.6163,33.3407],[35.6132,33.3439],[35.6104,33.3505],[35.6054,33.3478],[35.5988,33.3482],[35.5966,33.3413],[35.6001,33.3376],[35.592,33.3351],[35.5914,33.3322],[35.5862,33.3315],[35.5841,33.3213],[35.5868,33.32],[35.5857,33.3149],[35.5831,33.3128],[35.5801,33.3131],[35.5782,33.3098],[35.579,33.3007],[35.5696,33.3026],[35.5679,33.2992],[35.5652,33.2975],[35.5683,33.2907],[35.5721,33.2875],[35.5758,33.2869],[35.583,33.283],[35.5882,33.2892],[35.5881,33.291],[35.5928,33.3007],[35.595,33.308],[35.5998,33.3047],[35.6004,33.2999],[35.6019,33.2988],[35.6086,33.3],[35.6152,33.3052],[35.6205,33.3129],[35.6224,33.3098],[35.6301,33.311],[35.6328,33.308],[35.6364,33.3076],[35.6383,33.312],[35.6329,33.3207],[35.6327,33.3259],[35.6354,33.3295],[35.6322,33.3329],[35.6301,33.3369]]]},"properties":{"adm3_name":"Khiyam Marjaayoun","adm2_name":"Marjaayoun","adm1_name":"El Nabatieh"}},
{"type":"Feature","geometry":{"type":"Polygon","coordinates":[[[35.6383,33.312],[35.6364,33.3076],[35.6328,33.308],[35.6301,33.311],[35.6224,33.3098],[35.6205,33.3129],[35.6152,33.3052],[35.6086,33.3],[35.6129,33.2992],[35.6103,33.2946],[35.6128,33.2936],[35.6125,33.2903],[35.6169,33.2862],[35.6208,33.2841],[35.6252,33.2878],[35.6295,33.2947],[35.6352,33.3019],[35.6387,33.3051],[35.6388,33.3073],[35.6421,33.3099],[35.6383,33.312]]]},"properties":{"adm3_name":"Aain Aarab Marjaayoun","adm2_name":"Marjaayoun","adm1_name":"El Nabatieh"}},
{"type":"Feature","geometry":{"type":"Polygon","coordinates":[[[35.5386,33.316],[35.5391,33.3135],[35.5369,33.3082],[35.5366,33.3003],[35.5355,33.2983],[35.5295,33.2956],[35.5321,33.2893],[35.5389,33.2888],[35.541,33.2876],[35.5488,33.2888],[35.5502,33.29],[35.5496,33.2924],[35.551,33.2986],[35.5502,33.3023],[35.554,33.3056],[35.5528,33.3084],[35.5541,33.3143],[35.5495,33.3159],[35.5472,33.3133],[35.5386,33.316]]]},"properties":{"adm3_name":"Deir Mimas","adm2_name":"Marjaayoun","adm1_name":"El Nabatieh"}},
{"type":"Feature","geometry":{"type":"Polygon","coordinates":[[[35.6125,33.2903],[35.6128,33.2936],[35.6103,33.2946],[35.6129,33.2992],[35.6086,33.3],[35.6019,33.2988],[35.6004,33.2999],[35.5998,33.3047],[35.595,33.308],[35.5928,33.3007],[35.5881,33.291],[35.5882,33.2892],[35.5926,33.2892],[35.5983,33.2843],[35.6004,33.2873],[35.6043,33.2852],[35.6123,33.2864],[35.6125,33.2903]]]},"properties":{"adm3_name":"Mazraat Sarada","adm2_name":"Marjaayoun","adm1_name":"El Nabatieh"}},
{"type":"Feature","geometry":{"type":"Polygon","coordinates":[[[35.5652,33.2975],[35.5567,33.3012],[35.554,33.3056],[35.5502,33.3023],[35.551,33.2986],[35.5496,33.2924],[35.5502,33.29],[35.5626,33.2904],[35.5647,33.2883],[35.5683,33.2907],[35.5652,33.2975]]]},"properties":{"adm3_name":"Houra","adm2_name":"Marjaayoun","adm1_name":"El Nabatieh"}},
{"type":"Feature","geometry":{"type":"Polygon","coordinates":[[[35.6208,33.2841],[35.6169,33.2862],[35.6125,33.2903],[35.6123,33.2864],[35.6043,33.2852],[35.6004,33.2873],[35.5983,33.2843],[35.5926,33.2892],[35.5882,33.2892],[35.583,33.283],[35.5847,33.2819],[35.5859,33.2723],[35.5843,33.2671],[35.5944,33.2597],[35.5994,33.2534],[35.6034,33.251],[35.6087,33.25],[35.6149,33.2467],[35.6214,33.242],[35.624,33.2427],[35.6254,33.2459],[35.6235,33.2499],[35.6236,33.2527],[35.6198,33.2537],[35.6226,33.2646],[35.6202,33.27],[35.6217,33.273],[35.6188,33.2742],[35.62,33.2772],[35.6187,33.2814],[35.6208,33.2841]]]},"properties":{"adm3_name":"Aamra","adm2_name":"Marjaayoun","adm1_name":"El Nabatieh"}},
{"type":"Feature","geometry":{"type":"Polygon","coordinates":[[[35.5528,33.2569],[35.5501,33.2638],[35.5467,33.2611],[35.5353,33.2583],[35.5286,33.2605],[35.5282,33.2595],[35.5276,33.2551],[35.5302,33.2516],[35.5292,33.2501],[35.529,33.2397],[35.5272,33.2356],[35.535,33.2326],[35.5371,33.2327],[35.5382,33.2331],[35.5467,33.2379],[35.5476,33.2428],[35.5465,33.2537],[35.5528,33.2569]]]},"properties":{"adm3_name":"Aadaysseh Marjaayoun","adm2_name":"Marjaayoun","adm1_name":"El Nabatieh"}},
{"type":"Feature","geometry":{"type":"Polygon","coordinates":[[[35.4779,33.2449],[35.4776,33.2424],[35.4832,33.2418],[35.4866,33.239],[35.4932,33.2394],[35.4983,33.2401],[35.5003,33.242],[35.4944,33.254],[35.4901,33.2556],[35.4847,33.2556],[35.4809,33.2571],[35.4778,33.2564],[35.4814,33.2509],[35.478,33.2475],[35.4779,33.2449]]]},"properties":{"adm3_name":"Bany haiyane","adm2_name":"Marjaayoun","adm1_name":"El Nabatieh"}},
{"type":"Feature","geometry":{"type":"Polygon","coordinates":[[[35.5502,33.29],[35.5488,33.2888],[35.541,33.2876],[35.5389,33.2888],[35.5321,33.2893],[35.5325,33.2854],[35.5344,33.2802],[35.5319,33.2759],[35.5319,33.2717],[35.5333,33.2693],[35.5284,33.2671],[35.5286,33.2605],[35.5353,33.2583],[35.5467,33.2611],[35.5501,33.2638],[35.5528,33.2569],[35.5561,33.2575],[35.5571,33.2641],[35.5602,33.2671],[35.564,33.2727],[35.5647,33.2759],[35.5632,33.2835],[35.5647,33.2883],[35.5626,33.2904],[35.5502,33.29]]]},"properties":{"adm3_name":"Kfar Kila","adm2_name":"Marjaayoun","adm1_name":"El Nabatieh"}},
{"type":"Feature","geometry":{"type":"Polygon","coordinates":[[[35.5215,33.2983],[35.5132,33.3018],[35.5072,33.3005],[35.504,33.301],[35.501,33.3037],[35.4909,33.3018],[35.4881,33.2957],[35.484,33.2944],[35.4759,33.2944],[35.4781,33.2911],[35.4831,33.2891],[35.4917,33.2887],[35.4879,33.2848],[35.4878,33.2823],[35.4956,33.2829],[35.5045,33.2839],[35.5123,33.2887],[35.5184,33.2899],[35.5215,33.2983]]]},"properties":{"adm3_name":"Deir Siriane","adm2_name":"Marjaayoun","adm1_name":"El Nabatieh"}},
{"type":"Feature","geometry":{"type":"Polygon","coordinates":[[[35.5295,33.2956],[35.5265,33.2956],[35.5215,33.2983],[35.5184,33.2899],[35.5123,33.2887],[35.5045,33.2839],[35.4956,33.2829],[35.5,33.2801],[35.5022,33.2751],[35.5047,33.2729],[35.5051,33.2687],[35.5072,33.2681],[35.5231,33.2623],[35.5282,33.2595],[35.5286,33.2605],[35.5284,33.2671],[35.5333,33.2693],[35.5319,33.2717],[35.5319,33.2759],[35.5344,33.2802],[35.5325,33.2854],[35.5321,33.2893],[35.5295,33.2956]]]},"properties":{"adm3_name":"Taybet Matjaayoun","adm2_name":"Marjaayoun","adm1_name":"El Nabatieh"}},
{"type":"Feature","geometry":{"type":"Polygon","coordinates":[[[35.5373,33.2246],[35.5339,33.2253],[35.5306,33.2237],[35.5288,33.2207],[35.5177,33.2212],[35.5126,33.2186],[35.5059,33.2184],[35.4972,33.2192],[35.4911,33.2196],[35.4869,33.2153],[35.4861,33.2111],[35.4837,33.2064],[35.4839,33.2031],[35.4858,33.2022],[35.4876,33.1919],[35.4924,33.1895],[35.5014,33.1894],[35.5064,33.1916],[35.5105,33.1914],[35.5168,33.193],[35.5223,33.1958],[35.5299,33.1963],[35.5358,33.1992],[35.5416,33.2006],[35.5374,33.2095],[35.5373,33.2246]]]},"properties":{"adm3_name":"Houla","adm2_name":"Marjaayoun","adm1_name":"El Nabatieh"}},
{"type":"Feature","geometry":{"type":"Polygon","coordinates":[[[35.4932,33.2394],[35.4866,33.239],[35.4832,33.2418],[35.4776,33.2424],[35.4736,33.2341],[35.4778,33.2297],[35.4807,33.2202],[35.4851,33.2179],[35.4869,33.2153],[35.4911,33.2196],[35.4972,33.2192],[35.5004,33.2282],[35.4977,33.2343],[35.4932,33.2362],[35.4932,33.2394]]]},"properties":{"adm3_name":"Talloussa","adm2_name":"Marjaayoun","adm1_name":"El Nabatieh"}},
{"type":"Feature","geometry":{"type":"Polygon","coordinates":[[[35.529,33.2397],[35.5268,33.2427],[35.5207,33.2436],[35.5175,33.2421],[35.5118,33.2439],[35.5074,33.2418],[35.5003,33.242],[35.4983,33.2401],[35.4932,33.2394],[35.4932,33.2362],[35.4977,33.2343],[35.5004,33.2282],[35.4972,33.2192],[35.5059,33.2184],[35.5126,33.2186],[35.5177,33.2212],[35.5288,33.2207],[35.5306,33.2237],[35.5339,33.2253],[35.5373,33.2246],[35.5371,33.2327],[35.535,33.2326],[35.5272,33.2356],[35.529,33.2397]]]},"properties":{"adm3_name":"Markaba","adm2_name":"Marjaayoun","adm1_name":"El Nabatieh"}},
{"type":"Feature","geometry":{"type":"Polygon","coordinates":[[[35.5218,33.1582],[35.5097,33.1596],[35.5049,33.1566],[35.5004,33.1569],[35.4948,33.1528],[35.4895,33.1532],[35.4838,33.1552],[35.4821,33.1542],[35.4813,33.1491],[35.481,33.1456],[35.4825,33.1419],[35.4911,33.1407],[35.494,33.1433],[35.5,33.1434],[35.5036,33.1416],[35.5072,33.1474],[35.5152,33.1478],[35.5171,33.149],[35.5218,33.1551],[35.5218,33.1582]]]},"properties":{"adm3_name":"Mhaibib","adm2_name":"Marjaayoun","adm1_name":"El Nabatieh"}},
{"type":"Feature","geometry":{"type":"Polygon","coordinates":[[[35.5423,33.199],[35.5416,33.2006],[35.5358,33.1992],[35.5299,33.1963],[35.5223,33.1958],[35.5168,33.193],[35.5105,33.1914],[35.5064,33.1916],[35.5014,33.1894],[35.4924,33.1895],[35.4876,33.1919],[35.486,33.1909],[35.4878,33.18],[35.4842,33.1754],[35.4867,33.1731],[35.4832,33.163],[35.4867,33.1593],[35.4838,33.1552],[35.4895,33.1532],[35.4948,33.1528],[35.5004,33.1569],[35.5049,33.1566],[35.5097,33.1596],[35.5218,33.1582],[35.5265,33.1586],[35.5307,33.1569],[35.5343,33.1664],[35.537,33.1764],[35.5423,33.199]]]},"properties":{"adm3_name":"Meiss Ej-Jabal","adm2_name":"Marjaayoun","adm1_name":"El Nabatieh"}},
{"type":"Feature","geometry":{"type":"Polygon","coordinates":[[[35.4426,33.2977],[35.4417,33.2958],[35.4374,33.2926],[35.4379,33.2894],[35.4399,33.2876],[35.4442,33.288],[35.4506,33.2817],[35.4595,33.2802],[35.4619,33.283],[35.4654,33.2844],[35.4714,33.2833],[35.4735,33.2794],[35.4722,33.2719],[35.474,33.2672],[35.4712,33.2601],[35.4737,33.2601],[35.4778,33.2564],[35.4809,33.2571],[35.4847,33.2556],[35.4901,33.2556],[35.4944,33.254],[35.5003,33.242],[35.5074,33.2418],[35.5031,33.2477],[35.5034,33.2503],[35.5011,33.2536],[35.506,33.2569],[35.5061,33.2607],[35.5025,33.2637],[35.5072,33.2681],[35.5051,33.2687],[35.5047,33.2729],[35.5022,33.2751],[35.5,33.2801],[35.4956,33.2829],[35.4878,33.2823],[35.4879,33.2848],[35.4917,33.2887],[35.4831,33.2891],[35.4781,33.2911],[35.4759,33.2944],[35.4716,33.2942],[35.4684,33.2962],[35.4611,33.2963],[35.4575,33.2975],[35.4542,33.2968],[35.4426,33.2977]]]},"properties":{"adm3_name":"Aadchit El-Qoussair","adm2_name":"Marjaayoun","adm1_name":"El Nabatieh"}},
{"type":"Feature","geometry":{"type":"Polygon","coordinates":[[[35.5282,33.2595],[35.5231,33.2623],[35.5072,33.2681],[35.5025,33.2637],[35.5061,33.2607],[35.506,33.2569],[35.5011,33.2536],[35.5034,33.2503],[35.5031,33.2477],[35.5074,33.2418],[35.5118,33.2439],[35.5175,33.2421],[35.5207,33.2436],[35.5268,33.2427],[35.529,33.2397],[35.5292,33.2501],[35.5302,33.2516],[35.5276,33.2551],[35.5282,33.2595]]]},"properties":{"adm3_name":"Rabb Et-Tlatine","adm2_name":"Marjaayoun","adm1_name":"El Nabatieh"}},
{"type":"Feature","geometry":{"type":"Polygon","coordinates":[[[35.4466,33.2688],[35.4465,33.2669],[35.4485,33.264],[35.4538,33.2622],[35.4548,33.2581],[35.4545,33.246],[35.4555,33.2405],[35.4597,33.2323],[35.4693,33.2367],[35.4656,33.2399],[35.4706,33.241],[35.4752,33.2448],[35.4779,33.2449],[35.478,33.2475],[35.4814,33.2509],[35.4778,33.2564],[35.4737,33.2601],[35.4712,33.2601],[35.4692,33.2602],[35.4617,33.2577],[35.4551,33.2616],[35.4574,33.2639],[35.4529,33.2686],[35.4488,33.2707],[35.4466,33.2688]]]},"properties":{"adm3_name":"Qabrikha","adm2_name":"Marjaayoun","adm1_name":"El Nabatieh"}},
{"type":"Feature","geometry":{"type":"Polygon","coordinates":[[[35.4506,33.2817],[35.4463,33.279],[35.4456,33.2751],[35.4466,33.2688],[35.4488,33.2707],[35.4529,33.2686],[35.4574,33.2639],[35.4551,33.2616],[35.4617,33.2577],[35.4692,33.2602],[35.4712,33.2601],[35.474,33.2672],[35.4722,33.2719],[35.4735,33.2794],[35.4714,33.2833],[35.4654,33.2844],[35.4619,33.283],[35.4595,33.2802],[35.4506,33.2817]]]},"properties":{"adm3_name":"Qantara","adm2_name":"Marjaayoun","adm1_name":"El Nabatieh"}},
{"type":"Feature","geometry":{"type":"Polygon","coordinates":[[[35.4776,33.2424],[35.4779,33.2449],[35.4752,33.2448],[35.4706,33.241],[35.4656,33.2399],[35.4693,33.2367],[35.4597,33.2323],[35.4412,33.2218],[35.4449,33.2137],[35.4476,33.2111],[35.4497,33.2052],[35.4517,33.2046],[35.4556,33.2003],[35.4644,33.1996],[35.4698,33.2],[35.4741,33.2034],[35.4839,33.2031],[35.4837,33.2064],[35.4861,33.2111],[35.4869,33.2153],[35.4851,33.2179],[35.4807,33.2202],[35.4778,33.2297],[35.4736,33.2341],[35.4776,33.2424]]]},"properties":{"adm3_name":"Majdel Selm","adm2_name":"Marjaayoun","adm1_name":"El Nabatieh"}},
{"type":"Feature","geometry":{"type":"Polygon","coordinates":[[[35.4279,33.2427],[35.4259,33.2397],[35.4267,33.2353],[35.4285,33.2329],[35.4287,33.2284],[35.432,33.2267],[35.4364,33.2257],[35.4412,33.2218],[35.4597,33.2323],[35.4555,33.2405],[35.4487,33.2428],[35.445,33.2432],[35.4389,33.2414],[35.4297,33.2416],[35.4279,33.2427]]]},"properties":{"adm3_name":"Saouanet Marjayoun","adm2_name":"Marjaayoun","adm1_name":"El Nabatieh"}},
{"type":"Feature","geometry":{"type":"Polygon","coordinates":[[[35.4465,33.2669],[35.4444,33.2671],[35.4406,33.2647],[35.4364,33.2642],[35.4353,33.2582],[35.4268,33.2548],[35.4262,33.2517],[35.4274,33.2439],[35.4279,33.2427],[35.4297,33.2416],[35.4389,33.2414],[35.445,33.2432],[35.4487,33.2428],[35.4555,33.2405],[35.4545,33.246],[35.4548,33.2581],[35.4538,33.2622],[35.4485,33.264],[35.4465,33.2669]]]},"properties":{"adm3_name":"Touline","adm2_name":"Marjaayoun","adm1_name":"El Nabatieh"}},
{"type":"Feature","geometry":{"type":"Polygon","coordinates":[[[35.5307,33.1569],[35.5265,33.1586],[35.5218,33.1582],[35.5218,33.1551],[35.5171,33.149],[35.5152,33.1478],[35.5072,33.1474],[35.5036,33.1416],[35.5,33.1434],[35.494,33.1433],[35.4911,33.1407],[35.4825,33.1419],[35.4805,33.1397],[35.4803,33.1337],[35.4789,33.1297],[35.479,33.1251],[35.484,33.1215],[35.4901,33.1221],[35.5011,33.1219],[35.5069,33.1194],[35.5086,33.1156],[35.5195,33.1162],[35.5319,33.1338],[35.5264,33.1394],[35.5283,33.1485],[35.5307,33.1569]]]},"properties":{"adm3_name":"Blida","adm2_name":"Marjaayoun","adm1_name":"El Nabatieh"}},
{"type":"Feature","geometry":{"type":"Polygon","coordinates":[[[35.484,33.3106],[35.4817,33.3118],[35.4782,33.3091],[35.4725,33.3115],[35.4716,33.3083],[35.463,33.3087],[35.4632,33.3119],[35.4555,33.3108],[35.4522,33.3086],[35.4485,33.3117],[35.444,33.309],[35.439,33.3078],[35.4418,33.3041],[35.4426,33.2977],[35.4542,33.2968],[35.4575,33.2975],[35.4611,33.2963],[35.4684,33.2962],[35.4716,33.2942],[35.4759,33.2944],[35.484,33.2944],[35.4881,33.2957],[35.4909,33.3018],[35.4854,33.3064],[35.484,33.3106]]]},"properties":{"adm3_name":"Aalmane Marjaayoun","adm2_name":"Marjaayoun","adm1_name":"El Nabatieh"}},
{"type":"Feature","geometry":{"type":"Polygon","coordinates":[[[35.6917,33.4674],[35.6858,33.465],[35.6845,33.4598],[35.6827,33.4562],[35.6844,33.4508],[35.6801,33.4488],[35.6731,33.4399],[35.669,33.4376],[35.6695,33.4329],[35.6616,33.4238],[35.6579,33.4232],[35.6582,33.421],[35.6567,33.4158],[35.652,33.4113],[35.6536,33.4044],[35.6528,33.398],[35.6479,33.3928],[35.6472,33.3895],[35.6444,33.3846],[35.6442,33.3804],[35.6407,33.3772],[35.6492,33.3732],[35.6476,33.377],[35.6489,33.3794],[35.6486,33.383],[35.6538,33.3859],[35.6584,33.3902],[35.6617,33.3888],[35.6647,33.3849],[35.6662,33.3778],[35.6681,33.38],[35.6748,33.3849],[35.677,33.3846],[35.6874,33.3896],[35.6943,33.3895],[35.7009,33.3901],[35.7025,33.3943],[35.6945,33.3974],[35.6973,33.4022],[35.6942,33.4051],[35.6981,33.4086],[35.6975,33.4115],[35.6949,33.414],[35.6886,33.4146],[35.6887,33.4166],[35.6849,33.4219],[35.685,33.4265],[35.6826,33.4292],[35.6857,33.4353],[35.6812,33.438],[35.6799,33.4405],[35.6851,33.4472],[35.6914,33.452],[35.6957,33.4569],[35.6955,33.4596],[35.6975,33.4642],[35.6917,33.4674]]]},"properties":{"adm3_name":"Hasbaiya","adm2_name":"Hasbaya","adm1_name":"El Nabatieh"}},
{"type":"Feature","geometry":{"type":"Polygon","coordinates":[[[35.6662,33.3778],[35.6647,33.3849],[35.6617,33.3888],[35.6584,33.3902],[35.6538,33.3859],[35.6486,33.383],[35.6489,33.3794],[35.6476,33.377],[35.6492,33.3732],[35.6568,33.3738],[35.6655,33.3766],[35.6662,33.3778]]]},"properties":{"adm3_name":"Abou Qamha","adm2_name":"Hasbaya","adm1_name":"El Nabatieh"}},
{"type":"Feature","geometry":{"type":"Polygon","coordinates":[[[35.7009,33.3901],[35.6943,33.3895],[35.6874,33.3896],[35.677,33.3846],[35.6748,33.3849],[35.6681,33.38],[35.6662,33.3778],[35.6655,33.3766],[35.6689,33.3777],[35.6737,33.3761],[35.6722,33.3739],[35.6794,33.3749],[35.6864,33.3771],[35.6889,33.3788],[35.6943,33.3793],[35.6999,33.3842],[35.7022,33.3844],[35.7009,33.3901]]]},"properties":{"adm3_name":"Aain Jarfa","adm2_name":"Hasbaya","adm1_name":"El Nabatieh"}},
{"type":"Feature","geometry":{"type":"Polygon","coordinates":[[[35.6396,33.376],[35.6389,33.3729],[35.6403,33.3707],[35.6399,33.363],[35.638,33.3617],[35.6381,33.3578],[35.6408,33.3571],[35.645,33.3583],[35.649,33.3611],[35.6505,33.365],[35.6529,33.3662],[35.6591,33.3637],[35.6664,33.3629],[35.67,33.364],[35.6721,33.366],[35.6732,33.3723],[35.6722,33.3739],[35.6737,33.3761],[35.6689,33.3777],[35.6655,33.3766],[35.6568,33.3738],[35.6492,33.3732],[35.6407,33.3772],[35.6396,33.376]]]},"properties":{"adm3_name":"Fardis Hasbaiya","adm2_name":"Hasbaya","adm1_name":"El Nabatieh"}},
{"type":"Feature","geometry":{"type":"Polygon","coordinates":[[[35.67,33.364],[35.6664,33.3629],[35.6591,33.3637],[35.6529,33.3662],[35.6505,33.365],[35.649,33.3611],[35.645,33.3583],[35.6408,33.3571],[35.6381,33.3578],[35.6353,33.3552],[35.6349,33.3522],[35.6322,33.3477],[35.632,33.3406],[35.6301,33.3369],[35.6322,33.3329],[35.6368,33.3394],[35.6416,33.3413],[35.649,33.3416],[35.655,33.3447],[35.6626,33.344],[35.6691,33.3462],[35.6698,33.3498],[35.6754,33.3518],[35.6776,33.3533],[35.6803,33.3588],[35.6773,33.3625],[35.6732,33.3618],[35.67,33.364]]]},"properties":{"adm3_name":"Rachaiya El-Foukhar","adm2_name":"Hasbaya","adm1_name":"El Nabatieh"}},
{"type":"Feature","geometry":{"type":"Polygon","coordinates":[[[35.6754,33.3518],[35.6698,33.3498],[35.6691,33.3462],[35.6626,33.344],[35.655,33.3447],[35.649,33.3416],[35.6558,33.3326],[35.6558,33.3302],[35.6583,33.3325],[35.6664,33.3347],[35.6694,33.3338],[35.6741,33.3364],[35.6758,33.3333],[35.6806,33.3344],[35.6842,33.337],[35.6919,33.3337],[35.6945,33.3333],[35.696,33.3397],[35.684,33.3447],[35.6835,33.3481],[35.681,33.3519],[35.6754,33.3518]]]},"properties":{"adm3_name":"Kfar Hamam","adm2_name":"Hasbaya","adm1_name":"El Nabatieh"}},
{"type":"Feature","geometry":{"type":"Polygon","coordinates":[[[35.7022,33.3844],[35.6999,33.3842],[35.6943,33.3793],[35.6889,33.3788],[35.6864,33.3771],[35.6794,33.3749],[35.6722,33.3739],[35.6732,33.3723],[35.6721,33.366],[35.67,33.364],[35.6732,33.3618],[35.6773,33.3625],[35.6803,33.3588],[35.6776,33.3533],[35.6754,33.3518],[35.681,33.3519],[35.6835,33.3481],[35.684,33.3447],[35.696,33.3397],[35.7071,33.3371],[35.7099,33.3353],[35.7145,33.3347],[35.7182,33.3407],[35.7206,33.3467],[35.7209,33.3554],[35.7194,33.365],[35.7157,33.3679],[35.7131,33.3736],[35.709,33.3783],[35.7112,33.3808],[35.7096,33.3871],[35.7053,33.3833],[35.7022,33.3844]]]},"properties":{"adm3_name":"Hebbariyeh","adm2_name":"Hasbaya","adm1_name":"El Nabatieh"}},
{"type":"Feature","geometry":{"type":"Polygon","coordinates":[[[35.7096,33.3871],[35.7112,33.3808],[35.709,33.3783],[35.7148,33.3792],[35.723,33.3819],[35.7269,33.3805],[35.7375,33.3808],[35.741,33.3824],[35.7489,33.3812],[35.7557,33.3789],[35.7642,33.3738],[35.77,33.3768],[35.7747,33.3817],[35.7757,33.3827],[35.7682,33.3847],[35.7587,33.3903],[35.7528,33.3886],[35.7481,33.391],[35.7395,33.3969],[35.7309,33.3948],[35.7259,33.3962],[35.7262,33.4014],[35.7185,33.4012],[35.7128,33.3975],[35.7102,33.3974],[35.7093,33.3928],[35.7108,33.3895],[35.7096,33.3871]]]},"properties":{"adm3_name":"Chouaya Hasbaiya","adm2_name":"Hasbaya","adm1_name":"El Nabatieh"}},
{"type":"Feature","geometry":{"type":"Polygon","coordinates":[[[35.6975,33.4115],[35.6981,33.4086],[35.6942,33.4051],[35.6973,33.4022],[35.6945,33.3974],[35.7025,33.3943],[35.7009,33.3901],[35.7022,33.3844],[35.7053,33.3833],[35.7096,33.3871],[35.7108,33.3895],[35.7093,33.3928],[35.7102,33.3974],[35.7128,33.3975],[35.7185,33.4012],[35.716,33.4075],[35.7106,33.4068],[35.7081,33.4076],[35.7048,33.4114],[35.6996,33.4124],[35.6975,33.4115]]]},"properties":{"adm3_name":"Aain Qinia","adm2_name":"Hasbaya","adm1_name":"El Nabatieh"}},
{"type":"Feature","geometry":{"type":"Polygon","coordinates":[[[35.7106,33.4621],[35.7049,33.4637],[35.7019,33.4597],[35.6955,33.4596],[35.6957,33.4569],[35.6914,33.452],[35.6851,33.4472],[35.6799,33.4405],[35.6812,33.438],[35.6857,33.4353],[35.6826,33.4292],[35.685,33.4265],[35.6849,33.4219],[35.6887,33.4166],[35.6886,33.4146],[35.6949,33.414],[35.6975,33.4115],[35.6996,33.4124],[35.7048,33.4114],[35.7081,33.4076],[35.7106,33.4068],[35.716,33.4075],[35.7205,33.411],[35.722,33.4137],[35.7271,33.4175],[35.7264,33.4213],[35.7229,33.425],[35.7191,33.4306],[35.7089,33.4266],[35.7036,33.4272],[35.7043,33.4308],[35.7092,33.4326],[35.7108,33.4375],[35.7147,33.4379],[35.714,33.4462],[35.7124,33.4491],[35.7141,33.4524],[35.7145,33.4584],[35.7106,33.4621]]]},"properties":{"adm3_name":"Meimes","adm2_name":"Hasbaya","adm1_name":"El Nabatieh"}},
{"type":"Feature","geometry":{"type":"Polygon","coordinates":[[[35.7747,33.3817],[35.77,33.3768],[35.7642,33.3738],[35.7557,33.3789],[35.7489,33.3812],[35.741,33.3824],[35.7375,33.3808],[35.7269,33.3805],[35.723,33.3819],[35.7148,33.3792],[35.709,33.3783],[35.7131,33.3736],[35.7157,33.3679],[35.7194,33.365],[35.7209,33.3554],[35.7206,33.3467],[35.7234,33.3439],[35.7253,33.3393],[35.7282,33.3375],[35.73,33.3332],[35.7348,33.3282],[35.7396,33.326],[35.7461,33.3254],[35.7537,33.3274],[35.768,33.3324],[35.778,33.3346],[35.7904,33.3418],[35.7958,33.3454],[35.7886,33.3467],[35.7851,33.3493],[35.7808,33.3499],[35.7764,33.3524],[35.7766,33.3554],[35.77,33.3579],[35.7674,33.3618],[35.7638,33.3635],[35.7744,33.3773],[35.7747,33.3817]]]},"properties":{"adm3_name":"Chebaa","adm2_name":"Hasbaya","adm1_name":"El Nabatieh"}},
{"type":"Feature","geometry":{"type":"Polygon","coordinates":[[[35.7445,33.4792],[35.7403,33.478],[35.7356,33.4763],[35.728,33.4717],[35.7228,33.4675],[35.7251,33.4662],[35.7302,33.4557],[35.7401,33.4566],[35.7436,33.4524],[35.7572,33.4547],[35.7606,33.4563],[35.759,33.4602],[35.7552,33.4641],[35.7585,33.4666],[35.7578,33.4697],[35.751,33.4738],[35.7445,33.4792]]]},"properties":{"adm3_name":"Marj Ez-Zouhour (Haouch El-Qinnaabeh)","adm2_name":"Hasbaya","adm1_name":"El Nabatieh"}},
{"type":"Feature","geometry":{"type":"Polygon","coordinates":[[[35.6567,33.4158],[35.6467,33.416],[35.6428,33.4175],[35.6377,33.4151],[35.6404,33.4122],[35.6412,33.4089],[35.6356,33.4042],[35.6322,33.4043],[35.6291,33.3994],[35.6252,33.3988],[35.6211,33.3942],[35.6189,33.3879],[35.6161,33.3851],[35.6183,33.3786],[35.6209,33.3731],[35.6208,33.3676],[35.6269,33.3692],[35.6349,33.3729],[35.6396,33.376],[35.6407,33.3772],[35.6442,33.3804],[35.6444,33.3846],[35.6472,33.3895],[35.6479,33.3928],[35.6528,33.398],[35.6536,33.4044],[35.652,33.4113],[35.6567,33.4158]]]},"properties":{"adm3_name":"Kaoukaba Hasbaiya","adm2_name":"Hasbaya","adm1_name":"El Nabatieh"}},
{"type":"Feature","geometry":{"type":"Polygon","coordinates":[[[35.6295,33.2947],[35.6252,33.2878],[35.6208,33.2841],[35.6187,33.2814],[35.62,33.2772],[35.6188,33.2742],[35.6217,33.273],[35.6258,33.2739],[35.6376,33.2779],[35.6391,33.2822],[35.6351,33.2853],[35.6323,33.2897],[35.6326,33.2926],[35.6295,33.2947]]]},"properties":{"adm3_name":"Salaiyeb","adm2_name":"Hasbaya","adm1_name":"El Nabatieh"}},
{"type":"Feature","geometry":{"type":"Polygon","coordinates":[[[35.6211,33.3942],[35.6252,33.3988],[35.6291,33.3994],[35.6322,33.4043],[35.6356,33.4042],[35.6412,33.4089],[35.6404,33.4122],[35.6377,33.4151],[35.632,33.4186],[35.6328,33.4198],[35.631,33.4249],[35.6248,33.4212],[35.6243,33.4155],[35.623,33.4122],[35.6191,33.4139],[35.6178,33.4164],[35.6107,33.4135],[35.6093,33.4099],[35.6078,33.4036],[35.606,33.4022],[35.6107,33.3982],[35.6201,33.3956],[35.6211,33.3942]]]},"properties":{"adm3_name":"Bourghos","adm2_name":"Hasbaya","adm1_name":"El Nabatieh"}},
{"type":"Feature","geometry":{"type":"Polygon","coordinates":[[[35.6354,33.3295],[35.6327,33.3259],[35.6329,33.3207],[35.6383,33.312],[35.6421,33.3099],[35.6388,33.3073],[35.6387,33.3051],[35.6501,33.3019],[35.6543,33.3027],[35.6567,33.3113],[35.6568,33.3192],[35.6536,33.3247],[35.6474,33.3249],[35.6463,33.3296],[35.6375,33.3306],[35.6354,33.3295]]]},"properties":{"adm3_name":"Meri","adm2_name":"Hasbaya","adm1_name":"El Nabatieh"}},
{"type":"Feature","geometry":{"type":"Polygon","coordinates":[[[35.7206,33.3467],[35.7182,33.3407],[35.7145,33.3347],[35.7099,33.3353],[35.7071,33.3371],[35.696,33.3397],[35.6945,33.3333],[35.6919,33.3337],[35.6842,33.337],[35.6806,33.3344],[35.6758,33.3333],[35.6741,33.3364],[35.6694,33.3338],[35.6664,33.3347],[35.6583,33.3325],[35.6558,33.3302],[35.6536,33.3247],[35.6568,33.3192],[35.6567,33.3113],[35.6543,33.3027],[35.6564,33.3028],[35.66,33.3001],[35.6677,33.2981],[35.6765,33.2989],[35.6814,33.2966],[35.6875,33.2979],[35.6911,33.2957],[35.7069,33.3029],[35.7091,33.305],[35.7116,33.3148],[35.7152,33.3241],[35.7203,33.3275],[35.7268,33.3291],[35.7348,33.3282],[35.73,33.3332],[35.7282,33.3375],[35.7253,33.3393],[35.7234,33.3439],[35.7206,33.3467]]]},"properties":{"adm3_name":"Kfar Chouba","adm2_name":"Hasbaya","adm1_name":"El Nabatieh"}},
{"type":"Feature","geometry":{"type":"Polygon","coordinates":[[[35.773,33.4171],[35.7687,33.4235],[35.7611,33.4197],[35.7564,33.4156],[35.7567,33.4123],[35.7504,33.4114],[35.7456,33.4121],[35.7424,33.419],[35.7353,33.421],[35.7294,33.4247],[35.7229,33.425],[35.7264,33.4213],[35.7271,33.4175],[35.722,33.4137],[35.7205,33.411],[35.716,33.4075],[35.7185,33.4012],[35.7262,33.4014],[35.7259,33.3962],[35.7309,33.3948],[35.7395,33.3969],[35.7481,33.391],[35.7528,33.3886],[35.7587,33.3903],[35.7682,33.3847],[35.7757,33.3827],[35.7812,33.3935],[35.7885,33.4031],[35.786,33.4069],[35.7808,33.4054],[35.7769,33.4067],[35.7773,33.4111],[35.773,33.4171]]]},"properties":{"adm3_name":"Khalouet Hasbaiya","adm2_name":"Hasbaya","adm1_name":"El Nabatieh"}},
{"type":"Feature","geometry":{"type":"Polygon","coordinates":[[[35.7228,33.4675],[35.7156,33.4661],[35.7106,33.4621],[35.7145,33.4584],[35.7141,33.4524],[35.7124,33.4491],[35.714,33.4462],[35.7147,33.4379],[35.7108,33.4375],[35.7092,33.4326],[35.7043,33.4308],[35.7036,33.4272],[35.7089,33.4266],[35.7191,33.4306],[35.7229,33.425],[35.7294,33.4247],[35.7353,33.421],[35.7424,33.419],[35.7456,33.4121],[35.7504,33.4114],[35.7567,33.4123],[35.7564,33.4156],[35.7611,33.4197],[35.7687,33.4235],[35.7669,33.4261],[35.7675,33.4292],[35.7588,33.4348],[35.759,33.439],[35.7551,33.4415],[35.7533,33.4487],[35.7562,33.4508],[35.7572,33.4547],[35.7436,33.4524],[35.7401,33.4566],[35.7302,33.4557],[35.7251,33.4662],[35.7228,33.4675]]]},"properties":{"adm3_name":"Kfayr Ez-Zait","adm2_name":"Hasbaya","adm1_name":"El Nabatieh"}},
{"type":"Feature","geometry":{"type":"Polygon","coordinates":[[[35.6543,33.3027],[35.6501,33.3019],[35.6387,33.3051],[35.6352,33.3019],[35.6295,33.2947],[35.6326,33.2926],[35.6323,33.2897],[35.6351,33.2853],[35.6391,33.2822],[35.6376,33.2779],[35.6436,33.2799],[35.659,33.2744],[35.6705,33.2839],[35.6743,33.2855],[35.6868,33.2947],[35.6911,33.2957],[35.6875,33.2979],[35.6814,33.2966],[35.6765,33.2989],[35.6677,33.2981],[35.66,33.3001],[35.6564,33.3028],[35.6543,33.3027]]]},"properties":{"adm3_name":"Majidiyeh Hasbaiya","adm2_name":"Hasbaya","adm1_name":"El Nabatieh"}},
{"type":"Feature","geometry":{"type":"Polygon","coordinates":[[[35.6465,33.4353],[35.6369,33.4285],[35.6317,33.4279],[35.631,33.4249],[35.6328,33.4198],[35.632,33.4186],[35.6377,33.4151],[35.6428,33.4175],[35.6467,33.416],[35.6567,33.4158],[35.6582,33.421],[35.656,33.4264],[35.6533,33.4294],[35.6496,33.4358],[35.6465,33.4353]]]},"properties":{"adm3_name":"Dellafeh","adm2_name":"Hasbaya","adm1_name":"El Nabatieh"}},
{"type":"Feature","geometry":{"type":"Polygon","coordinates":[[[35.649,33.3416],[35.6416,33.3413],[35.6368,33.3394],[35.6322,33.3329],[35.6354,33.3295],[35.6375,33.3306],[35.6463,33.3296],[35.6474,33.3249],[35.6536,33.3247],[35.6558,33.3302],[35.6558,33.3326],[35.649,33.3416]]]},"properties":{"adm3_name":"Khreibet Hasbaiya","adm2_name":"Hasbaya","adm1_name":"El Nabatieh"}}
]}